Vertex ,f1,f2,f3,f4,f5,f6,f7,f8,f9,f10,f11,f12,f13,f14,f15,f16
0,0.749816048,0.980285723,0.892797577,0.839463394,0.662407456,0.662397808,0.623233445,0.946470458,0.840446005,0.883229031,0.608233798,0.987963941,0.932977056,0.684935644,0.672729987,0.673361804
1,0.721696897,0.809902573,0.772778007,0.716491656,0.844741158,0.655797544,0.716857859,0.746544737,0.782427994,0.914070385,0.679869513,0.805693775,0.836965828,0.618580165,0.843017941,0.668209649
2,0.626020637,0.979554215,0.986252813,0.923358939,0.721845508,0.639068846,0.873693211,0.776060997,0.648815294,0.798070764,0.613755408,0.963728161,0.703511993,0.865008914,0.72468443,0.808027208
3,0.818684112,0.673941782,0.987833851,0.910053129,0.975799577,0.95793094,0.839159992,0.968749694,0.635397001,0.678393145,0.618090916,0.730132132,0.755470916,0.708539613,0.931495004,0.742701331
4,0.712373804,0.817078433,0.65636969,0.920878792,0.629820257,0.994754775,0.908897908,0.679486273,0.602208847,0.926184571,0.882742938,0.891602867,0.908508139,0.629617861,0.743386291,0.646347624
5,0.94524137,0.849319251,0.73235921,0.62542334,0.724392929,0.730073329,0.891842471,0.855022989,0.954885097,0.78888597,0.647837698,0.885297915,0.904314019,0.824510879,0.908386872,0.797518239
6,0.809093132,0.771016407,0.610167651,0.643156571,0.612571674,0.854564165,0.725742392,0.803428276,0.96302659,0.699716892,0.764153169,0.902220455,0.691519266,0.630791964,0.715900581,0.664488515
7,0.971879061,0.923248152,0.853361503,0.948584236,0.921468831,0.674628024,0.957023599,0.815736897,0.922976062,0.95843652,0.72720139,0.64402077,0.691174065,0.770843115,0.927205906,0.944292233
8,0.602780852,0.804298921,0.766964401,0.688843124,0.647946147,0.735046069,0.977163882,0.729281173,0.807516249,0.881207584,0.745451841,0.988712833,0.984978918,0.700712918,0.798899402,0.720351324
9,0.713936198,0.614754779,0.843825734,0.801071609,0.6205915,0.711458586,0.963306354,0.695824756,0.657957949,0.795781104,0.994260182,0.696822109,0.868854219,0.904647846,0.695055018,0.891286539
10,0.747113253,0.852922332,0.853411884,0.814309874,0.636115908,0.934120998,0.728312026,0.674607404,0.616310057,0.836357177,0.871025745,0.606635132,0.804837223,0.69059831,0.858069116,0.669746572
11,0.876375095,0.754694139,0.974691995,0.655008378,0.73642654,0.645389408,0.969877447,0.950935741,0.703176651,0.863993618,0.92688888,0.822080325,0.811860231,0.696740916,0.637241107,0.958886303
12,0.960167223,0.853240583,0.735611916,0.73968383,0.890382272,0.958844104,0.95483457,0.911950218,0.856812658,0.633655986,0.664651486,0.959421675,0.842571624,0.603678821,0.640588617,0.865400708
13,0.602024634,0.664323221,0.819493516,0.876758079,0.860784504,0.689707724,0.884871689,0.694899635,0.730159879,0.898596562,0.85985316,0.939689364,0.863045157,0.827323441,0.637469907,0.747086321
14,0.706080947,0.697595857,0.989204222,0.75723909,0.956818622,0.85245545,0.917924521,0.801054837,0.830761554,0.797007078,0.678097195,0.888980846,0.712308945,0.609726387,0.858188918,0.670844272
15,0.976183434,0.981571431,0.965945756,0.74806348,0.606182647,0.971327425,0.771273659,0.986661928,0.985447991,0.941203782,0.717779557,0.754039091,0.940454669,0.726768802,0.667797099,0.822720505
16,0.97446191,0.878411919,0.828024468,0.638870598,0.846002891,0.99602154,0.656033606,0.807331861,0.950949229,0.896307447,0.878806296,0.880993634,0.74379646,0.717436738,0.923744462,0.924045358
17,0.946828927,0.965296221,0.80453696,0.800606518,0.919318072,0.859985572,0.880786751,0.918317068,0.956002137,0.735198063,0.750233181,0.637592776,0.831312056,0.61437691,0.786239207,0.817057854
18,0.714616501,0.836333304,0.6122001,0.614939275,0.929040224,0.744076257,0.650824205,0.808897304,0.907997421,0.686328411,0.84915619,0.634138986,0.620672688,0.812541853,0.816254049,0.854971961
19,0.890436533,0.990340832,0.806520139,0.729182589,0.918074478,0.708332901,0.775588568,0.631382553,0.610140297,0.985059366,0.934392048,0.878389682,0.763581178,0.669317728,0.662574817,0.700097159
20,0.819690666,0.885838369,0.864078951,0.711973559,0.981946112,0.895158767,0.821741621,0.844688298,0.767840025,0.699092396,0.742389071,0.903138444,0.605757395,0.646429056,0.618401057,0.616291521
21,0.942184234,0.881463144,0.789669532,0.639133664,0.79664635,0.789388708,0.669280748,0.77354066,0.759401894,0.846340039,0.85403746,0.618121604,0.749845046,0.850343966,0.801254503,0.942595936
22,0.863477453,0.665173771,0.628227499,0.856967711,0.610604524,0.834310233,0.976092097,0.830189671,0.75526797,0.857315287,0.783301156,0.818246716,0.976585924,0.754441055,0.984476226,0.962140257
23,0.678316454,0.62774452,0.640311201,0.60728873,0.637777184,0.873202709,0.628475459,0.727590252,0.937950124,0.609308774,0.925787393,0.71274191,0.647265931,0.878694866,0.851577139,0.950988805
24,0.894028418,0.921392372,0.712813829,0.670975818,0.900245901,0.922733896,0.996202057,0.765047071,0.748807234,0.910565184,0.736321416,0.97230293,0.943365101,0.771597611,0.900348427,0.90181715
25,0.641249548,0.961021163,0.802100949,0.930582986,0.72801984,0.958209291,0.755680671,0.604335061,0.962152791,0.636514671,0.727725455,0.980024787,0.980242859,0.829375155,0.852734885,0.779378209
26,0.717284309,0.731465818,0.869007382,0.900949812,0.916631617,0.915847257,0.636482441,0.797768122,0.623023504,0.819811553,0.776612201,0.955081673,0.740366005,0.646826807,0.657196673,0.904604253
27,0.847287225,0.64044907,0.633642722,0.880387653,0.629105203,0.928744024,0.882496891,0.632539512,0.633935086,0.994655831,0.749708318,0.748256859,0.925119827,0.978899431,0.994400426,0.901351274
28,0.750503834,0.633400287,0.910858766,0.8233617,0.769688804,0.962541754,0.644478993,0.797050042,0.604541458,0.787464257,0.62252131,0.647527167,0.647010499,0.859684121,0.898417952,0.833347506
29,0.984869019,0.749948232,0.714284835,0.947439651,0.689438335,0.985289016,0.60486179,0.987951531,0.617263965,0.956457245,0.811080444,0.997185918,0.629518626,0.821541714,0.987721014,0.809239138
30,0.851759455,0.878299476,0.781816426,0.851023232,0.833725725,0.960463204,0.618178552,0.712385276,0.980164594,0.956105514,0.782262701,0.848053039,0.710952473,0.675248464,0.785479362,0.741340891
31,0.833462445,0.631093855,0.989757923,0.994484298,0.879264686,0.814438547,0.723811047,0.925518008,0.873892469,0.665046776,0.964370874,0.929014897,0.979919965,0.890287803,0.845366078,0.767297215
32,0.973091393,0.946425556,0.618087468,0.61054679,0.750585347,0.924221332,0.994910452,0.660166756,0.837652286,0.752356343,0.987965759,0.936847569,0.935331482,0.787477264,0.765927801,0.709362829
33,0.622550199,0.945888951,0.925160404,0.999887069,0.998654735,0.822172682,0.907594966,0.977906292,0.939858956,0.698939241,0.780217654,0.651663766,0.981620411,0.842469854,0.691457122,0.868680274
34,0.847251296,0.743265087,0.645423037,0.868629278,0.80812308,0.908927357,0.8080654,0.9408726,0.820762736,0.824375189,0.950661441,0.761393146,0.653606091,0.611513071,0.902054902,0.848123821
35,0.881631907,0.685185665,0.65454859,0.605817866,0.740235024,0.835967075,0.756897618,0.774989969,0.961663478,0.739302187,0.805595796,0.913461205,0.758617113,0.84883468,0.944945483,0.979808249
36,0.658829392,0.97063505,0.796846517,0.703297755,0.783654302,0.99201303,0.797047238,0.731500644,0.853360342,0.696058248,0.630345331,0.651551889,0.651218336,0.660761077,0.655530869,0.856349898
37,0.672752034,0.738266913,0.958715364,0.789584656,0.867023095,0.668927948,0.676915608,0.616347447,0.667574025,0.711436136,0.670804194,0.635481014,0.648254348,0.784311507,0.682533487,0.745707944
38,0.801366908,0.876157931,0.615724856,0.91976416,0.851160156,0.632703613,0.94943145,0.96834896,0.624431184,0.710751059,0.922480512,0.899303876,0.673808408,0.683739729,0.748188841,0.793809194
39,0.847301909,0.747565456,0.785013886,0.898988375,0.614673281,0.700974778,0.885339834,0.958082735,0.804670977,0.812845394,0.642868805,0.778964947,0.813046907,0.696988201,0.707697292,0.750913665
40,0.608028479,0.728831666,0.684579203,0.730998941,0.647904853,0.956210912,0.837436981,0.871640928,0.915668495,0.79937688,0.634768115,0.814842617,0.834736447,0.89817579,0.772663818,0.651032121
41,0.713510362,0.745232919,0.858366897,0.828311322,0.74243869,0.9946061,0.842309928,0.694890717,0.640712989,0.661143656,0.698383091,0.664272549,0.67462681,0.714038067,0.669349438,0.95870617
42,0.632093498,0.809804556,0.764158731,0.992951447,0.644815561,0.75914224,0.987788173,0.94620285,0.926828828,0.703161131,0.668355035,0.867457288,0.971750396,0.822705157,0.828645076,0.711991637
43,0.907797173,0.674817499,0.729471695,0.770174575,0.803044151,0.696963893,0.64593473,0.844248017,0.715452221,0.832495289,0.661745086,0.792456041,0.813035773,0.620729415,0.734641711,0.653765871
44,0.625349988,0.995984093,0.728941538,0.923949778,0.701856262,0.872601089,0.904091144,0.838255496,0.788630475,0.764736366,0.739547307,0.971811658,0.932247763,0.986010764,0.649718889,0.89234699
45,0.975336183,0.672493226,0.626598507,0.89644826,0.829789245,0.936731511,0.655908951,0.918106925,0.680650928,0.665462377,0.665706319,0.925829888,0.866078888,0.80922617,0.743532194,0.950880216
46,0.756978043,0.926639776,0.775653963,0.750777772,0.785071914,0.72055115,0.899043752,0.801088156,0.692885078,0.959829829,0.753556489,0.817421144,0.962588844,0.849695198,0.646759216,0.975932849
47,0.851083221,0.733962246,0.655708829,0.917610076,0.848029102,0.813384437,0.957557033,0.915438884,0.660669952,0.724688827,0.699395656,0.897578517,0.613412974,0.827955874,0.904983474,0.950706255
48,0.736832699,0.928502922,0.644252695,0.938580917,0.650995465,0.758914916,0.918918146,0.659966971,0.691700558,0.888901027,0.888014615,0.856459053,0.877579378,0.817089777,0.700719624,0.738278397
49,0.672639087,0.963380225,0.833356718,0.760340567,0.784802321,0.978913336,0.661340561,0.834491933,0.802355472,0.844581694,0.607244074,0.948849564,0.972847313,0.826053273,0.87866033,0.968999752
50,0.882895454,0.661015617,0.830515344,0.842686019,0.769652269,0.894577694,0.973746806,0.970227405,0.780335749,0.645295218,0.99393648,0.935559235,0.649865072,0.968336753,0.947958545,0.807535223
51,0.836510174,0.759601082,0.621904656,0.734078897,0.921141379,0.601852809,0.733399669,0.759267477,0.814958241,0.967942247,0.738538398,0.738781281,0.895000499,0.780887176,0.689841929,0.780975806
52,0.656342808,0.670554795,0.799347109,0.76757018,0.96593836,0.74495756,0.83223534,0.852905715,0.605237783,0.865414949,0.671214387,0.984428127,0.659465091,0.765849649,0.634139867,0.998749701
53,0.800878004,0.838154007,0.626830591,0.899984188,0.683962237,0.959221716,0.682055856,0.676275088,0.614619867,0.788826778,0.825936453,0.626283456,0.910211047,0.781315534,0.809756108,0.776305099
54,0.760305224,0.823856133,0.662096098,0.672771252,0.944714248,0.978446185,0.749323727,0.708297869,0.857599817,0.763493668,0.610154542,0.662461039,0.886388892,0.863569577,0.610838397,0.688788865
55,0.692429919,0.868757097,0.607884215,0.641643433,0.919966434,0.671417865,0.861098443,0.695273112,0.639776557,0.697268876,0.888906773,0.942278587,0.932087946,0.758873412,0.867234055,0.681993718
56,0.717259092,0.958534327,0.605200769,0.634203412,0.683154502,0.610612882,0.672574174,0.833216624,0.76856982,0.957068684,0.926977425,0.736726941,0.703769373,0.751876963,0.836117977,0.707225456
57,0.849659563,0.763764661,0.820818872,0.774450612,0.717786304,0.979381323,0.905442318,0.65604527,0.94738719,0.794972479,0.957820891,0.919942102,0.770085402,0.608987723,0.707470944,0.816653686
58,0.853391288,0.703155074,0.65574243,0.933972095,0.993760872,0.810276073,0.668671714,0.708922931,0.607356271,0.965719523,0.647100433,0.83060659,0.709622088,0.821671201,0.860568155,0.931896721
59,0.682568509,0.604398331,0.654754252,0.960007457,0.949556031,0.838965241,0.840206744,0.86601467,0.670148511,0.965764778,0.76750821,0.753255411,0.807567082,0.618786387,0.666513348,0.895213447
60,0.633119467,0.841260844,0.698139644,0.755718246,0.715477495,0.742269087,0.887618362,0.718848686,0.826561856,0.790420161,0.865468466,0.974731896,0.893028839,0.685976151,0.612473254,0.704905618
61,0.838031172,0.620570325,0.798546499,0.83873714,0.733697556,0.908364881,0.642639301,0.630055113,0.891275502,0.798196526,0.875360959,0.773930935,0.698560813,0.927640927,0.919766352,0.877878588
62,0.708858055,0.836092267,0.744389559,0.636632829,0.96692543,0.654727452,0.980094942,0.778402309,0.674053172,0.816760379,0.949178334,0.892889955,0.922624459,0.863513347,0.876910626,0.939678261
63,0.699867204,0.795769985,0.688483777,0.995067203,0.977623736,0.615770725,0.882230069,0.970099327,0.672230138,0.827178092,0.966195319,0.613578391,0.878968107,0.718939603,0.969758478,0.988423298
64,0.977706596,0.789685687,0.94481706,0.937819759,0.727640189,0.93156619,0.614803054,0.838507951,0.692003535,0.648226754,0.630781281,0.87851551,0.735949986,0.889906709,0.626142536,0.726116135
65,0.815796517,0.916289266,0.727501001,0.850356551,0.954391099,0.846345275,0.69318379,0.609760313,0.94803955,0.608507764,0.949880669,0.811574854,0.975627079,0.919513294,0.999173644,0.740284726
66,0.906875316,0.760772365,0.791950248,0.851002185,0.949470846,0.993633388,0.907309366,0.767106713,0.768542801,0.895032921,0.695510858,0.644189645,0.741848863,0.714895597,0.718523248,0.6934431
67,0.616837276,0.607149574,0.995088956,0.771109253,0.753730659,0.871858913,0.687301555,0.979984474,0.914538006,0.635764401,0.76703231,0.951647323,0.977892809,0.786960604,0.845364556,0.666813578
68,0.99646745,0.692668681,0.97709271,0.85985866,0.843094718,0.805075404,0.692267925,0.670611213,0.688194484,0.674575305,0.911833789,0.740050104,0.623137071,0.987641052,0.953514354,0.971100913
69,0.997963129,0.6695581,0.758496808,0.90329539,0.878408247,0.661558363,0.92633325,0.689776229,0.689527046,0.814789769,0.837175974,0.832034483,0.636594735,0.950984345,0.706240017,0.651805969
70,0.955499232,0.982260599,0.944851047,0.92380643,0.862096792,0.820342948,0.634794704,0.763381285,0.749075407,0.703901514,0.889368045,0.798350294,0.632418486,0.688073281,0.873303505,0.630452344
71,0.940482766,0.798058611,0.792234631,0.836963114,0.929872386,0.739123683,0.871206461,0.826292786,0.706811308,0.951451995,0.918970409,0.863380734,0.940232692,0.94691768,0.883345191,0.934805331
72,0.878988585,0.872056309,0.847444551,0.901086656,0.663442042,0.952348304,0.948737411,0.611698913,0.9303267,0.651547947,0.734047542,0.897403303,0.664303958,0.92718681,0.932853671,0.802987094
73,0.602554349,0.714815253,0.846770767,0.992474471,0.852725411,0.703921432,0.853602281,0.815994152,0.911938158,0.642792256,0.904411161,0.816506631,0.985196802,0.736748866,0.853048757,0.972811242
74,0.641003891,0.974891395,0.875154289,0.627134824,0.720385427,0.883268835,0.626940241,0.832868184,0.738353223,0.848366207,0.618296814,0.948614722,0.989395588,0.987551142,0.899860733,0.652034496
75,0.903305278,0.609834767,0.608849421,0.729444088,0.795457276,0.908162967,0.873318151,0.778361083,0.709450667,0.9988498,0.770472521,0.78055481,0.665449528,0.917923819,0.87747289,0.688307845
76,0.632952418,0.872199721,0.861804486,0.709303811,0.980345425,0.660423157,0.77293392,0.977446368,0.767890927,0.855410379,0.759037759,0.709686081,0.993591059,0.763733603,0.957639681,0.691981842
77,0.685241882,0.612453633,0.86066673,0.747410537,0.9457433,0.789283963,0.987277371,0.674210206,0.947449267,0.910638741,0.908368738,0.937913291,0.904409596,0.850488129,0.652497951,0.613010472
78,0.968339139,0.846660126,0.918614916,0.792608941,0.646923276,0.650074317,0.874226115,0.772122358,0.680209891,0.796637819,0.625683575,0.832788561,0.707597362,0.91902364,0.724144784,0.78208806
79,0.604648216,0.628978755,0.756997423,0.791975534,0.840008219,0.716665031,0.877992754,0.944048959,0.911940396,0.61584753,0.792202779,0.641972071,0.696818006,0.994665037,0.656998217,0.799555261
80,0.847262294,0.880985988,0.823859473,0.603908339,0.730584523,0.807084657,0.6351466,0.740250772,0.613281244,0.631431399,0.75876931,0.653086302,0.827016339,0.875785988,0.92023468,0.680060098
81,0.666993033,0.641827136,0.8545721,0.882590291,0.612634458,0.974484898,0.620788513,0.816518534,0.883624208,0.948387649,0.885634773,0.920691233,0.735780077,0.925930045,0.632045939,0.957926662
82,0.81903695,0.926919108,0.780927314,0.857431078,0.810561064,0.892635809,0.632651993,0.624140834,0.698841294,0.663817872,0.948713427,0.687685595,0.990346102,0.734758317,0.672847166,0.915879403
83,0.86348311,0.799278287,0.82214542,0.887680711,0.691381897,0.998533566,0.989917265,0.860130275,0.67981698,0.872091297,0.628879364,0.612261001,0.703073155,0.785049183,0.947309002,0.890867628
84,0.897082608,0.770197334,0.738373997,0.748415505,0.995059825,0.616043677,0.946812598,0.831470163,0.775446168,0.890103064,0.794667577,0.949369295,0.960280746,0.768688371,0.710731119,0.836940131
85,0.964945338,0.684264876,0.849186633,0.852624088,0.893245209,0.652627074,0.886329986,0.963613008,0.671873244,0.69501733,0.988558038,0.672390781,0.941754037,0.796911143,0.69889243,0.948299961
86,0.778122102,0.805926942,0.743693348,0.837180341,0.665409549,0.756432615,0.987764929,0.703253373,0.862694666,0.730076026,0.90938925,0.652349464,0.987928418,0.781515817,0.694420185,0.629398699
87,0.667903162,0.807909579,0.734801271,0.931553346,0.772355009,0.699485709,0.846857995,0.882710887,0.666816763,0.667047687,0.614668571,0.894560806,0.865521811,0.78985235,0.93766818,0.922268061
88,0.834141746,0.947308512,0.682336484,0.644767848,0.707899845,0.622834742,0.812467811,0.974642277,0.615737416,0.648843966,0.780879611,0.973550007,0.726462442,0.802893923,0.616629144,0.65933728
89,0.994652049,0.986047479,0.601975992,0.980724714,0.855647975,0.947167318,0.781895942,0.806238411,0.795538632,0.866745703,0.655860502,0.611989436,0.723171977,0.881872305,0.680741381,0.869372973
90,0.987964818,0.637560286,0.869040847,0.777500088,0.947256902,0.670859916,0.877050381,0.935246116,0.977845688,0.873299211,0.798869906,0.847138896,0.947561994,0.828243899,0.612154824,0.972379478
91,0.8758107,0.870605354,0.686270061,0.863554188,0.757545762,0.860493191,0.642637212,0.863138122,0.99976549,0.619284816,0.990869674,0.762763184,0.94830138,0.912954194,0.826806504,0.895379684
92,0.951406225,0.761656129,0.730813265,0.867037354,0.923138377,0.904914054,0.91912546,0.774233326,0.927133686,0.648083622,0.817795639,0.602303464,0.729834332,0.746584614,0.758469077,0.878186883
93,0.755423241,0.779477449,0.695017652,0.749300717,0.690907851,0.62927837,0.841379437,0.867285119,0.847796138,0.785397618,0.751914312,0.94533346,0.807632714,0.791672751,0.610256826,0.736499131
94,0.752078248,0.759529112,0.832068948,0.813441019,0.843162037,0.905953305,0.925194295,0.88724923,0.982209478,0.607293033,0.678311194,0.60302515,0.858989886,0.95921222,0.697392919,0.970813818
95,0.624106956,0.973774411,0.740649075,0.640568331,0.794348704,0.702710627,0.713949161,0.722915986,0.921210359,0.815664511,0.72452308,0.844133513,0.88646027,0.7090496,0.765419641,0.648754437
96,0.67245974,0.872447142,0.672575339,0.810065353,0.883618505,0.642750769,0.826924888,0.702625113,0.98517075,0.793418259,0.92239702,0.820090617,0.617365013,0.85326055,0.980561337,0.840644728
97,0.927675544,0.953682585,0.691231909,0.684817936,0.844392396,0.764411388,0.935944521,0.960009249,0.741368552,0.694748224,0.912210206,0.709922414,0.929045727,0.769495301,0.86701996,0.638214126
98,0.84954373,0.780707071,0.834643385,0.667205683,0.894749498,0.945118831,0.68669592,0.638285822,0.609455434,0.8567886,0.842837614,0.818678965,0.692778838,0.756362398,0.837790534,0.798706744
99,0.995114208,0.654575901,0.878057822,0.761727507,0.771279846,0.887039106,0.876974461,0.996502397,0.651357716,0.64164386,0.889735527,0.831354767,0.709664267,0.631767748,0.6342633,0.95767635
100,0.67674693,0.729348625,0.690662561,0.741998522,0.627769537,0.807623916,0.627045025,0.920142603,0.693484833,0.816004766,0.952031635,0.860350948,0.813183115,0.729733501,0.733200765,0.867794782
101,0.997655744,0.864735676,0.823113367,0.892260204,0.786082245,0.624056937,0.824918726,0.983050114,0.670121177,0.876001956,0.680373475,0.814331074,0.63867058,0.780148375,0.902465332,0.73902861
102,0.86596469,0.918179984,0.970871128,0.693856833,0.759726366,0.660966405,0.996993401,0.970800387,0.815982852,0.936813318,0.808383191,0.849434275,0.635649773,0.902108168,0.651085393,0.930427052
103,0.912811235,0.883497879,0.614464152,0.721251342,0.705245028,0.744054563,0.635057099,0.974783129,0.821520896,0.722209724,0.758792607,0.778881016,0.840237733,0.806271771,0.967756789,0.798785393
104,0.996863206,0.940569983,0.683404206,0.972238086,0.646546559,0.926979883,0.752249317,0.951189728,0.947222676,0.92237016,0.916012175,0.721871656,0.632367713,0.761192072,0.669409806,0.877980436
105,0.738439891,0.99024408,0.856388831,0.928992225,0.653009869,0.944805793,0.969102876,0.794824768,0.842501175,0.90592392,0.669935451,0.801026431,0.759465211,0.658549597,0.747013769,0.627268924
106,0.610324763,0.654066516,0.985246045,0.819811814,0.986328864,0.772999151,0.724726453,0.802456745,0.775804675,0.642265874,0.856330526,0.686415273,0.847835182,0.860080437,0.660809941,0.624539851
107,0.912304634,0.78392017,0.623265518,0.997946527,0.623112224,0.878014092,0.99347157,0.695672042,0.656899747,0.648553976,0.721310059,0.640418324,0.876864537,0.624916719,0.803768851,0.998678742
108,0.925588108,0.846087775,0.722501448,0.849558335,0.810816586,0.770433354,0.652284151,0.954641686,0.77991386,0.677849005,0.74710374,0.765651901,0.931015158,0.893445752,0.907721957,0.604412506
109,0.766461599,0.792537661,0.607676911,0.703925283,0.904115929,0.654843882,0.814124053,0.686080749,0.60484831,0.696480583,0.990349502,0.920614845,0.983830658,0.795141618,0.643894479,0.819183796
110,0.781750934,0.937742833,0.639233032,0.795296455,0.660019466,0.729870371,0.894942831,0.790407252,0.750355314,0.757790511,0.783778707,0.914006618,0.956833876,0.982133875,0.914761355,0.726162758
111,0.875253882,0.77504125,0.701868249,0.936348632,0.61537054,0.960704797,0.784590986,0.854880591,0.863741569,0.958047096,0.854667873,0.845573434,0.626660816,0.807363209,0.6600676,0.894973507
112,0.804888768,0.872091112,0.61666916,0.633916806,0.886529355,0.628833734,0.628502691,0.60484339,0.982600559,0.895003344,0.741300563,0.718614233,0.739881292,0.909861412,0.864548244,0.674078227
113,0.669643734,0.63935826,0.864121088,0.905749065,0.706018571,0.608377984,0.632868667,0.987144014,0.718177911,0.907689259,0.849865428,0.752775856,0.682274905,0.648554567,0.846005187,0.909853512
114,0.857561701,0.812120853,0.616780489,0.987395511,0.919485677,0.717128815,0.991988132,0.840752636,0.832969063,0.899229272,0.924707915,0.862591443,0.651238299,0.735307002,0.971233456,0.689846245
115,0.74886681,0.772830753,0.775761996,0.845175833,0.977230335,0.696277085,0.648600551,0.678988196,0.95476996,0.858324325,0.714362716,0.926378776,0.944547999,0.938605735,0.967570613,0.700896408
116,0.902016771,0.784215799,0.936799421,0.891396271,0.910578979,0.862464735,0.670971508,0.818010768,0.993867896,0.974955227,0.617269494,0.665925926,0.652691509,0.890391964,0.927114132,0.685404547
117,0.802341077,0.936281211,0.893120618,0.816894882,0.836139076,0.803344219,0.719019381,0.826008797,0.875554121,0.949329166,0.854516542,0.904448615,0.664028654,0.78462299,0.603732648,0.698671546
118,0.890584686,0.996723981,0.63967124,0.760597726,0.920028387,0.681614254,0.82203398,0.893228518,0.84639418,0.675209894,0.742153827,0.913516714,0.821690606,0.602091845,0.904396304,0.614124542
119,0.898293513,0.680992224,0.983229392,0.747176301,0.730772647,0.65955522,0.722241686,0.950660305,0.998533735,0.747323812,0.779444252,0.888828375,0.954478312,0.837217734,0.756610279,0.765048736
120,0.878247259,0.601287305,0.847835735,0.742197204,0.917678933,0.637196256,0.835280907,0.792389156,0.85693021,0.625941438,0.831993515,0.824593835,0.824264038,0.841395067,0.870587175,0.9219956
121,0.707928288,0.930019764,0.799302273,0.630823312,0.623420372,0.733695327,0.913958791,0.883072374,0.915445986,0.806907623,0.776079599,0.658981011,0.731277101,0.773607746,0.635440172,0.688244781
122,0.839290118,0.894265246,0.999339005,0.973245333,0.85702608,0.768499221,0.854470946,0.914260647,0.647334476,0.763961956,0.935920914,0.753533181,0.828748908,0.835107744,0.673790501,0.744894177
123,0.733804515,0.610478683,0.609676706,0.932678817,0.709228324,0.807231506,0.719490229,0.976271698,0.703718704,0.771862725,0.9490921,0.936773427,0.674440567,0.921057324,0.783274755,0.793187549
124,0.653391989,0.632240606,0.891175723,0.798584461,0.774740281,0.891803291,0.90620516,0.663563267,0.84409006,0.654141633,0.900550034,0.862782063,0.982645848,0.627583207,0.622821888,0.71287483
125,0.704682273,0.69879152,0.962501832,0.69981848,0.70877989,0.903759305,0.779895937,0.910684223,0.626146463,0.795028477,0.61344544,0.625061281,0.962574981,0.655698148,0.812968273,0.764438241
126,0.738937331,0.959933338,0.608729359,0.865515874,0.985357774,0.824067273,0.974728985,0.620903152,0.767517328,0.704063116,0.892328386,0.992518836,0.702612025,0.861669841,0.679239053,0.826132102
127,0.785572995,0.988802132,0.843410909,0.739802549,0.645638314,0.660498731,0.690126772,0.700386665,0.940246423,0.824489115,0.809356365,0.645907549,0.944055877,0.889125721,0.627067345,0.883134039
128,0.817415287,0.632690138,0.783320257,0.793878515,0.666309816,0.978279259,0.939990149,0.867608935,0.784918224,0.764706217,0.860389387,0.818172748,0.624909242,0.80500106,0.922561447,0.783695951
129,0.620782631,0.91451128,0.680545513,0.703448334,0.665882541,0.732086026,0.902700602,0.807754344,0.68195251,0.951132031,0.951832742,0.94823137,0.695518485,0.780495738,0.993995862,0.908804991
130,0.610866968,0.626081837,0.785572551,0.963688082,0.815480719,0.799125003,0.64218948,0.862712042,0.928841264,0.752168003,0.91024474,0.985790662,0.681506584,0.809331852,0.714855183,0.917141768
131,0.831037346,0.853832967,0.919165664,0.758388189,0.966036027,0.813211547,0.663181929,0.878359647,0.91730454,0.726704671,0.942871703,0.962457302,0.710761795,0.993408589,0.656284611,0.680806267
132,0.673689936,0.957595884,0.861717021,0.660841713,0.776129367,0.84611921,0.633385634,0.952966547,0.921441414,0.802082709,0.986850646,0.767104392,0.993644128,0.867168,0.853868509,0.666381958
133,0.952771103,0.770995875,0.664893362,0.605043008,0.823902273,0.810959849,0.887741449,0.956103221,0.631762634,0.892598596,0.674964778,0.943270821,0.927625406,0.816317502,0.884097119,0.725740045
134,0.78846716,0.928654759,0.783706079,0.743119306,0.797684979,0.931299701,0.734083219,0.669504637,0.884805608,0.930391285,0.640254991,0.695949645,0.656788796,0.739176565,0.780140392,0.899530535
135,0.860459034,0.848371427,0.740949979,0.936579021,0.788514867,0.991641975,0.853656855,0.650505897,0.870471025,0.730041606,0.874530879,0.627856459,0.669952575,0.942294904,0.690871823,0.93481645
136,0.711710435,0.857152764,0.877660229,0.805061901,0.722124271,0.685057751,0.613275742,0.72157856,0.861265116,0.975321927,0.948481793,0.906425911,0.915378937,0.865993961,0.704114743,0.962878012
137,0.868292925,0.824176252,0.644395788,0.778822218,0.784143308,0.945825444,0.818659288,0.75216022,0.990720131,0.644288237,0.769019371,0.61680987,0.895961648,0.967230621,0.712014932,0.943336671
138,0.716887292,0.964308065,0.901584761,0.921962711,0.607202622,0.985124143,0.890668397,0.721900438,0.931757866,0.712608479,0.949101536,0.645032156,0.881474391,0.816279391,0.638613788,0.696757531
139,0.604961615,0.787507186,0.720506104,0.839342994,0.718895123,0.719967645,0.897277279,0.619257134,0.961157998,0.94090555,0.867121873,0.837288628,0.956920999,0.674132072,0.631587665,0.695804068
140,0.917831311,0.613868107,0.833122734,0.998175006,0.942278438,0.808578276,0.625456364,0.932549406,0.839591403,0.645973199,0.637542914,0.963850728,0.867680105,0.93171472,0.95159156,0.828708941
141,0.806978541,0.772170964,0.726778635,0.773838384,0.909551862,0.840769372,0.957009316,0.777352006,0.842835831,0.852523021,0.836678865,0.881053509,0.694973387,0.804945511,0.641689921,0.753804531
142,0.795066827,0.860889704,0.980212421,0.840260427,0.897437566,0.802506424,0.853641613,0.628372886,0.701756632,0.744741237,0.788997342,0.618259498,0.656009639,0.710725723,0.988613076,0.732538803
143,0.792816423,0.678439085,0.844312028,0.712273286,0.682797031,0.806629051,0.60220232,0.603065613,0.687627524,0.614688545,0.643210302,0.73554426,0.921034272,0.828819457,0.80506709,0.717395529
144,0.972701488,0.758806016,0.634837107,0.846826606,0.645535357,0.738089257,0.802964775,0.94968901,0.797418632,0.880903506,0.997126736,0.652595648,0.70989261,0.75783043,0.768731271,0.76440843
145,0.963044401,0.885613058,0.843162086,0.723749087,0.929516154,0.982024205,0.928479313,0.600626042,0.854560548,0.620454153,0.703042888,0.62380988,0.841518181,0.874635965,0.645795055,0.753535553
146,0.782494604,0.747621209,0.64841,0.767579116,0.900471219,0.628403066,0.632072006,0.741908517,0.976690285,0.867429059,0.871467983,0.744767996,0.837464316,0.604052474,0.854438419,0.965314779
147,0.845029387,0.949479437,0.889589222,0.648223367,0.960981323,0.626577538,0.813586989,0.65685485,0.604682644,0.768813704,0.718016283,0.794400198,0.830879955,0.617495629,0.649201318,0.823456959
148,0.737266941,0.891669395,0.860916659,0.938241745,0.876997131,0.771972431,0.869186649,0.71015247,0.7225254,0.915594064,0.778567807,0.919352136,0.928968949,0.943024935,0.966654094,0.772394088
149,0.727546727,0.832879499,0.748468969,0.840429667,0.882234345,0.875362007,0.749821155,0.666744081,0.772211735,0.657037658,0.956038814,0.738350984,0.661783899,0.610179104,0.858328955,0.854760927
150,0.736241667,0.628684756,0.763851558,0.724486998,0.870848256,0.8423117,0.745837491,0.687157022,0.995214386,0.781600648,0.875309694,0.656221187,0.79423588,0.611014688,0.802182047,0.985606963
151,0.753682685,0.615598405,0.612382316,0.755194704,0.664009975,0.609340839,0.902485446,0.783409204,0.715697909,0.960033273,0.646455584,0.982367532,0.725586687,0.955361469,0.841177151,0.930682944
152,0.993605265,0.715362175,0.984454194,0.755792758,0.754204762,0.736154842,0.816563043,0.661658017,0.821484594,0.816681925,0.904760725,0.933459985,0.77617654,0.7209333,0.703733959,0.677849535
153,0.623059033,0.736979192,0.708099077,0.986566954,0.823083531,0.738910816,0.83218704,0.655678681,0.7776175,0.850493729,0.795559133,0.76071152,0.997539356,0.952125905,0.849362383,0.827750944
154,0.848264192,0.680524843,0.758055097,0.615783813,0.790218415,0.817209834,0.691099894,0.985611539,0.963781844,0.888857294,0.813354652,0.947987664,0.652260938,0.916203918,0.649928326,0.917684265
155,0.710307027,0.950836232,0.977616838,0.659518388,0.785070242,0.992394951,0.793362974,0.945419009,0.835492609,0.750131963,0.714313422,0.681289236,0.904719277,0.754616203,0.804510185,0.796930192
156,0.830911612,0.946230858,0.992295737,0.763033683,0.931007569,0.905811118,0.829411581,0.982418857,0.680189806,0.643705684,0.941584787,0.775659927,0.938787542,0.957236082,0.624983037,0.953385905
157,0.779327622,0.804172996,0.850637004,0.970553043,0.607646438,0.790737387,0.875088817,0.889082783,0.877012973,0.653774052,0.719758235,0.74348621,0.921774883,0.711503949,0.684281986,0.982979208
158,0.603545314,0.999128342,0.87072852,0.93138772,0.717847759,0.605726111,0.895147807,0.933657839,0.896190453,0.657140115,0.901371169,0.907569113,0.863416206,0.906446373,0.938368576,0.845441646
159,0.635441886,0.795051124,0.631059734,0.763017212,0.762842596,0.626403938,0.739528214,0.64439924,0.923294084,0.97907521,0.62892659,0.982046083,0.80903064,0.719826271,0.63074483,0.800249707
160,0.917806218,0.882834591,0.620090405,0.629160734,0.761149313,0.718116198,0.692953729,0.7124018,0.921393097,0.971691221,0.762041078,0.962444401,0.72859828,0.790574795,0.690411599,0.856190417
161,0.991592446,0.841397238,0.743125634,0.859126978,0.649168271,0.955463632,0.80123358,0.779739897,0.834345915,0.849913545,0.628710322,0.873046888,0.696772672,0.885581053,0.929013918,0.921583403
162,0.821000387,0.808067957,0.657150385,0.91013846,0.708563752,0.798678169,0.713709637,0.653531345,0.851823079,0.621732814,0.899458094,0.727034718,0.600053877,0.804451656,0.618740763,0.710467823
163,0.882790595,0.625075849,0.935735397,0.601527969,0.698729548,0.896361622,0.72650806,0.640756955,0.744093568,0.708157315,0.937084761,0.725339167,0.915572989,0.956748858,0.773526968,0.963977258
164,0.750927222,0.985631367,0.63571581,0.874807707,0.797525616,0.755059522,0.853084751,0.881542837,0.601745308,0.666781235,0.88521842,0.866554165,0.986419002,0.904415116,0.980309083,0.881016201
165,0.719220883,0.642145969,0.912729545,0.857659689,0.619274405,0.744020186,0.982719926,0.800160458,0.773091654,0.783079842,0.68355309,0.747482868,0.747925302,0.620942008,0.907027051,0.766601773
166,0.928871955,0.9401392,0.684797622,0.862941393,0.788912722,0.952062695,0.686296272,0.87112528,0.843100849,0.718120591,0.654640361,0.860655904,0.895438983,0.726250938,0.857933042,0.758052363
167,0.885282753,0.67968611,0.956086001,0.714963839,0.747114395,0.623236781,0.644604885,0.806344761,0.707037071,0.93419209,0.605877355,0.751637619,0.734938219,0.607731052,0.64974736,0.76545707
168,0.797145834,0.761715899,0.812375071,0.83805267,0.603969528,0.785638064,0.985399696,0.807612912,0.871016907,0.724745543,0.909596551,0.909168593,0.808518419,0.990405529,0.650220086,0.606779066
169,0.908063285,0.922862215,0.648082892,0.706233133,0.607020945,0.717323444,0.90925675,0.807184211,0.739238237,0.748695718,0.60054145,0.719920211,0.858583497,0.989677778,0.938824331,0.609437986
170,0.959424242,0.913279365,0.912150449,0.783198304,0.759202117,0.721166292,0.626277944,0.691294145,0.698641454,0.793630828,0.898977763,0.789523931,0.62313778,0.98311592,0.977089728,0.914075817
171,0.996531161,0.817792933,0.98510734,0.630242016,0.746272299,0.690152507,0.678333234,0.65632118,0.848965457,0.912528742,0.83131936,0.658785084,0.924449508,0.854381883,0.755266282,0.869652118
172,0.703961992,0.738076883,0.966994337,0.716201802,0.787995307,0.956056455,0.88308854,0.62488129,0.658921218,0.603136636,0.852368716,0.77906937,0.65370994,0.983173648,0.81186389,0.696757318
173,0.800241428,0.871848133,0.630495687,0.709881526,0.922786196,0.783865948,0.818630857,0.773126401,0.617559977,0.666299912,0.778216655,0.683674186,0.619991611,0.937459866,0.992477012,0.91725715
174,0.941513969,0.696790852,0.98425079,0.678770282,0.980571924,0.997927718,0.884689122,0.992457493,0.827815912,0.703816713,0.774798354,0.837424374,0.629232625,0.848937306,0.992471135,0.67604306
175,0.917038047,0.963159518,0.977480637,0.984054242,0.808583855,0.990923163,0.902924083,0.664668574,0.790760043,0.88733247,0.698936126,0.856246073,0.866640192,0.665079898,0.826034125,0.908650764
176,0.799558266,0.604841247,0.603615388,0.742811738,0.970477627,0.691470712,0.853745476,0.688830348,0.728667996,0.939216836,0.891544577,0.638159711,0.771480808,0.611667905,0.792356059,0.864973605
177,0.647401049,0.715553976,0.75913465,0.96781241,0.997302006,0.61796452,0.904403169,0.748689627,0.756983274,0.901705989,0.967370573,0.980371438,0.830849034,0.742848464,0.915019634,0.700400553
178,0.825629612,0.743431385,0.862652429,0.696159565,0.676637178,0.967295635,0.640721473,0.802383163,0.688341113,0.615571985,0.614407527,0.670088709,0.946708142,0.712991498,0.980183668,0.832648917
179,0.774645676,0.832035534,0.806679354,0.903510502,0.712998426,0.741220157,0.957637721,0.978582605,0.957023291,0.767779198,0.912146201,0.790534293,0.799015941,0.681872044,0.836452121,0.674454359
180,0.73262588,0.942012081,0.682830324,0.628463314,0.627603037,0.976313808,0.802768175,0.763764829,0.924351432,0.934330371,0.732876413,0.877447223,0.908449126,0.861860275,0.66063803,0.950353233
181,0.815637821,0.712988971,0.770091274,0.615028436,0.65114672,0.9062187,0.600004654,0.766626331,0.809004072,0.621853768,0.989231265,0.690450132,0.721679488,0.721577005,0.692166665,0.600589529
182,0.891737918,0.9867382,0.689717393,0.865218877,0.896758531,0.939370152,0.769051679,0.721172362,0.730118054,0.885048533,0.926711787,0.672645587,0.748376403,0.960776079,0.922677408,0.993943361
183,0.901699304,0.75727808,0.836255134,0.864405702,0.631382327,0.817798784,0.883728331,0.666928522,0.912252687,0.833509112,0.980888714,0.616968919,0.706130455,0.840621552,0.718623965,0.885769666
184,0.903602113,0.641006386,0.805541786,0.803556222,0.747712308,0.973169945,0.931002528,0.878883753,0.885730654,0.784686458,0.968397808,0.877838171,0.891592425,0.944676362,0.709628636,0.922828362
185,0.678096241,0.738136781,0.734244182,0.991410187,0.942614889,0.880467945,0.890822705,0.824829118,0.978836267,0.798503501,0.752207084,0.665214135,0.914482261,0.893777573,0.753742015,0.610077366
186,0.935598931,0.604567193,0.881479912,0.988102844,0.775064531,0.693989362,0.881948404,0.926851257,0.818572126,0.98681411,0.620667489,0.801918239,0.887381579,0.945056188,0.671702245,0.920001393
187,0.82108283,0.758621473,0.652686011,0.946118304,0.662909283,0.723915144,0.716018213,0.948565614,0.869081198,0.918672559,0.70018716,0.84994964,0.828698393,0.933132151,0.962434824,0.604862709
188,0.869607968,0.62073432,0.819543466,0.715053092,0.72271064,0.741183401,0.84851698,0.733619986,0.89307962,0.761810954,0.62734128,0.913503937,0.71430333,0.773106752,0.874177553,0.732982463
189,0.622634262,0.749568419,0.977779433,0.856693759,0.868591659,0.852912861,0.679596856,0.767333546,0.900375919,0.640549159,0.71114111,0.710527643,0.772807571,0.992147496,0.627001019,0.807480398
190,0.671745873,0.988270618,0.645321402,0.761440401,0.895153994,0.881821771,0.769091455,0.738609667,0.759044951,0.705710505,0.682133175,0.793215879,0.707413502,0.714984666,0.862702425,0.987414933
191,0.84145488,0.630791787,0.630233446,0.980569288,0.718916316,0.636826794,0.839617835,0.849459511,0.859401928,0.706960811,0.606044274,0.986006148,0.700357218,0.870410515,0.882651948,0.844002967
192,0.725162958,0.708438502,0.839067313,0.946438253,0.978693492,0.642362322,0.661931445,0.977894504,0.894614091,0.95319753,0.681053054,0.835034348,0.880455838,0.872044754,0.763260676,0.606157957
193,0.833170423,0.701240616,0.780101698,0.983032406,0.759614127,0.935920643,0.675416242,0.868984199,0.990802782,0.64075724,0.603327977,0.773433117,0.637050193,0.89935374,0.965819466,0.773608389
194,0.703484657,0.773761328,0.889379127,0.603621665,0.835781596,0.845316674,0.855075299,0.696808832,0.885621089,0.636556595,0.679708135,0.950988019,0.89548926,0.605498222,0.699350504,0.685762593
195,0.708322531,0.699023908,0.625010518,0.783576207,0.89309339,0.84269269,0.869148667,0.632459671,0.980596284,0.935396734,0.922036127,0.929193522,0.973084203,0.817701586,0.680112807,0.846713443
196,0.897152597,0.895166957,0.80857961,0.627383488,0.748445175,0.968306643,0.833779564,0.815332777,0.707541406,0.747379568,0.958138436,0.866585219,0.914954811,0.781738169,0.852098888,0.699353443
197,0.882184332,0.771040533,0.777018206,0.85972893,0.974512249,0.625602539,0.929897295,0.716953244,0.777567782,0.608765332,0.720418431,0.801052497,0.622470431,0.796438292,0.970844252,0.642157287
198,0.905776291,0.763868421,0.862069486,0.704094639,0.663796905,0.664185046,0.628196778,0.674258682,0.865687754,0.952676245,0.925650274,0.874053724,0.644172745,0.715674979,0.72392275,0.699982779
199,0.806002264,0.814221526,0.74275439,0.741515663,0.931422239,0.915717139,0.723118333,0.965515378,0.981126007,0.730697017,0.74176998,0.802253661,0.976448325,0.950527773,0.641027185,0.757092297
200,0.821348476,0.801252989,0.677545227,0.943526708,0.870776313,0.93516335,0.943505712,0.899342341,0.77568424,0.844218702,0.664146162,0.869458167,0.671701302,0.877579836,0.691839264,0.64702052
201,0.666113796,0.600796854,0.887495847,0.89296042,0.80597334,0.66454512,0.633421735,0.607651587,0.666299271,0.956342214,0.696614737,0.741708531,0.642138194,0.688944522,0.807689828,0.843101073
202,0.698140926,0.623092864,0.756413148,0.693681348,0.687821569,0.983945121,0.846520194,0.822751377,0.766310041,0.771577733,0.816362002,0.878571923,0.880858438,0.668677563,0.800045101,0.764783238
203,0.948210787,0.852567568,0.813001627,0.646157857,0.842255156,0.646881562,0.73488263,0.657136786,0.876829459,0.682500846,0.756743749,0.958269911,0.681726553,0.803122026,0.767708664,0.607249616
204,0.917103245,0.627618363,0.789702008,0.824271318,0.851370583,0.875452652,0.701308953,0.603991511,0.889377465,0.81426264,0.934447081,0.928555345,0.937330467,0.794037864,0.733451358,0.916623281
205,0.780517645,0.673376879,0.941989608,0.953023951,0.786523902,0.630279891,0.755130436,0.921415064,0.960709611,0.681389097,0.626789445,0.950940181,0.755761976,0.816704386,0.987226325,0.626625891
206,0.859327203,0.629642169,0.750187571,0.921525818,0.773388893,0.998872942,0.823623714,0.728464861,0.68804453,0.740208214,0.74901331,0.627485471,0.74782968,0.785695408,0.889095101,0.862691794
207,0.883506262,0.603345473,0.68706696,0.864673715,0.793595747,0.60212539,0.921797857,0.909123829,0.819367665,0.62658533,0.90660602,0.833485435,0.912783991,0.900698797,0.921200829,0.807203227
208,0.656129807,0.868462989,0.848189514,0.896901275,0.667952402,0.67799008,0.956163807,0.899991119,0.963291395,0.903486128,0.838862122,0.861653095,0.95565117,0.831522702,0.85295653,0.662590686
209,0.789568488,0.886558845,0.708377079,0.680901672,0.725530723,0.696600251,0.685965055,0.769940337,0.963135406,0.802823859,0.675168152,0.630788668,0.878462458,0.753119506,0.928732379,0.863804307
210,0.91849658,0.708778416,0.876943569,0.705624794,0.975627392,0.854549713,0.72980472,0.707804745,0.676370634,0.877856384,0.687486245,0.838121306,0.705854011,0.864787578,0.925975891,0.911210097
211,0.904340532,0.675088962,0.635353979,0.879579531,0.747338886,0.772938491,0.612459637,0.70383058,0.613470562,0.951674309,0.697358673,0.822934868,0.615591728,0.866738957,0.729210938,0.959167675
212,0.955247276,0.730116247,0.960384358,0.998463069,0.930166266,0.937948539,0.699603494,0.83068096,0.626902366,0.637967175,0.999557045,0.7306557,0.899273565,0.922666021,0.943209308,0.999051319
213,0.696598594,0.616140331,0.764476607,0.652032268,0.608970356,0.744170731,0.9134953,0.826472276,0.725111196,0.861736802,0.692807272,0.605752578,0.905741355,0.849497234,0.90492105,0.615575207
214,0.934847851,0.84781048,0.82535814,0.849845619,0.945773299,0.834774603,0.832380152,0.996271663,0.902692067,0.776917522,0.8829588,0.755692189,0.691550185,0.838740751,0.971272839,0.971655808
215,0.736762111,0.811070986,0.684654359,0.998252444,0.992447163,0.859803572,0.921765624,0.886040065,0.837263288,0.621339199,0.781905737,0.869914521,0.871012646,0.749249047,0.976676795,0.666942813
216,0.800143778,0.876353591,0.878854322,0.859455583,0.710115285,0.662482627,0.854376131,0.839720846,0.671742404,0.882055658,0.782068797,0.867104237,0.934946832,0.667891371,0.607657947,0.911641035
217,0.84387897,0.879855828,0.93526199,0.921124374,0.984368059,0.814374032,0.795398253,0.76075488,0.661476417,0.829042893,0.71080501,0.968523005,0.833276322,0.837136072,0.741969864,0.620795741
218,0.612697506,0.769334058,0.633826151,0.842738782,0.952389202,0.953165927,0.863618164,0.684492733,0.945198733,0.954437374,0.678661434,0.894970434,0.71460782,0.921056125,0.99889516,0.612010402
219,0.958946346,0.849052213,0.989353048,0.786003807,0.938955172,0.624957627,0.73411162,0.626806615,0.990137253,0.926789563,0.941018968,0.975186093,0.634041394,0.754239037,0.628413956,0.684317241
220,0.691746311,0.787642884,0.707424867,0.640391243,0.666996436,0.658910225,0.989230719,0.903717003,0.987104586,0.775896195,0.711347393,0.919317279,0.730501567,0.719753349,0.693002397,0.651871591
221,0.702585224,0.742127899,0.869597683,0.625025937,0.684202776,0.923609456,0.658768769,0.737058059,0.945863569,0.661970124,0.633094734,0.793815198,0.720967805,0.825363346,0.921521956,0.654859395
222,0.832279634,0.802203504,0.657631514,0.849599394,0.709456167,0.795133727,0.63290893,0.783833623,0.722585387,0.928952484,0.622791491,0.76744291,0.78337257,0.890002431,0.82971503,0.866884935
223,0.910819714,0.944881189,0.725550199,0.815209082,0.936043231,0.995780452,0.955807724,0.748586905,0.678066607,0.795757015,0.896656581,0.797027628,0.793272345,0.935292168,0.744561512,0.94391787
224,0.76272192,0.731293242,0.781595964,0.904978783,0.650400811,0.678567686,0.98057793,0.670196651,0.827090927,0.831725787,0.795849785,0.857898099,0.69193069,0.821064907,0.748869302,0.864666904
225,0.656489417,0.828350967,0.674108142,0.711457225,0.68748392,0.673135112,0.930284381,0.714283027,0.970849513,0.98797061,0.828504188,0.657200449,0.749819297,0.919092905,0.746956291,0.634806887
226,0.822713964,0.938048341,0.918370555,0.670049256,0.869105846,0.688201705,0.687283014,0.949628709,0.699867581,0.705298939,0.600261356,0.948267614,0.917037925,0.850931574,0.900106306,0.660819427
227,0.783329438,0.740487755,0.637510611,0.794452194,0.96829586,0.616023648,0.716584365,0.683016374,0.695258661,0.963373821,0.787227622,0.786519765,0.904230257,0.661796882,0.794906142,0.771994086
228,0.838764276,0.999823081,0.907779558,0.759146281,0.931021221,0.668283345,0.612185475,0.681779349,0.736164622,0.804232303,0.846051656,0.964242287,0.803941604,0.800510258,0.620097204,0.613964621
229,0.820463985,0.775271445,0.935672158,0.664271834,0.609988665,0.779615507,0.694991423,0.619845749,0.889839315,0.6446372,0.8433278,0.7124199,0.66939842,0.751900609,0.92057831,0.756837431
230,0.90030786,0.650194519,0.909108568,0.69477333,0.870957252,0.826312622,0.971657887,0.754929007,0.626466076,0.607662194,0.930743424,0.809894255,0.910097621,0.69377024,0.738033498,0.612041549
231,0.98459693,0.867147163,0.973282035,0.706198563,0.844585444,0.871399987,0.72701988,0.939243694,0.978864585,0.953942047,0.89562679,0.710985872,0.712646417,0.985344128,0.604113798,0.886419989
232,0.882498465,0.849075816,0.996043538,0.724751774,0.735988746,0.631575761,0.777119255,0.70441941,0.737354681,0.933828716,0.974193805,0.674293229,0.749003573,0.971452225,0.624723384,0.636944211
233,0.665116396,0.838085134,0.660188908,0.987230553,0.778685811,0.800607184,0.698663446,0.788384101,0.864765453,0.900470855,0.901547233,0.831156445,0.96174391,0.926963139,0.902819246,0.622242209
234,0.602751185,0.684978911,0.865409438,0.764478996,0.760962504,0.953834755,0.958225139,0.963670106,0.725551231,0.876422325,0.708653273,0.676243933,0.673852983,0.736843048,0.771983048,0.932379668
235,0.647956437,0.893970339,0.812581966,0.715178137,0.797127834,0.719976828,0.838432782,0.773537569,0.665762212,0.64663323,0.818678273,0.960965213,0.737583075,0.893200043,0.863464542,0.972621966
236,0.928392407,0.826642104,0.862812199,0.959354587,0.759807514,0.730717882,0.604324433,0.93062043,0.92039228,0.641781807,0.830742952,0.785592679,0.647483638,0.992227291,0.685878355,0.626893672
237,0.837938952,0.895546671,0.612977378,0.863487055,0.81291675,0.641306004,0.669009551,0.827189719,0.718543045,0.975326291,0.927496092,0.993426883,0.703868336,0.987889453,0.772493548,0.739007518
238,0.620139811,0.621106103,0.876804502,0.783171598,0.69060865,0.845588123,0.701143247,0.831052702,0.743683499,0.929420891,0.928278464,0.790940159,0.740327644,0.745023919,0.92228581,0.731271793
239,0.683623749,0.633875337,0.786677248,0.79285284,0.936363484,0.688495479,0.752396509,0.923362296,0.929449444,0.75384443,0.783649609,0.721314356,0.973021951,0.647457506,0.973499769,0.873546581
240,0.812628861,0.613063624,0.790238477,0.763099242,0.664487525,0.862563841,0.988460363,0.824875524,0.885901311,0.627380181,0.767066798,0.646543394,0.845118334,0.975392863,0.864711093,0.630721219
241,0.741866482,0.820265352,0.761283102,0.933457604,0.925868402,0.844732408,0.749383178,0.70213455,0.642349727,0.741959073,0.765269007,0.87032917,0.86326393,0.628043256,0.758103726,0.672711547
242,0.662725082,0.93092086,0.616766087,0.76767315,0.667281462,0.951732086,0.822816205,0.692552255,0.800970915,0.892594544,0.983247204,0.688178402,0.954472709,0.973721646,0.966568218,0.854165743
243,0.851928262,0.761284253,0.900959153,0.812517607,0.870975228,0.771383162,0.892598586,0.929788607,0.658574503,0.933171886,0.816118613,0.937866364,0.772520683,0.751616194,0.966024293,0.700467707
244,0.93768493,0.793608229,0.805638177,0.723387313,0.82921688,0.730084479,0.615707766,0.708799442,0.602551617,0.991341915,0.986298884,0.758062119,0.891348342,0.738322439,0.868437263,0.922172017
245,0.978702498,0.76008491,0.913319193,0.70637138,0.996132922,0.61030784,0.841411523,0.863802393,0.875218223,0.648155032,0.975411913,0.672473312,0.849101361,0.689070432,0.722886567,0.818583417
246,0.766877367,0.66409024,0.668374561,0.767257915,0.902913191,0.959185859,0.633651065,0.757241563,0.640098225,0.606636992,0.864687473,0.840979777,0.665207646,0.693525133,0.609483101,0.933978882
247,0.989876238,0.654183815,0.692590086,0.94736381,0.970585519,0.767850953,0.620248989,0.615756733,0.829579946,0.757158044,0.611460971,0.833300957,0.604521015,0.914948783,0.722573129,0.616103201
248,0.835340888,0.759073766,0.989520165,0.817679465,0.710095672,0.883775546,0.708596801,0.961697317,0.749888788,0.819947425,0.620229242,0.770448495,0.932945416,0.922259522,0.689727424,0.690431628
249,0.926922125,0.972159368,0.638144369,0.780023456,0.734981712,0.948275382,0.633409966,0.684450377,0.900987335,0.62051754,0.797014152,0.776842814,0.733760472,0.757828926,0.811976235,0.664546943
250,0.828798351,0.922172932,0.904064372,0.661559962,0.659699788,0.707269747,0.744429891,0.763382233,0.871878887,0.622672173,0.613869082,0.756764225,0.878865477,0.677374137,0.856601793,0.703931255
251,0.954434444,0.958275978,0.718914882,0.691997502,0.764521589,0.696212634,0.868953537,0.930425874,0.869236852,0.929740179,0.758796865,0.662526788,0.895180379,0.744189802,0.86850833,0.708257577
252,0.632491854,0.997032718,0.662480603,0.995368398,0.990911973,0.917527242,0.863769185,0.83112282,0.946440618,0.715775809,0.787072485,0.847755988,0.76447619,0.770994582,0.732113867,0.825692727
253,0.940229811,0.680611351,0.973773216,0.875635061,0.929309285,0.822476277,0.911806681,0.606480159,0.92735217,0.616055544,0.955965351,0.996785099,0.717626985,0.684127423,0.906145346,0.701210536
254,0.946224953,0.641137037,0.650382079,0.991660622,0.869535559,0.93875489,0.729731751,0.8705935,0.837696731,0.841260048,0.873012984,0.830143669,0.771624948,0.710369078,0.907432532,0.690508972
255,0.876941722,0.693333129,0.850132068,0.898831307,0.687485556,0.62397732,0.652389497,0.842398787,0.939778562,0.617998728,0.893660504,0.736527458,0.791411348,0.97154382,0.732788602,0.786134774
256,0.605472966,0.632639488,0.703436636,0.611140896,0.85255013,0.770559343,0.819258081,0.669858874,0.718372812,0.86552979,0.986121089,0.620166709,0.956153728,0.830752481,0.825567827,0.800111414
257,0.627757634,0.635950741,0.840364802,0.736383429,0.966907227,0.762636215,0.657312583,0.885887533,0.717341369,0.810188123,0.879133114,0.960105644,0.916876478,0.870544427,0.871853273,0.978369858
258,0.718329639,0.600444838,0.708781824,0.687156552,0.864733834,0.85348464,0.837384553,0.606497377,0.891511222,0.729412165,0.866022396,0.822631371,0.73709237,0.653830507,0.637767559,0.932607333
259,0.967359017,0.859915219,0.641373646,0.760810887,0.89157568,0.911928354,0.647287449,0.600012288,0.884854818,0.74263847,0.701792533,0.605158988,0.816119763,0.940460294,0.983052659,0.82629798
260,0.805784531,0.634022554,0.819549121,0.751991632,0.842854112,0.755490539,0.696119649,0.63798611,0.725967378,0.638657934,0.67075878,0.994934463,0.777641423,0.812748707,0.949447411,0.99822756
261,0.83308578,0.924989528,0.73077641,0.722297583,0.761081488,0.869002905,0.872876676,0.726095774,0.65328397,0.852958503,0.651330345,0.831397003,0.877368851,0.880244599,0.901388844,0.949143769
262,0.799983597,0.892099676,0.847669094,0.674655976,0.610275858,0.713816554,0.777213483,0.846842378,0.939983732,0.678498287,0.650219916,0.985391979,0.643217824,0.791396428,0.834225492,0.816549768
263,0.634412863,0.622810766,0.642193371,0.834235074,0.817737955,0.693496317,0.855109657,0.928027001,0.616631584,0.799251977,0.875724165,0.700924771,0.723108362,0.845455161,0.959174117,0.923969768
264,0.833252088,0.892088687,0.745928988,0.856386211,0.786472636,0.675974455,0.88069531,0.822585855,0.743448633,0.964535676,0.608373647,0.72630926,0.622752559,0.906610926,0.880842982,0.732540887
265,0.870265161,0.75837489,0.902501517,0.781673465,0.764911891,0.973891966,0.70035164,0.648178936,0.833817245,0.987728725,0.751135685,0.624814705,0.735722107,0.802372662,0.664769203,0.863240887
266,0.999099756,0.78069579,0.741891423,0.760281667,0.646058471,0.953309441,0.765930262,0.754909765,0.863876109,0.776813368,0.859293388,0.624578516,0.925489337,0.976201581,0.859506154,0.981826372
267,0.660572926,0.790966476,0.840722694,0.832694659,0.760584712,0.735233764,0.650729609,0.75669698,0.665064326,0.893746271,0.683532374,0.623426122,0.820946455,0.838091893,0.948765225,0.830792645
268,0.738192341,0.921204753,0.816111557,0.631712114,0.826340224,0.963207418,0.75852505,0.718530321,0.657387783,0.660578209,0.773108594,0.83827193,0.632246162,0.975827436,0.902053447,0.834649567
269,0.931375468,0.632074703,0.790735551,0.852037251,0.931461162,0.913387824,0.7108277,0.976352068,0.649738337,0.950053447,0.9883761,0.670861409,0.888826426,0.616114208,0.76216913,0.80651332
270,0.83225809,0.974374899,0.868900275,0.79251118,0.923870015,0.980213128,0.608826459,0.993008509,0.634452856,0.925754712,0.712133901,0.652871863,0.775942256,0.857582632,0.752380738,0.621826163
271,0.839784456,0.96096131,0.753286146,0.686533111,0.777030938,0.619345084,0.928195034,0.930536324,0.835200185,0.741241156,0.919913346,0.82187481,0.930372923,0.852583517,0.913762189,0.839425197
272,0.765656427,0.983178344,0.81644553,0.842035807,0.688195056,0.850260316,0.82864306,0.673935359,0.623834839,0.841743728,0.905476908,0.809360548,0.69070905,0.866608791,0.632042291,0.776733482
273,0.665346703,0.67378362,0.68091758,0.754682823,0.620460082,0.759117376,0.804682979,0.793317714,0.75311364,0.935658643,0.658130677,0.802278698,0.624816567,0.628462272,0.82954634,0.82640737
274,0.951213405,0.82314947,0.983916408,0.619477939,0.639203074,0.617626345,0.67411074,0.816508044,0.858228873,0.618234063,0.978388356,0.936866151,0.718644993,0.630875012,0.667954829,0.650777766
275,0.649313512,0.807424675,0.698338977,0.743255887,0.995802133,0.8737257,0.979592267,0.657022622,0.75285579,0.821892721,0.630703225,0.601674977,0.868173734,0.856727807,0.764315524,0.79585763
276,0.7661772,0.609602018,0.734148642,0.670832902,0.639369676,0.982688174,0.83974389,0.891462514,0.726145497,0.757258852,0.694769598,0.638786268,0.671612655,0.919005618,0.871018322,0.81877155
277,0.790035949,0.968973713,0.629093979,0.712240325,0.739975141,0.912970325,0.997005848,0.696268206,0.949722934,0.932249104,0.689862959,0.759733032,0.763869148,0.991288267,0.672356761,0.919663188
278,0.733677086,0.892348138,0.768004402,0.831343905,0.933044709,0.921666226,0.946569273,0.62384693,0.876820221,0.655994951,0.766327427,0.819435366,0.761095794,0.80784467,0.998610524,0.654086925
279,0.870182418,0.758400387,0.65320392,0.663494705,0.979709242,0.951840599,0.962816784,0.99661311,0.683326156,0.742175735,0.867687612,0.793521016,0.767355813,0.7431245,0.837512253,0.830237371
280,0.664583134,0.788695935,0.82138871,0.828114775,0.684042877,0.896908557,0.610079638,0.741932742,0.912085059,0.825557168,0.704464973,0.877981248,0.826956378,0.918497444,0.894010074,0.844043169
281,0.79527107,0.65327285,0.704533207,0.767639789,0.839719715,0.805483142,0.71527381,0.602585743,0.798495689,0.714250395,0.89384332,0.609578506,0.833931125,0.976589695,0.669763707,0.788659796
282,0.636568797,0.850272765,0.820212672,0.76294621,0.808550809,0.958629863,0.678517721,0.609025805,0.944665954,0.830846833,0.956263382,0.838778089,0.924064436,0.771869345,0.899943973,0.965216587
283,0.828849185,0.67231406,0.707519046,0.679457831,0.698742811,0.72256618,0.822053515,0.835196652,0.770599899,0.846168312,0.63262997,0.635115295,0.668731784,0.807230999,0.685597871,0.713313761
284,0.760125134,0.92474645,0.605544854,0.859751528,0.867550612,0.919462312,0.973101176,0.60805514,0.661513482,0.954468518,0.783407425,0.825836256,0.865210881,0.871626642,0.972696161,0.998779767
285,0.888062984,0.714888484,0.951900961,0.619688366,0.692432341,0.958954287,0.702476606,0.688260424,0.655250117,0.943644703,0.800023304,0.869957281,0.695626554,0.903216168,0.904002218,0.72503921
286,0.764273053,0.683876111,0.990624409,0.858241031,0.973817552,0.721354217,0.912756365,0.906343458,0.876662261,0.98625559,0.757422134,0.652286929,0.868683544,0.89172392,0.830024229,0.682727157
287,0.801782377,0.724875895,0.770986611,0.85808743,0.898085897,0.692889876,0.762130144,0.707664628,0.679452646,0.913354888,0.963701078,0.748092874,0.90051157,0.958798116,0.938449684,0.673125355
288,0.982516753,0.750670576,0.735696264,0.624972531,0.794469462,0.643605446,0.699415928,0.726777049,0.923530529,0.95019546,0.720986527,0.943479248,0.942892375,0.90586038,0.658678046,0.876129139
289,0.978009626,0.873016192,0.73264674,0.800231727,0.858290017,0.804228163,0.647981177,0.724825618,0.920958412,0.944567218,0.654920013,0.980954701,0.731529047,0.864925495,0.900730058,0.924778494
290,0.978299881,0.725167819,0.943402582,0.652674761,0.882016363,0.896791092,0.871089296,0.700925894,0.949217259,0.667543385,0.621453917,0.886985996,0.790190286,0.939639208,0.753358856,0.667311435
291,0.934576877,0.819563853,0.675678317,0.888153599,0.804445455,0.841725193,0.784359335,0.931483594,0.931825086,0.883755529,0.642160551,0.935541545,0.868405192,0.878809666,0.745193136,0.951711822
292,0.89014864,0.645036187,0.763111214,0.954552145,0.618878681,0.984566648,0.871665027,0.852550391,0.708223703,0.699516715,0.976823288,0.719308982,0.910202119,0.757248719,0.655701628,0.604286119
293,0.817702935,0.990311527,0.747654478,0.742876934,0.737636647,0.808217535,0.776265953,0.951965851,0.802208317,0.803103135,0.655348638,0.993095816,0.699989156,0.629345627,0.8652585,0.838146548
294,0.766058262,0.768876894,0.914025568,0.678285056,0.928101328,0.859498846,0.76758791,0.783211447,0.702658883,0.900845733,0.805149897,0.728341817,0.838420046,0.998293781,0.774104912,0.96827656
295,0.738006736,0.621893083,0.681696843,0.767478057,0.687853971,0.600090815,0.966000615,0.937551764,0.896916893,0.667125838,0.64814543,0.6270419,0.889611676,0.971523184,0.772214328,0.647656269
296,0.804957128,0.739532763,0.74992997,0.84853225,0.887487245,0.64424144,0.614236092,0.997732121,0.69309134,0.62153221,0.675950132,0.615583139,0.756724358,0.920960714,0.73649778,0.777673363
297,0.870234709,0.803557628,0.944578274,0.94641427,0.603964278,0.911218523,0.78429344,0.995536217,0.79329283,0.994758378,0.901827744,0.699441954,0.815357992,0.996854256,0.943012243,0.638946758
298,0.882548799,0.738231834,0.602792905,0.761392388,0.693901769,0.927547708,0.734932244,0.931009478,0.600239176,0.72312766,0.696466086,0.693426944,0.627274648,0.674849708,0.822219828,0.716544429
299,0.766957913,0.750746752,0.95036197,0.9621196,0.797182789,0.73206238,0.642720282,0.981361152,0.624090778,0.719060111,0.71922648,0.728160514,0.665714737,0.913264572,0.648999145,0.853962664
300,0.649538411,0.628214255,0.963771801,0.676051507,0.928500062,0.817852348,0.631142608,0.982179277,0.698784467,0.943858138,0.667524002,0.941577153,0.605291525,0.804712183,0.907777032,0.973918207
301,0.963680854,0.927849948,0.95527654,0.679687874,0.713673718,0.71558741,0.750821572,0.757328268,0.81782213,0.663951905,0.876498666,0.667026616,0.724123393,0.801338052,0.918576225,0.895787693
302,0.858213743,0.662309304,0.818818138,0.634978601,0.750945271,0.765406612,0.615924576,0.70959524,0.982259787,0.981453043,0.740930822,0.617240044,0.671637976,0.756887117,0.979111879,0.656479625
303,0.905406337,0.643473016,0.992503031,0.7526466,0.910093816,0.737036433,0.851067551,0.676806434,0.658408408,0.975225656,0.967058911,0.954987576,0.85017338,0.923307284,0.627614775,0.733915617
304,0.72548125,0.854258129,0.742383109,0.659402713,0.83858683,0.925753568,0.752849398,0.652907486,0.678675279,0.694993322,0.719959037,0.857118028,0.840378194,0.878431945,0.745000794,0.929599061
305,0.681635064,0.787616299,0.920375489,0.672063459,0.643945245,0.953473587,0.737171865,0.87354805,0.610139442,0.876018755,0.726440525,0.622296341,0.843925105,0.696321526,0.754722897,0.632232325
306,0.6588653,0.719190894,0.6359038,0.964330506,0.602418817,0.793544088,0.649298983,0.723071636,0.970423824,0.664677821,0.986332928,0.682317751,0.896626443,0.818670906,0.953791491,0.821597302
307,0.813823688,0.6781832,0.666491745,0.96659566,0.73113528,0.748832902,0.903929463,0.735529393,0.980824979,0.895171108,0.838971697,0.952358064,0.619842363,0.702825077,0.786014534,0.690791416
308,0.897562075,0.967683212,0.769508048,0.73685304,0.984620293,0.777940973,0.79561936,0.740659949,0.963819389,0.827582193,0.904869835,0.924722687,0.736739617,0.773477733,0.93938871,0.745302141
309,0.917574053,0.976396929,0.849284149,0.896650915,0.922038925,0.93801586,0.758021335,0.620505384,0.760750508,0.869502492,0.780140154,0.89958526,0.742792972,0.853897656,0.674567922,0.899747775
310,0.818278388,0.681625755,0.716764469,0.899443483,0.793040494,0.686412576,0.986908476,0.886050008,0.982853933,0.770842018,0.790040136,0.959182086,0.810019736,0.882911565,0.700869151,0.778690587
311,0.649379946,0.682392014,0.600377366,0.615706021,0.990913529,0.696941478,0.865324284,0.93563988,0.820264184,0.6612578,0.891246575,0.840100564,0.892500236,0.907898649,0.990164147,0.829425312
312,0.736656445,0.859385823,0.627376284,0.958958927,0.647752405,0.731137135,0.926298152,0.838924951,0.757454208,0.789374264,0.941818957,0.736001754,0.947859874,0.635253772,0.910719375,0.939019053
313,0.672727061,0.772138613,0.66619991,0.882641652,0.814139107,0.854129339,0.678594787,0.684698345,0.61659893,0.728827014,0.823897865,0.943173966,0.866770979,0.774158529,0.981248046,0.88769808
314,0.972066081,0.811035189,0.70356171,0.621130675,0.890433941,0.648521199,0.721110051,0.812988363,0.825766635,0.840233279,0.666502132,0.751894962,0.846877691,0.987927546,0.891052455,0.969041503
315,0.904884823,0.836686788,0.676809348,0.866674261,0.849351826,0.840987668,0.795914347,0.811462642,0.733777011,0.807725077,0.679022362,0.922069759,0.674310782,0.633986516,0.774498411,0.863322976
316,0.77508673,0.710701653,0.823268474,0.738800934,0.973147076,0.969058056,0.800948728,0.731153598,0.894852966,0.614685177,0.789907602,0.734529358,0.968214354,0.604801211,0.82112595,0.896265432
317,0.794007195,0.634161212,0.988984556,0.807204173,0.845674498,0.694643913,0.793399234,0.771659797,0.629958337,0.642464141,0.934989008,0.695927981,0.677983309,0.801964581,0.907498853,0.624778607
318,0.830723168,0.647684177,0.61458442,0.621097581,0.933665643,0.647188993,0.618060546,0.775159955,0.937597389,0.704963351,0.768685047,0.615969013,0.779631406,0.831045232,0.828362822,0.732970677
319,0.726213272,0.642649448,0.746719328,0.639797868,0.906638378,0.986509719,0.988029783,0.94602844,0.84031686,0.880346279,0.714082321,0.852308168,0.78225982,0.792806936,0.903110624,0.712767342
320,0.727215845,0.969856716,0.622489718,0.794253719,0.96512032,0.844145203,0.81856283,0.699897672,0.737310196,0.940819366,0.823687253,0.805896878,0.639831885,0.606411263,0.985474075,0.750794467
321,0.841285225,0.631886029,0.873245714,0.973026683,0.830266101,0.650446129,0.832688611,0.906538885,0.762566615,0.951935099,0.859473181,0.959699567,0.849402124,0.652515189,0.723876684,0.680717979
322,0.963530599,0.904160027,0.870559348,0.720386528,0.673617909,0.902580435,0.789663178,0.690315821,0.846648791,0.616133541,0.730468102,0.787422798,0.659183334,0.993861791,0.683638946,0.652141252
323,0.68141395,0.907624453,0.770202264,0.826166376,0.608403663,0.613772523,0.77833022,0.926662097,0.954095551,0.634682627,0.815345241,0.965291875,0.755189102,0.931826333,0.653478262,0.974157796
324,0.900569327,0.976533757,0.870646893,0.745361573,0.975272469,0.710226711,0.732869009,0.880323367,0.90612652,0.971761394,0.681920964,0.919199214,0.895418421,0.625517823,0.754889256,0.713106183
325,0.72179617,0.993178752,0.857110965,0.887070463,0.990647055,0.750880713,0.920736067,0.773812385,0.947813469,0.672263017,0.979074471,0.687508683,0.730488203,0.902476894,0.757502057,0.843284551
326,0.7778294,0.896947975,0.691332501,0.623383195,0.719971759,0.789723466,0.667208021,0.741918916,0.759993207,0.622956737,0.833322899,0.953737371,0.660697165,0.839123205,0.865895682,0.767733872
327,0.880439035,0.764292617,0.801854915,0.602941218,0.876688046,0.864537072,0.615360351,0.747300043,0.991612736,0.768294625,0.800778162,0.963972063,0.88690475,0.832828052,0.919121873,0.945746507
328,0.782755229,0.790043346,0.754420374,0.986682456,0.878866502,0.633289226,0.945183849,0.792223976,0.627501563,0.819886902,0.766865712,0.951099762,0.681597841,0.930585844,0.823075476,0.621844121
329,0.988738121,0.805046098,0.716350742,0.787762737,0.943143113,0.72196125,0.677070559,0.651628499,0.719143759,0.912019235,0.788650546,0.690992641,0.666474,0.733091791,0.975969749,0.737210685
330,0.99524963,0.794092182,0.671665567,0.956456037,0.784142149,0.883868537,0.993484633,0.62007014,0.638677824,0.888182697,0.712730001,0.673720559,0.615744752,0.608738685,0.909794241,0.653773371
331,0.787088246,0.842358726,0.77134072,0.610842661,0.913400601,0.60420529,0.904755958,0.957321798,0.773135968,0.814216989,0.790793357,0.755683447,0.954969814,0.957573404,0.734326546,0.846027902
332,0.970763025,0.9848234,0.803583616,0.781129922,0.711477726,0.983548749,0.657125722,0.83193183,0.713020107,0.711603316,0.761987435,0.999517174,0.621986523,0.831416727,0.633028863,0.661808332
333,0.775825177,0.804184053,0.703516963,0.726582852,0.634786808,0.721287914,0.986623376,0.977882953,0.733951316,0.828341575,0.963838156,0.602473529,0.924273428,0.979347821,0.636530294,0.664579074
334,0.984298521,0.815016057,0.605678654,0.7030528,0.77997747,0.877163564,0.893264151,0.998168605,0.71500448,0.815288041,0.813329419,0.762258104,0.667664758,0.990982625,0.941326875,0.799333211
335,0.841298169,0.690904421,0.817514828,0.877988053,0.806066811,0.996114068,0.844536662,0.748389485,0.908860811,0.668185005,0.753806325,0.73878358,0.772722838,0.91271193,0.793669213,0.91760578
336,0.830595561,0.736827774,0.923991497,0.695315868,0.689753192,0.80180117,0.704339698,0.603634814,0.859319011,0.804437529,0.778207126,0.986787406,0.828479674,0.945372631,0.655780094,0.827682585
337,0.947191851,0.833242303,0.887205671,0.748817427,0.636979807,0.783160118,0.757791756,0.946824073,0.697598121,0.986693691,0.983255248,0.699052657,0.739220782,0.958222296,0.986648888,0.777375641
338,0.728398818,0.810437605,0.875107683,0.709389806,0.89458927,0.620662943,0.619717797,0.754515082,0.741389277,0.726253286,0.796407905,0.728293433,0.676903167,0.72378782,0.989961709,0.764445367
339,0.777885111,0.830617996,0.993336307,0.696640511,0.872512844,0.886393877,0.842929767,0.635431336,0.87074891,0.625637884,0.83845706,0.895832471,0.684387956,0.936648803,0.612141522,0.937525145
340,0.78413162,0.687035176,0.653511258,0.981322867,0.629066235,0.679637368,0.739128939,0.84809394,0.817920434,0.650257397,0.715891193,0.695500708,0.685417142,0.764457735,0.881612581,0.686981173
341,0.746671552,0.756366971,0.990582612,0.981866543,0.920055033,0.696663568,0.627214926,0.726761655,0.70671782,0.80237032,0.911091164,0.943329176,0.937945634,0.743870224,0.874893737,0.725133679
342,0.624362217,0.880626106,0.603931021,0.763673035,0.731751708,0.877351015,0.906498189,0.721637854,0.924650806,0.717566704,0.778530544,0.890807411,0.877168092,0.994947389,0.69006441,0.864927165
343,0.843872763,0.966039382,0.662544857,0.900719265,0.827307447,0.709866348,0.789773966,0.733510639,0.831725361,0.955600244,0.827721994,0.852688967,0.807499139,0.620466203,0.693143423,0.796800692
344,0.724094113,0.672705439,0.801653137,0.729123917,0.703243057,0.785594167,0.653313703,0.971098293,0.947080839,0.883048234,0.642485531,0.910350902,0.923182931,0.907105847,0.645586355,0.857563183
345,0.933729918,0.83094136,0.85856295,0.783345392,0.811482928,0.613750743,0.855585209,0.632578885,0.774005838,0.717062039,0.81817118,0.653366534,0.876657361,0.918004615,0.66534178,0.641725235
346,0.658206193,0.950851025,0.811275705,0.786904398,0.642684728,0.859822403,0.947199837,0.931274348,0.850421884,0.630111487,0.644958811,0.619723595,0.702991687,0.654264587,0.704019216,0.754023222
347,0.977193114,0.844150424,0.933989514,0.8841406,0.645001252,0.894368163,0.710039553,0.855643139,0.736384789,0.999068905,0.705420592,0.711652188,0.972268902,0.609857762,0.878675595,0.890130556
348,0.934551431,0.989775724,0.990240768,0.626110703,0.928735729,0.858523973,0.858936854,0.651339971,0.860074867,0.992993032,0.964727428,0.775652264,0.615979189,0.744917396,0.930556125,0.880599641
349,0.783737462,0.622040614,0.770757891,0.787609976,0.971422213,0.856434441,0.724661167,0.810127306,0.626422123,0.989027294,0.744023961,0.791146942,0.74211359,0.873004692,0.864892863,0.886128924
350,0.707257292,0.726267392,0.650100492,0.862203989,0.615918851,0.839072934,0.947878354,0.956332859,0.779615104,0.783721475,0.630787673,0.86830601,0.928503768,0.697862022,0.768520353,0.935535735
351,0.950848187,0.697271992,0.820228254,0.67699726,0.640751506,0.964448201,0.928203002,0.904013961,0.619506528,0.937491517,0.77521763,0.736958049,0.818590544,0.636541297,0.90265862,0.832974031
352,0.674636039,0.67529288,0.673699461,0.622800955,0.83511938,0.936139271,0.606999286,0.619601858,0.829108111,0.927798274,0.730695556,0.73984576,0.838538599,0.709685156,0.610643346,0.894091407
353,0.850259965,0.8323024,0.896673652,0.870092335,0.682352795,0.740992419,0.650444057,0.651942805,0.870478299,0.943440043,0.985093034,0.851338847,0.673640529,0.642260138,0.925140389,0.831502591
354,0.847314008,0.912584836,0.881310891,0.933783301,0.622485562,0.899008255,0.940341103,0.714454017,0.85617891,0.725664826,0.983188427,0.613369429,0.831917138,0.666601419,0.884888082,0.670356113
355,0.694153305,0.797748324,0.96593398,0.684685749,0.657696008,0.903590733,0.800247813,0.964714045,0.658645823,0.858371157,0.693151658,0.662704171,0.873371766,0.837473848,0.901930983,0.723785031
356,0.779188663,0.762188671,0.993635786,0.716899583,0.717926895,0.741819284,0.825837633,0.700929098,0.966115976,0.706274226,0.958326293,0.641390025,0.862625081,0.962794207,0.667499775,0.987330784
357,0.781153344,0.978286043,0.870728017,0.720634748,0.67532101,0.721494018,0.637206964,0.657547187,0.641864176,0.769177417,0.918231351,0.656553422,0.652128173,0.85737158,0.678873193,0.639044015
358,0.666739431,0.969492558,0.928588501,0.741625825,0.862328307,0.814910269,0.870849705,0.873068461,0.851493606,0.706440547,0.615602568,0.782226713,0.956389554,0.827798903,0.932956417,0.996649737
359,0.665446482,0.876711056,0.869717429,0.991982179,0.994240294,0.874671445,0.697445917,0.919422335,0.642811654,0.912279722,0.96407845,0.753133358,0.852254118,0.772057093,0.775106022,0.724148356
360,0.904851848,0.974470626,0.976300344,0.669912514,0.94989746,0.894972577,0.70113496,0.626913845,0.707198907,0.964883295,0.85327147,0.888421864,0.70286094,0.887755262,0.611248603,0.750128538
361,0.850701339,0.658438626,0.92920143,0.69401252,0.860912445,0.762078857,0.838417438,0.642980221,0.60676512,0.963825771,0.707852004,0.927870801,0.99974012,0.684572503,0.706068296,0.865143915
362,0.986179454,0.966325739,0.801150208,0.918044113,0.654298341,0.990975274,0.985741294,0.665491583,0.71976925,0.640061999,0.70868704,0.926382316,0.751326243,0.635358787,0.73689021,0.992553334
363,0.851873438,0.766464379,0.666615405,0.994470719,0.928339604,0.712590921,0.628027478,0.622650223,0.64815126,0.832307433,0.971505368,0.798697371,0.937178193,0.778354648,0.883433418,0.892749095
364,0.669585482,0.744486424,0.854920863,0.628278643,0.744616075,0.813919787,0.998489797,0.789813425,0.926422703,0.772826914,0.918556289,0.838165921,0.954638177,0.764377021,0.841721768,0.852007472
365,0.766953177,0.657724817,0.637423763,0.60666862,0.949413706,0.694589965,0.6846027,0.89441416,0.728006445,0.802417877,0.665004426,0.983898289,0.94063256,0.945515849,0.762709499,0.904944485
366,0.657550462,0.603447601,0.607989173,0.834640695,0.782157962,0.80720614,0.602985256,0.769074648,0.887227264,0.777077481,0.892887683,0.693207586,0.925256802,0.835372496,0.68430524,0.69468819
367,0.851212186,0.931975837,0.766251113,0.703320172,0.946804643,0.867707317,0.779234195,0.795160078,0.681702587,0.850721052,0.743497004,0.998258071,0.792073406,0.794354242,0.826340715,0.966702401
368,0.92032724,0.780452028,0.887479706,0.8344942,0.796946819,0.676926309,0.785574505,0.698327435,0.96593686,0.734162725,0.980905606,0.813222116,0.852617751,0.817176178,0.651752247,0.750328488
369,0.639658445,0.849181618,0.778749678,0.911193989,0.688188192,0.665826423,0.762532892,0.970634153,0.884168726,0.76756945,0.806908868,0.633685204,0.993830359,0.866562922,0.714161627,0.834323358
370,0.643792946,0.986334668,0.669913995,0.859212127,0.698181785,0.887024553,0.910728547,0.869367892,0.845799784,0.956987638,0.631450684,0.732365906,0.699314992,0.995205585,0.755755912,0.89304508
371,0.873890066,0.684832495,0.695599072,0.712513825,0.764450911,0.693730026,0.607860593,0.951757223,0.986243933,0.736628155,0.735402752,0.602836725,0.872100275,0.930175958,0.65864332,0.66386654
372,0.9160333,0.846516299,0.617944223,0.849018796,0.723567089,0.747490062,0.907892567,0.924374077,0.760142651,0.978861174,0.762585087,0.908734414,0.793550906,0.959012931,0.963104497,0.634966723
373,0.974597333,0.930213937,0.916524286,0.680364536,0.922047684,0.940053094,0.715660134,0.980904031,0.619944059,0.659963701,0.815032455,0.830316988,0.858060033,0.606787652,0.98414671,0.617835237
374,0.657224781,0.605605807,0.826743373,0.972906754,0.866378866,0.929062987,0.605312481,0.816806119,0.783825191,0.799587178,0.628885274,0.873774144,0.801288166,0.90605954,0.794116254,0.659752654
375,0.859302782,0.668954545,0.948957825,0.845246496,0.662881553,0.984935223,0.807346185,0.629159381,0.850733162,0.701279563,0.921477381,0.927128829,0.991578942,0.800747812,0.781982752,0.901390242
376,0.652988263,0.818766206,0.81849904,0.635789249,0.767193634,0.941313919,0.942461449,0.639695066,0.636288353,0.705078191,0.949906425,0.651561034,0.887998721,0.640466248,0.849255141,0.74242692
377,0.915565585,0.69347618,0.855680732,0.694273014,0.885464113,0.949471214,0.65072072,0.946638275,0.837430102,0.650844196,0.771016742,0.664344117,0.880139156,0.903547254,0.642318608,0.802455941
378,0.925850022,0.974465217,0.805407147,0.980111689,0.814275588,0.757676198,0.939281251,0.797193084,0.788761004,0.796124996,0.938714001,0.932776617,0.761407997,0.733319944,0.79677121,0.829109004
379,0.695334884,0.917582034,0.794593106,0.733618219,0.642728397,0.695538064,0.979712469,0.722039875,0.667543716,0.784269117,0.722835097,0.6140637,0.729258087,0.81764345,0.820684949,0.742623568
380,0.778921103,0.986207167,0.750939391,0.703290725,0.697386818,0.783105845,0.903808059,0.682395274,0.883718451,0.608459929,0.767573191,0.910346026,0.735493182,0.825494841,0.681991693,0.896798156
381,0.620911641,0.941017058,0.679278555,0.949759213,0.741011697,0.88907343,0.727690119,0.962364668,0.65065485,0.671407916,0.79721205,0.632775376,0.678392074,0.977506553,0.990595864,0.750503732
382,0.969314408,0.81792987,0.707896986,0.880959488,0.863560723,0.995650128,0.706018915,0.868823801,0.620809502,0.645458415,0.60156735,0.999784272,0.920909479,0.914689206,0.80389043,0.720026833
383,0.660505714,0.713869896,0.750388489,0.902524039,0.815864716,0.630993451,0.607211604,0.640932872,0.764199485,0.973277167,0.854960992,0.92073036,0.786549838,0.744666433,0.643360149,0.950373209
384,0.913264012,0.667247239,0.804904226,0.794949923,0.850036621,0.978474758,0.831908577,0.816086907,0.620129173,0.62516299,0.674938717,0.612988309,0.897341158,0.889332122,0.654422494,0.93443156
385,0.661914414,0.720470235,0.69959076,0.748922839,0.701865506,0.795580371,0.762963153,0.994627796,0.62237054,0.656872551,0.621130358,0.850336478,0.621803711,0.934575895,0.804775452,0.81080305
386,0.824637803,0.668325483,0.679076121,0.727526929,0.837398566,0.68404711,0.646532691,0.988046755,0.608792726,0.921078962,0.91521406,0.718885646,0.654250646,0.658251459,0.878972647,0.857122636
387,0.91309827,0.974992469,0.876770945,0.662340615,0.697377047,0.936877492,0.68372243,0.629008927,0.881312022,0.761010542,0.968016021,0.860102028,0.636167591,0.979142627,0.703422905,0.734884996
388,0.760904165,0.620489719,0.798606169,0.649327396,0.760388131,0.740283915,0.909136033,0.921268205,0.661365153,0.746620475,0.749341264,0.660564178,0.919381402,0.882891331,0.676152715,0.746688763
389,0.64232201,0.851282639,0.64854877,0.994373667,0.91227283,0.75609542,0.831425573,0.964536726,0.821639712,0.669799395,0.751481342,0.937257946,0.857685206,0.860289754,0.946728594,0.957589223
390,0.967917029,0.637939677,0.817650401,0.896203808,0.902770738,0.842686481,0.666714934,0.918968222,0.888044533,0.634454309,0.78552393,0.66959096,0.734990818,0.607232437,0.760131947,0.819950768
391,0.847833037,0.865396138,0.934516525,0.686185163,0.648192729,0.940614869,0.662645126,0.989904033,0.937015292,0.800350642,0.99256857,0.638950692,0.721226304,0.855289766,0.740002747,0.971349021
392,0.626250435,0.819764733,0.836346507,0.86109125,0.702266489,0.745826571,0.937472212,0.677977108,0.930747139,0.825062169,0.904875004,0.885442947,0.683004598,0.827525095,0.947089261,0.772846495
393,0.986636308,0.78088604,0.657114255,0.755773872,0.980680963,0.72788834,0.947239264,0.952500273,0.74007461,0.633303063,0.889823164,0.72460492,0.913169446,0.777061939,0.794106697,0.911163763
394,0.752945332,0.777250938,0.750476188,0.746936206,0.810378631,0.923519778,0.744707325,0.809701888,0.86829093,0.707775779,0.711009122,0.973365251,0.889413829,0.83087467,0.859088022,0.611719777
395,0.847241186,0.803803549,0.818299872,0.743769531,0.632589559,0.677335693,0.980297885,0.763479825,0.786673262,0.621083916,0.615026492,0.886872579,0.815237866,0.803482394,0.697249812,0.897900293
396,0.667294632,0.675973897,0.784284869,0.714511945,0.698985192,0.858095058,0.860388698,0.929806828,0.767083427,0.629234036,0.709466554,0.992002185,0.83850343,0.883894834,0.602943132,0.807282293
397,0.615011463,0.827692085,0.96830834,0.987367652,0.81622107,0.783281922,0.978006838,0.869443933,0.625959712,0.786290231,0.696098007,0.787921729,0.782186229,0.832857921,0.742708196,0.66570818
398,0.801487774,0.932081154,0.865604891,0.735347146,0.974209209,0.964883028,0.68373936,0.615767034,0.896523483,0.931044105,0.987145826,0.955934558,0.840213907,0.812020936,0.611136421,0.698662579
399,0.783845901,0.85140156,0.822900733,0.897054396,0.711906772,0.825981043,0.635256897,0.765466209,0.900064333,0.877360341,0.996257095,0.71115645,0.79927572,0.731812166,0.776241246,0.942780052
400,0.87368363,0.952976477,0.681404443,0.949344447,0.62390491,0.955439712,0.731629512,0.725835053,0.804835431,0.976276075,0.619112546,0.74089239,0.942628795,0.758421791,0.679662759,0.769917673
401,0.754221001,0.966166481,0.90477375,0.802046222,0.995348227,0.786111013,0.623295132,0.704909729,0.774428192,0.66276105,0.979026051,0.906739559,0.70731488,0.836321813,0.888579663,0.976511572
402,0.95265414,0.80607689,0.909861048,0.824857902,0.821081556,0.645896783,0.650455063,0.811813446,0.707544618,0.608414761,0.889135682,0.612994639,0.838110736,0.815677518,0.987525876,0.793685256
403,0.625440575,0.820675187,0.936438468,0.998739714,0.772137269,0.728119497,0.962661319,0.676496852,0.846171566,0.76228577,0.616432946,0.73891539,0.706091409,0.874436462,0.979516199,0.707218875
404,0.924586376,0.622143927,0.815248404,0.628220025,0.973613196,0.906540512,0.863179964,0.929558553,0.859007918,0.987577759,0.885583179,0.969863444,0.806852757,0.646825765,0.811271089,0.650749131
405,0.836997392,0.792997224,0.849030159,0.604018792,0.677936197,0.796532173,0.980201425,0.753443616,0.76974881,0.885878436,0.841517103,0.71957046,0.764326558,0.68707992,0.986408584,0.652253753
406,0.748734714,0.610335589,0.688711797,0.912188455,0.680470093,0.632025361,0.789781272,0.603987694,0.633906462,0.923050348,0.908589338,0.966055528,0.941806174,0.873270225,0.620933143,0.913139447
407,0.938204324,0.919632858,0.803391614,0.693160735,0.93813199,0.890865124,0.99230447,0.662277039,0.690265833,0.68471926,0.917015907,0.674762919,0.626663932,0.999424323,0.609926885,0.934097624
408,0.746146737,0.936646184,0.821848196,0.960652492,0.970477195,0.603639273,0.63016487,0.700143492,0.867726167,0.955308879,0.783976781,0.842789247,0.675399941,0.921986734,0.986931245,0.707439573
409,0.797930381,0.634446444,0.823654663,0.801113377,0.657774594,0.776826485,0.733641861,0.80873235,0.834261734,0.603398231,0.904402393,0.885205717,0.746514554,0.621174374,0.901973016,0.982070064
410,0.696060638,0.729409845,0.673525156,0.830774449,0.661936558,0.742477577,0.878805206,0.824046393,0.754585026,0.768099841,0.824844353,0.602345891,0.631403947,0.952503227,0.631151596,0.882721438
411,0.968015266,0.708273442,0.748196575,0.827568562,0.952683588,0.976762235,0.895825299,0.634647904,0.867661662,0.764121489,0.7882804,0.619659356,0.676424856,0.916205443,0.781583533,0.720664897
412,0.75360763,0.941759805,0.899599607,0.708926159,0.647000736,0.700799289,0.96830258,0.832635535,0.813392083,0.83855744,0.746411306,0.922842808,0.8093145,0.646699161,0.65162605,0.814743659
413,0.974628087,0.723340849,0.947816468,0.905638235,0.699124977,0.614536299,0.640738906,0.891397574,0.679867895,0.748508368,0.800679666,0.890187267,0.645292489,0.762546562,0.794029164,0.816330826
414,0.927344257,0.668671278,0.923132581,0.877151371,0.822348326,0.879811148,0.764807096,0.655359034,0.866306096,0.809868923,0.85574992,0.735199512,0.962746631,0.834947947,0.634160994,0.779921596
415,0.902542422,0.917653825,0.797838821,0.957899028,0.707067375,0.764239479,0.959438764,0.958502687,0.874285108,0.943592219,0.635509307,0.94599799,0.728247963,0.671332605,0.695747935,0.767187403
416,0.700476802,0.728227034,0.653991394,0.718470706,0.828913526,0.776741483,0.738687504,0.898580852,0.957403989,0.902715689,0.732800281,0.897776867,0.660792073,0.652127195,0.738250815,0.923080948
417,0.698539299,0.625301364,0.652683814,0.943497987,0.853513314,0.701280465,0.82211833,0.811031849,0.862174391,0.693275022,0.945761195,0.723747425,0.877652662,0.606449859,0.749062852,0.740683927
418,0.817393771,0.629094505,0.916052549,0.687112321,0.870815126,0.921284849,0.824750782,0.896353283,0.864744125,0.742211919,0.923543416,0.717880548,0.828485167,0.898159096,0.751582364,0.721107043
419,0.783738404,0.927185398,0.971968705,0.818033365,0.864586482,0.961309449,0.639418741,0.692831431,0.883560003,0.929497785,0.942811611,0.766042871,0.635735961,0.775112591,0.692293836,0.716478582
420,0.908907023,0.630210834,0.931032487,0.771067634,0.838425572,0.635860892,0.734943631,0.635880368,0.984617489,0.92290466,0.783853102,0.689441019,0.973382042,0.737838638,0.664393773,0.825265755
421,0.977509648,0.601532116,0.695249937,0.975379056,0.668434387,0.645297381,0.828074886,0.944737529,0.790843927,0.997825703,0.87166868,0.629629963,0.997132853,0.763157695,0.714961014,0.823151673
422,0.721723037,0.634583003,0.600571337,0.779833341,0.934745369,0.828926074,0.99968292,0.714738658,0.712182026,0.663899784,0.665625435,0.714074638,0.917136018,0.962302716,0.990034868,0.692915862
423,0.952519018,0.731302036,0.645136218,0.94800997,0.854442254,0.665892358,0.771932503,0.714903078,0.894717827,0.781366492,0.995711978,0.621897993,0.742006106,0.792760067,0.801253422,0.726374329
424,0.8916961,0.949898829,0.975487721,0.922037351,0.940232079,0.82021812,0.930355291,0.721401564,0.759391505,0.726765206,0.786954934,0.714231846,0.984644577,0.725137851,0.639217815,0.810726866
425,0.622839631,0.644217267,0.687755756,0.7857401,0.773300373,0.919876745,0.895789862,0.770527318,0.733481683,0.726587514,0.909598035,0.620828962,0.60512866,0.918217757,0.79085855,0.652352455
426,0.694226374,0.973001581,0.94380119,0.88391402,0.792890092,0.80812945,0.990097814,0.986308178,0.686107618,0.924441827,0.678897066,0.685414991,0.870437214,0.762000439,0.972617763,0.635603894
427,0.804610256,0.967408612,0.961645464,0.662611685,0.74665508,0.84764856,0.663757954,0.987208869,0.965899731,0.666780072,0.648462185,0.634163393,0.963777466,0.677449524,0.766513971,0.779540546
428,0.839604418,0.628694137,0.690703447,0.972596155,0.963364043,0.912516259,0.607760498,0.730802707,0.851183494,0.710076085,0.963834678,0.853555785,0.628762687,0.963602236,0.983106663,0.631084967
429,0.812944094,0.721345713,0.757135631,0.671860487,0.831228841,0.983191741,0.80122904,0.633165833,0.848000533,0.736089198,0.942370076,0.773871259,0.677135844,0.676442249,0.907505672,0.706235039
430,0.906893358,0.682354924,0.728674547,0.786194789,0.97727834,0.97269257,0.68274875,0.743287616,0.659759755,0.803994032,0.78423302,0.960304065,0.972002151,0.753426956,0.796695177,0.9584945
431,0.922683123,0.601462525,0.728023826,0.768709697,0.691886513,0.679828646,0.615113803,0.85734789,0.705004116,0.620938871,0.692391724,0.920765581,0.940595673,0.793226498,0.766428268,0.991141477
432,0.680225864,0.686143713,0.716746871,0.669102927,0.751746239,0.964333691,0.846139136,0.764778619,0.973764318,0.619385693,0.684110471,0.826355442,0.846221049,0.615823003,0.761215503,0.859661586
433,0.879228219,0.855255961,0.72822529,0.637408049,0.770844979,0.651501775,0.979049463,0.790068346,0.72690367,0.906521628,0.799179437,0.72401361,0.924787097,0.94686086,0.869203267,0.618785769
434,0.826529152,0.905317965,0.654601205,0.691468301,0.952998042,0.608048689,0.901090855,0.789509317,0.778708864,0.602838613,0.927759292,0.74392996,0.816306253,0.870920275,0.881051831,0.982392024
435,0.812535981,0.75988782,0.981481451,0.856844094,0.719260143,0.650585698,0.937021801,0.744872641,0.864187889,0.788326568,0.679571912,0.840674643,0.624273228,0.765336984,0.818645976,0.77441879
436,0.89946887,0.931169982,0.90849723,0.615525179,0.677651508,0.814643004,0.973928816,0.93398271,0.937013803,0.721283278,0.771779159,0.788282379,0.662948633,0.612427252,0.97876116,0.696285034
437,0.695979561,0.633351622,0.971403101,0.831894846,0.866814743,0.964630755,0.738248068,0.848602924,0.615519782,0.674709011,0.932498322,0.906707343,0.740257077,0.750724251,0.813421773,0.600096402
438,0.696497734,0.683292723,0.700193179,0.922362337,0.711869543,0.676608529,0.801705384,0.946258015,0.696539882,0.631414497,0.742561894,0.89906073,0.820276218,0.926717348,0.983836859,0.917064991
439,0.841521232,0.797336635,0.616027635,0.993728792,0.753392449,0.660891286,0.866683542,0.713715316,0.834311308,0.834707163,0.778291928,0.934447446,0.705986825,0.779453037,0.815076851,0.865449888
440,0.91358874,0.757922913,0.858418778,0.660244381,0.97305924,0.753223523,0.891808569,0.608136433,0.682074857,0.794833018,0.951300987,0.81090206,0.971948193,0.793518759,0.796179639,0.647898715
441,0.921062498,0.698786165,0.959844996,0.964329688,0.977324045,0.808092196,0.870837514,0.911406352,0.652405847,0.840382878,0.613719161,0.799026433,0.661937073,0.67316917,0.746019027,0.772974867
442,0.84926897,0.629771367,0.801476704,0.673050052,0.82959007,0.854961845,0.822683703,0.895318204,0.734243698,0.906042637,0.773106833,0.793673799,0.859240851,0.607343354,0.861597689,0.84743406
443,0.723938847,0.634317714,0.63637418,0.969289499,0.875711728,0.650841046,0.742689268,0.836993198,0.934228682,0.617464371,0.694653253,0.955899596,0.60366622,0.680559641,0.98360967,0.845360739
444,0.704668547,0.626796438,0.611276536,0.697898032,0.952594328,0.766365462,0.888133348,0.967314014,0.763216185,0.676510948,0.806847172,0.963233475,0.921749766,0.626331937,0.87702912,0.828759009
445,0.962985271,0.648992567,0.813614445,0.951785077,0.764009515,0.792797967,0.628184271,0.711257456,0.72980266,0.978048979,0.713066944,0.784347494,0.868521769,0.664873349,0.794576955,0.895415616
446,0.946742085,0.85050371,0.867621406,0.650513389,0.978310599,0.653029631,0.909869175,0.705926529,0.973437257,0.887983816,0.901525485,0.687623669,0.777215991,0.847125278,0.907989447,0.64158375
447,0.984946127,0.956088268,0.708139436,0.929104097,0.807329569,0.784722593,0.725773642,0.832387435,0.891955647,0.764373162,0.851687677,0.879725168,0.884448727,0.620786439,0.943899122,0.783301326
448,0.704966433,0.696705803,0.793205645,0.954732616,0.751339033,0.899890299,0.638727492,0.790422681,0.996674456,0.908175121,0.684211395,0.800576589,0.693449905,0.763824371,0.912033609,0.908489926
449,0.691240151,0.968889327,0.837027273,0.751969716,0.800774232,0.842028501,0.823956213,0.794562014,0.801973122,0.670564764,0.925093162,0.816704128,0.652431945,0.906462841,0.972977591,0.97892276
450,0.747607093,0.654206749,0.807359851,0.645043692,0.973594967,0.673431851,0.701106344,0.762654611,0.753265787,0.917865157,0.782526728,0.668307304,0.706883958,0.803645354,0.658981567,0.84466227
451,0.826298923,0.885880927,0.975081846,0.964901824,0.978430247,0.697886239,0.652626123,0.72091068,0.958034069,0.98882139,0.94372998,0.644007088,0.978971199,0.769343211,0.603724116,0.776957496
452,0.618427668,0.817551168,0.735421611,0.789373973,0.845268144,0.947520438,0.864760631,0.773619547,0.927771141,0.962232855,0.647903987,0.812773191,0.713804784,0.618824479,0.867418678,0.945108311
453,0.665161062,0.924965463,0.941358293,0.965736177,0.706114036,0.961581226,0.728265102,0.820935205,0.620202988,0.617552435,0.888149285,0.777791991,0.70251695,0.676165398,0.867981396,0.600160618
454,0.922356468,0.631699842,0.676595846,0.754494558,0.793943496,0.741998046,0.728284866,0.985566405,0.856631872,0.609373182,0.772070363,0.95000348,0.720582475,0.637822538,0.903353909,0.842405533
455,0.828125003,0.621430624,0.656199604,0.849019758,0.683129537,0.801628032,0.817952674,0.713402876,0.979370062,0.936985643,0.888949403,0.631197547,0.642452008,0.797112538,0.66428534,0.991306185
456,0.663408094,0.794987134,0.745648423,0.855754569,0.651614564,0.772126571,0.709882013,0.95510061,0.616234285,0.965490998,0.933197655,0.719028287,0.915716262,0.612485424,0.98674622,0.810637977
457,0.72131241,0.745033285,0.626562141,0.995739806,0.615716778,0.861962849,0.777094371,0.979566487,0.698399896,0.81283473,0.792942483,0.881146578,0.627204093,0.677515652,0.685825928,0.895260302
458,0.675655479,0.829396706,0.686097528,0.94464998,0.976874182,0.80739719,0.740923554,0.69362311,0.619912401,0.70740003,0.861694312,0.813446773,0.977616511,0.758510905,0.877545337,0.795729099
459,0.805030486,0.707109726,0.781980311,0.788313999,0.882657009,0.976256,0.731728511,0.616880187,0.79851805,0.817784533,0.66737622,0.904185843,0.993971643,0.978309887,0.678842416,0.950145296
460,0.881797455,0.781538626,0.816244398,0.93984007,0.792053976,0.749282948,0.797298997,0.831651922,0.675631062,0.960363092,0.86967478,0.853307567,0.63979849,0.841669575,0.648384265,0.63147907
461,0.810924358,0.761114214,0.835524108,0.635688867,0.772393225,0.669914686,0.994840034,0.824460085,0.874974744,0.730167312,0.637895566,0.990348345,0.714503614,0.769523274,0.859945569,0.609878919
462,0.924103652,0.814631276,0.711286875,0.624643194,0.664999366,0.958013544,0.87440969,0.699960689,0.626240306,0.876246125,0.82896309,0.76180781,0.74544458,0.68672571,0.867844503,0.988267211
463,0.670286098,0.838846648,0.769674022,0.778675489,0.701658912,0.93005395,0.794102242,0.817362341,0.721904365,0.672723386,0.634364155,0.885647656,0.678493713,0.876030142,0.756150578,0.76630992
464,0.787670998,0.747083403,0.640247991,0.723852724,0.865493744,0.866313761,0.714489723,0.784041051,0.677378891,0.684148833,0.609218835,0.95869862,0.684282666,0.691013551,0.711840573,0.650963229
465,0.855705153,0.630057181,0.653680971,0.857902691,0.735864248,0.883179131,0.822969898,0.702408469,0.86033118,0.646509472,0.814564153,0.774859242,0.707149433,0.841601999,0.948533437,0.99956188
466,0.843105107,0.76188235,0.69008284,0.702838436,0.791781991,0.746911081,0.965525809,0.747318187,0.749377836,0.753413805,0.934648084,0.860315328,0.84566754,0.733657209,0.927161671,0.615345545
467,0.948318869,0.80509996,0.759300094,0.798866912,0.866966212,0.605106171,0.948620743,0.77869581,0.737186608,0.655298226,0.77578615,0.798529109,0.761458678,0.871464038,0.768358612,0.984567031
468,0.839711007,0.922991174,0.643742361,0.758916517,0.734739081,0.827792955,0.944445408,0.631335287,0.629029919,0.940127083,0.685140034,0.867501302,0.817151253,0.933157438,0.650035564,0.651913186
469,0.822727344,0.978551461,0.765999103,0.73077684,0.842675729,0.97217944,0.934771133,0.998193444,0.609027433,0.645143258,0.843787105,0.928230576,0.714097737,0.695684435,0.91479032,0.622552742
470,0.747753059,0.802323689,0.82413947,0.891446063,0.741938289,0.845073738,0.834150169,0.81904644,0.856193317,0.703779668,0.633859501,0.647708669,0.689832953,0.800079174,0.9361771,0.880517337
471,0.915616242,0.74039025,0.761861497,0.757472754,0.676749274,0.624486663,0.836366437,0.995686673,0.666731882,0.618673928,0.911812673,0.701034403,0.931857522,0.881574667,0.978269415,0.763570894
472,0.864787936,0.785941912,0.852235479,0.779839562,0.675452899,0.803158966,0.811433681,0.924241539,0.894208282,0.86551665,0.645354838,0.888246516,0.800122063,0.957639814,0.967948374,0.622062636
473,0.928256624,0.615078956,0.74686785,0.81691999,0.659240319,0.898525525,0.603341882,0.667439619,0.832318732,0.885755025,0.966657241,0.882198661,0.868711708,0.757736459,0.60051377,0.648063703
474,0.813821818,0.870051954,0.766979314,0.892271605,0.808744918,0.629670478,0.6768065,0.935999289,0.889965099,0.957904795,0.6470229,0.996089014,0.683762686,0.604711951,0.998969176,0.712429554
475,0.867207781,0.670672926,0.832091413,0.961613995,0.728072467,0.86810159,0.675161436,0.849918159,0.734580141,0.684483303,0.72527282,0.671536427,0.960766443,0.758874755,0.698111722,0.779363136
476,0.728214467,0.897767702,0.988487965,0.775213463,0.94441336,0.826345229,0.662894266,0.876249097,0.805373799,0.860242609,0.955874965,0.776173828,0.960471049,0.900267606,0.79544197,0.841288854
477,0.730232453,0.99343892,0.866940465,0.617538741,0.730648762,0.849325774,0.622533311,0.609553677,0.780009696,0.733076072,0.775319443,0.705077324,0.665887099,0.875657343,0.805828447,0.680061684
478,0.727835771,0.836723163,0.628891739,0.658981204,0.629298242,0.924926933,0.900963693,0.901325173,0.886530137,0.867754169,0.790796766,0.856911265,0.615344622,0.848585769,0.911151082,0.800143344
479,0.743005331,0.710970694,0.85712082,0.877120479,0.94838704,0.736933633,0.907908923,0.82454233,0.953134596,0.811124843,0.807051931,0.831150833,0.899726142,0.985876192,0.629425342,0.621373841
480,0.975020135,0.81195025,0.845961206,0.792969441,0.637462981,0.907235751,0.898889858,0.724681329,0.722495698,0.935136552,0.628942903,0.952442059,0.702664676,0.837193899,0.974397672,0.871249001
481,0.765771925,0.875813684,0.737591855,0.710903367,0.998673311,0.900316092,0.857887991,0.742115857,0.619664332,0.61242275,0.821672502,0.904813088,0.814951676,0.936314029,0.613370613,0.746700831
482,0.694828156,0.778909187,0.628950557,0.981652657,0.68930216,0.96892311,0.770357262,0.994209653,0.821623353,0.972333146,0.602139595,0.899295522,0.961220261,0.655888227,0.638450341,0.769829043
483,0.973471562,0.816954624,0.810982585,0.656450447,0.600315804,0.924056036,0.635029825,0.853539927,0.965846582,0.683460765,0.866109134,0.631479431,0.841502058,0.665572688,0.894381424,0.720492518
484,0.785356404,0.839772217,0.668509364,0.896655127,0.721056136,0.864948744,0.66331322,0.875247064,0.651275229,0.770142599,0.698882429,0.8993501,0.704814002,0.952686923,0.956728085,0.678576526
485,0.845538378,0.635087057,0.75661484,0.885328692,0.863769299,0.849880268,0.713016345,0.75120998,0.641178458,0.887609128,0.801555519,0.883506253,0.69957741,0.729775291,0.733686135,0.610296964
486,0.736419149,0.921321829,0.958919398,0.807287326,0.782200678,0.612329847,0.951681735,0.605204085,0.977900032,0.795686499,0.736773797,0.969687374,0.609756397,0.832569958,0.81957301,0.68772816
487,0.771554973,0.860905602,0.890852479,0.600286743,0.974741372,0.665810149,0.693432174,0.705389378,0.615128055,0.649220849,0.994539969,0.726086695,0.646120436,0.642796504,0.887783987,0.941827466
488,0.70278092,0.608363805,0.689236007,0.622606276,0.641357975,0.772603248,0.691967348,0.806378351,0.701397501,0.97621492,0.962377587,0.826722442,0.741769597,0.752458753,0.764740913,0.891031729
489,0.780655598,0.942691979,0.977637914,0.734378461,0.824277793,0.638022615,0.680187619,0.765386307,0.682481086,0.950624196,0.663314502,0.782264329,0.842279696,0.876745563,0.753227748,0.947639627
490,0.82732766,0.775803112,0.626896254,0.785875787,0.928294336,0.845816407,0.932864981,0.797604668,0.647384682,0.605455938,0.721287819,0.879196189,0.916103962,0.718301134,0.798261568,0.768447562
491,0.764209114,0.692539485,0.654548442,0.678675423,0.622132955,0.679252297,0.603680359,0.85090336,0.726550163,0.989257885,0.67748682,0.738331428,0.743136463,0.603380598,0.935683181,0.612797784
492,0.976071934,0.95682974,0.814208766,0.81743823,0.861511169,0.754820005,0.858888913,0.617907355,0.621619051,0.782892168,0.81984892,0.955127056,0.641864254,0.929059171,0.684018935,0.757633459
493,0.726640974,0.760062109,0.660198199,0.80142803,0.920657036,0.776613604,0.79624543,0.939507034,0.882423246,0.796181763,0.703078259,0.953970699,0.830808161,0.688459044,0.707647901,0.921253236
494,0.617658225,0.996836875,0.652140672,0.91842741,0.757910127,0.796886473,0.952260231,0.765164476,0.814997501,0.619719865,0.60093899,0.697919949,0.872233237,0.648505957,0.645504784,0.764384243
495,0.859134815,0.884828797,0.67138027,0.631835259,0.976158814,0.704266553,0.941338599,0.94539658,0.909009037,0.667533443,0.928720584,0.907700224,0.838689196,0.734880814,0.705003442,0.648755685
496,0.803902827,0.83410435,0.743735596,0.790143627,0.745405783,0.856402423,0.960503683,0.665568105,0.752563524,0.656347442,0.849977508,0.891548204,0.972765093,0.711548771,0.980084482,0.625305069
497,0.841205545,0.622853088,0.957509675,0.811923623,0.86773934,0.93262957,0.660124249,0.615436625,0.951552458,0.725973291,0.651591563,0.787384495,0.83932243,0.612388241,0.709958263,0.61311995
498,0.768134156,0.958040012,0.993060965,0.854819021,0.664655078,0.962339756,0.806499129,0.661499725,0.968690668,0.90298762,0.892682109,0.883672282,0.680135928,0.684402677,0.875317199,0.6878891
499,0.775468679,0.91280073,0.913581007,0.781304709,0.916875975,0.935448718,0.861910301,0.691370341,0.709604712,0.725936462,0.646721643,0.709263848,0.68380769,0.7821315,0.963375019,0.641792127
500,0.88810717,0.874913202,0.638301679,0.969028962,0.827388881,0.745490208,0.902615433,0.702946183,0.877403935,0.615884483,0.935763215,0.779268339,0.854677166,0.688495128,0.870829485,0.90889611
501,0.789285275,0.84709077,0.78253037,0.957636548,0.799147672,0.936723484,0.920540823,0.764201929,0.692033797,0.762432853,0.93048695,0.691053014,0.809774538,0.922438699,0.74139099,0.856883855
502,0.69825263,0.643711778,0.91775369,0.639587449,0.708552558,0.942043769,0.738587715,0.98921814,0.991893734,0.707310408,0.616391289,0.882025314,0.780394601,0.640301138,0.883009128,0.612469964
503,0.948078676,0.655461012,0.650924751,0.670268919,0.984106543,0.877267744,0.920548614,0.759053994,0.734525091,0.693793603,0.792259211,0.820731493,0.852709937,0.702847402,0.979461632,0.667903399
504,0.98626127,0.605942449,0.792450277,0.733347135,0.779649366,0.828265832,0.774235663,0.76593874,0.893089366,0.87435051,0.933308513,0.699983592,0.843811404,0.834077914,0.747895124,0.794423017
505,0.725512857,0.656737759,0.685520484,0.642205459,0.87322783,0.864290957,0.980242549,0.891871365,0.620818336,0.95369807,0.945070065,0.777328128,0.83434522,0.990431333,0.812921746,0.962128731
506,0.633215503,0.676420747,0.776301977,0.833902723,0.926491141,0.995304846,0.755540599,0.618966254,0.920468601,0.841752288,0.679417144,0.797931383,0.896924098,0.908164715,0.799847365,0.722085812
507,0.989497033,0.865345044,0.763295008,0.71218529,0.892441193,0.696873378,0.668683996,0.811933556,0.715994957,0.851562058,0.64717547,0.861976442,0.713318611,0.600097174,0.650774423,0.973446151
508,0.946941856,0.693443613,0.911348762,0.843428637,0.988361885,0.749442264,0.872584245,0.625414289,0.758498939,0.985527064,0.81559235,0.715151801,0.648108385,0.881411336,0.857942417,0.749575485
509,0.980376541,0.608881125,0.721489541,0.968427795,0.728374175,0.700901134,0.813688164,0.9295207,0.641258704,0.977208284,0.918029152,0.672500102,0.884803184,0.753983489,0.760917871,0.913316037
510,0.985113923,0.650662349,0.768252095,0.792376643,0.750524727,0.745275649,0.620907467,0.874215448,0.774485767,0.677917521,0.926413401,0.921024299,0.794556651,0.719380264,0.85523709,0.715260854
511,0.694403172,0.892205862,0.616130096,0.637907388,0.60271527,0.661177275,0.627596003,0.998320947,0.715523988,0.659707205,0.696398503,0.974450229,0.808064089,0.745927239,0.949356583,0.757996108
512,0.734003428,0.682913009,0.75111873,0.726673742,0.870921584,0.715833082,0.830879899,0.626356866,0.676515663,0.762962109,0.974779702,0.750900794,0.865629648,0.702034889,0.65081343,0.62341464
513,0.722165399,0.663064411,0.669604179,0.904303723,0.606335228,0.82312405,0.751784552,0.80262,0.825132095,0.725347078,0.718043544,0.89336074,0.948510795,0.677032653,0.639047504,0.959118323
514,0.739958185,0.820526956,0.743817258,0.650320935,0.835732658,0.810056341,0.681197424,0.780747618,0.918779002,0.836170441,0.638766931,0.819208599,0.88109532,0.917081362,0.851647031,0.661063266
515,0.884069307,0.870936738,0.609770753,0.764699067,0.733180099,0.867764826,0.686454325,0.836348769,0.965282385,0.919120949,0.968583094,0.991402387,0.604268051,0.849096511,0.765135759,0.943941796
516,0.700725881,0.992411796,0.845483188,0.917414961,0.634239821,0.673383154,0.903361469,0.608794609,0.926751194,0.605579607,0.862847536,0.746037568,0.844597941,0.878412563,0.736990088,0.643184979
517,0.627858347,0.835574409,0.808262141,0.896880404,0.803894204,0.768978316,0.759234871,0.610578761,0.734222881,0.990408063,0.94942223,0.731751227,0.835118162,0.938918698,0.776509735,0.607183146
518,0.629804185,0.804157089,0.98777575,0.877283817,0.628366477,0.67574435,0.908529257,0.936575904,0.847077834,0.857769268,0.61133498,0.931412104,0.915310083,0.703614058,0.883470688,0.685941843
519,0.616132064,0.680454617,0.671451551,0.735099199,0.767379799,0.803415557,0.79070155,0.708269842,0.611668267,0.842040649,0.758297932,0.719468863,0.946776417,0.898697323,0.943106219,0.797993118
520,0.652372501,0.878488574,0.682429512,0.776491868,0.626000316,0.930123361,0.650376256,0.961239003,0.945692241,0.785833106,0.897747282,0.84777803,0.921230257,0.77272204,0.914323394,0.784982727
521,0.976386315,0.79454884,0.785047709,0.914028745,0.928631077,0.821795646,0.671919125,0.787103292,0.987229001,0.901194477,0.924465042,0.6131302,0.787143785,0.858648453,0.932013073,0.619709461
522,0.940975554,0.819360375,0.678925588,0.726902087,0.712771821,0.812343614,0.620674272,0.663414463,0.925077217,0.653041596,0.693358508,0.781348242,0.806848355,0.905444192,0.778932971,0.915945848
523,0.847338523,0.645239896,0.662532575,0.77481349,0.758755757,0.897417708,0.832294856,0.755253232,0.668304113,0.690734841,0.830200407,0.769375522,0.805971004,0.668270974,0.865162501,0.941015496
524,0.703175803,0.79660569,0.990210932,0.733296696,0.838018538,0.63607828,0.842406001,0.635852709,0.983694174,0.886265061,0.915263915,0.881641744,0.835891614,0.779965112,0.943349352,0.982734267
525,0.799614469,0.97261402,0.833333164,0.815353675,0.781793093,0.683715105,0.601487864,0.696602491,0.803889269,0.751983981,0.779394091,0.992259288,0.740108948,0.780873176,0.653406221,0.619183093
526,0.910163806,0.82827327,0.904281922,0.65994512,0.828731508,0.70145699,0.691224727,0.604610406,0.652136289,0.723707245,0.646751504,0.994343376,0.723453059,0.652129579,0.679632925,0.835081291
527,0.62561741,0.944973652,0.984599872,0.698698968,0.780038107,0.60885378,0.85628409,0.765570423,0.708023386,0.682734844,0.861609231,0.766486812,0.671863716,0.875643633,0.826028913,0.943468822
528,0.64699036,0.914266641,0.869406715,0.646004375,0.877928292,0.776618916,0.977993914,0.65664454,0.857133356,0.752792018,0.982725868,0.731989958,0.984874364,0.96059434,0.708153294,0.921416711
529,0.998241681,0.701065201,0.774710868,0.808072295,0.717972454,0.606105936,0.688051698,0.712774754,0.777439881,0.668440991,0.949301743,0.881964453,0.634080191,0.86003698,0.861462591,0.982488469
530,0.601208349,0.69917298,0.971116592,0.972853566,0.888234568,0.906305328,0.636593183,0.805550334,0.692633197,0.672487217,0.92412132,0.654015255,0.787460655,0.975431296,0.674332822,0.991197369
531,0.997715194,0.822246862,0.668057096,0.726441955,0.769797133,0.72372969,0.712254232,0.988891884,0.661345931,0.893331163,0.600164116,0.838473068,0.966377202,0.715173638,0.67421039,0.860671918
532,0.885040563,0.875212208,0.727726752,0.700880961,0.98236752,0.969319803,0.782926644,0.938477546,0.780929391,0.769755607,0.662705179,0.770562423,0.814966775,0.609001731,0.777645202,0.912542487
533,0.872018423,0.854062796,0.963822171,0.607212804,0.822819034,0.914939539,0.816534153,0.729558221,0.654500226,0.955025229,0.788304957,0.951246079,0.834340849,0.869676847,0.921704462,0.863662218
534,0.759221936,0.805453354,0.92121821,0.749460119,0.755248583,0.638276046,0.965833774,0.636414526,0.859283671,0.765277792,0.762247756,0.871820735,0.626837493,0.837482313,0.908812714,0.931285103
535,0.668212156,0.95896762,0.862458437,0.95274192,0.794112287,0.816813338,0.967615311,0.959963817,0.779264349,0.709765053,0.757268174,0.755105731,0.71474675,0.707431842,0.944425175,0.627944768
536,0.871044473,0.669128021,0.737802357,0.624617214,0.707989455,0.907368428,0.95400613,0.688610861,0.785419136,0.788129619,0.949430122,0.905119621,0.805230887,0.86829888,0.938942022,0.603815582
537,0.761156012,0.962897267,0.896125212,0.81713655,0.811857811,0.739108039,0.808208213,0.86215328,0.767345215,0.885661259,0.944492891,0.661873939,0.780618809,0.763208037,0.874985922,0.699946986
538,0.856100366,0.950995697,0.76725264,0.96440628,0.997265496,0.64243682,0.693221275,0.980151901,0.983331075,0.63908291,0.6059994,0.664440009,0.998405113,0.671999847,0.801019043,0.939367091
539,0.608160644,0.841795593,0.71081018,0.944933967,0.71338446,0.874702288,0.869687853,0.68859742,0.61391968,0.76369983,0.715677261,0.9235911,0.920145675,0.782809581,0.84260489,0.841703806
540,0.930863259,0.770000966,0.710178672,0.706013967,0.814476912,0.779659281,0.776048308,0.636454936,0.887441496,0.685494675,0.678781452,0.765103328,0.691111337,0.833543307,0.748585336,0.779564689
541,0.814867729,0.681414209,0.662300649,0.952168761,0.773489481,0.764837444,0.61424486,0.799190521,0.821667889,0.823536348,0.882812468,0.670992734,0.700889254,0.924292186,0.978868247,0.654373099
542,0.799059822,0.685670501,0.624029267,0.730201335,0.65747505,0.883973229,0.813490165,0.657533788,0.603696635,0.92326282,0.670477762,0.842486657,0.734768765,0.834194375,0.726261451,0.634775824
543,0.689180003,0.675223427,0.771207741,0.863313513,0.70552243,0.604827974,0.807574946,0.842303796,0.985148198,0.835788321,0.788469024,0.82936065,0.971160252,0.931351258,0.729191493,0.694901745
544,0.705053445,0.801768416,0.89761978,0.801287683,0.627118558,0.88943228,0.922388051,0.715799146,0.865650296,0.77063676,0.955647742,0.938090223,0.810172799,0.876602218,0.95333988,0.798286804
545,0.725300296,0.901466455,0.688026502,0.755412459,0.946290895,0.889768936,0.761524402,0.685897801,0.742387356,0.71364166,0.670435715,0.897333165,0.700827955,0.781666988,0.754343779,0.992830951
546,0.756436898,0.631992993,0.635930301,0.836301489,0.839745421,0.767503596,0.772737477,0.621573033,0.806618604,0.80189579,0.659819727,0.641535754,0.649428996,0.640411299,0.843883278,0.678593061
547,0.700572061,0.669428858,0.983134122,0.941846985,0.692197935,0.731026518,0.683957137,0.796750384,0.607844213,0.868547204,0.80926326,0.959455571,0.665757074,0.921643698,0.916784406,0.650872476
548,0.75942369,0.668061056,0.7018882,0.70529847,0.822494558,0.764564373,0.979093122,0.650548057,0.989476854,0.692255456,0.909149575,0.73558797,0.657232558,0.943155674,0.72354436,0.863542162
549,0.826577474,0.788702524,0.798327789,0.892895166,0.635109166,0.867272265,0.958324841,0.623115279,0.656261336,0.886652775,0.774912659,0.761419448,0.654786654,0.802708016,0.650618124,0.790648183
550,0.90544612,0.703305743,0.792314467,0.996806388,0.874660169,0.936542709,0.765939043,0.907144369,0.616203669,0.649164473,0.681228237,0.76078077,0.938297951,0.73850642,0.861848477,0.883725718
551,0.834472942,0.742896787,0.830821337,0.736906237,0.633549495,0.997121591,0.650872981,0.628939354,0.9514123,0.720733864,0.86011879,0.731602292,0.756581708,0.704845189,0.737217602,0.76428016
552,0.888166428,0.804614478,0.977426087,0.616752158,0.801227329,0.833689916,0.968078794,0.619663409,0.829399834,0.941451971,0.696771091,0.950516939,0.607617364,0.892981852,0.973245288,0.862879065
553,0.775611698,0.617952407,0.968045525,0.788118489,0.611598698,0.875928429,0.792734901,0.649738127,0.685708724,0.625796272,0.829717416,0.848811792,0.802296919,0.926840853,0.944403529,0.846249759
554,0.605102592,0.878091862,0.767199687,0.826222993,0.859632241,0.740094646,0.966839402,0.653589947,0.868604723,0.601743832,0.969860442,0.645001653,0.637953692,0.733203053,0.749426514,0.685720029
555,0.834048664,0.777165639,0.613670236,0.727860825,0.924173165,0.875880614,0.889948341,0.87924677,0.724389209,0.639865569,0.708986874,0.93271412,0.992188319,0.797538806,0.603880142,0.656017925
556,0.72883223,0.831434139,0.630037458,0.977342919,0.746033469,0.965033687,0.912208721,0.902174909,0.842687832,0.850713527,0.855201294,0.851488555,0.821491293,0.994565607,0.892916227,0.910778555
557,0.948985126,0.686255905,0.633521664,0.793157775,0.805632278,0.931672712,0.777513432,0.82834121,0.810828375,0.615281114,0.846085959,0.931217314,0.663000219,0.837732694,0.837444218,0.665673986
558,0.649385429,0.992020777,0.757487668,0.690968691,0.668529818,0.867040685,0.843778119,0.857420849,0.635202411,0.957413833,0.755706559,0.725347763,0.784944579,0.756026426,0.945430801,0.97170439
559,0.721381287,0.945574323,0.912609252,0.972323069,0.698300125,0.83078366,0.709817834,0.929637796,0.602129676,0.825927665,0.735681373,0.729073483,0.85796253,0.94059378,0.843678157,0.941269191
560,0.705838845,0.807800742,0.780214616,0.60465796,0.822724857,0.86460973,0.836765762,0.89451196,0.828535811,0.626700102,0.64657821,0.838589831,0.709991677,0.631858052,0.771841097,0.821729039
561,0.731498395,0.888173481,0.857508243,0.733127344,0.901949012,0.859478017,0.854978151,0.82137108,0.604555867,0.878602873,0.750416716,0.977043884,0.927193908,0.835077788,0.700872793,0.681486957
562,0.736153935,0.790627177,0.718426204,0.805971798,0.66614817,0.991085125,0.643169822,0.972777656,0.965431205,0.810144193,0.889964109,0.774419319,0.852013831,0.736230375,0.720463608,0.831291914
563,0.79925187,0.831814548,0.714664233,0.746783133,0.633559184,0.620910549,0.701382852,0.629698744,0.641509883,0.925171362,0.615549479,0.863577118,0.7090231,0.948618272,0.793996914,0.722230584
564,0.807055574,0.752783208,0.825720426,0.645813147,0.998796201,0.770222351,0.739292256,0.884083939,0.745559763,0.933309722,0.78170829,0.887823365,0.642981287,0.938447674,0.894287195,0.684686711
565,0.658114404,0.726516939,0.990428234,0.70273263,0.782450884,0.61200809,0.758891012,0.828528006,0.981249845,0.806694418,0.92764293,0.818851057,0.616314005,0.72600331,0.830219803,0.980237586
566,0.943652144,0.691342246,0.688043932,0.680469187,0.968999559,0.941066461,0.909953373,0.757094046,0.801752282,0.785732698,0.701359243,0.802011218,0.612198619,0.652724149,0.954635838,0.900671907
567,0.769147364,0.806860145,0.747999554,0.896311947,0.913674872,0.905314076,0.88904469,0.681801735,0.735187992,0.787938174,0.732317197,0.90197608,0.73174141,0.655292835,0.759616181,0.991965773
568,0.690352565,0.844863464,0.77318922,0.628409827,0.795150642,0.880865731,0.80528799,0.948842425,0.715574807,0.634499669,0.974626245,0.75127854,0.830562221,0.91680125,0.729725466,0.886465815
569,0.65416754,0.716517499,0.657884254,0.924492223,0.689059694,0.886961422,0.977319359,0.811108884,0.816011677,0.784413427,0.730356057,0.790262012,0.841123013,0.994396629,0.975105824,0.944861183
570,0.955652214,0.787139673,0.862977731,0.958026689,0.757180306,0.984704991,0.766314425,0.840433066,0.883921885,0.980236805,0.69784651,0.898452391,0.808326234,0.707422856,0.910642736,0.820888912
571,0.864389528,0.729160427,0.792509581,0.8469417,0.761964326,0.679349016,0.984656197,0.804587016,0.893568148,0.764418877,0.742052706,0.762865719,0.763678658,0.817672046,0.817387948,0.798861526
572,0.653914314,0.798430191,0.66764156,0.650454315,0.973058287,0.841980005,0.863796023,0.760717468,0.963592357,0.855172196,0.907667948,0.747424988,0.984004752,0.928184516,0.941579385,0.668877707
573,0.708385283,0.71425064,0.708363689,0.942163265,0.612753918,0.630439996,0.709565948,0.67994919,0.692743846,0.919177276,0.825250638,0.602308265,0.771729106,0.763153971,0.645578108,0.870456715
574,0.880838875,0.888357288,0.891388378,0.600021131,0.981568322,0.925683507,0.961592679,0.606257318,0.973543518,0.923915411,0.934887657,0.637314954,0.895511212,0.983966676,0.871418937,0.828224562
575,0.978251871,0.777174849,0.839717427,0.790535317,0.973138489,0.630433891,0.80044788,0.874780977,0.916762615,0.833207459,0.963567098,0.976796579,0.625727689,0.760948216,0.609383609,0.731766663
576,0.814747287,0.964317972,0.938621729,0.650999891,0.63721215,0.835706936,0.812847189,0.706551057,0.959781234,0.970946564,0.761044575,0.956121023,0.753579558,0.894726733,0.790376887,0.649033263
577,0.97117368,0.781638637,0.893794816,0.746869526,0.607552351,0.640212143,0.798487792,0.875985743,0.733894131,0.878195384,0.879454236,0.881574363,0.797008742,0.96595446,0.795678607,0.780106077
578,0.679752328,0.723062035,0.616933797,0.853414117,0.699414298,0.721662102,0.908325809,0.730888473,0.696878357,0.6676231,0.909943361,0.651882503,0.781501504,0.802772046,0.874955965,0.853313393
579,0.924288269,0.617900574,0.71857629,0.712053648,0.658406762,0.715671302,0.723906126,0.808753785,0.865481792,0.752440205,0.887788093,0.734466135,0.716113471,0.816475222,0.609486544,0.631915649
580,0.767187817,0.977165085,0.888604712,0.635250628,0.938527205,0.892920308,0.84437861,0.928117184,0.761643939,0.68860042,0.804809356,0.819536702,0.815330549,0.826029517,0.979481967,0.960898249
581,0.950286815,0.920566724,0.977371243,0.639397857,0.706049305,0.798022378,0.938613797,0.802066285,0.899213896,0.655583962,0.700965525,0.892710438,0.665893604,0.740542374,0.705946503,0.739944678
582,0.88332962,0.747138872,0.822105329,0.639972751,0.922007077,0.74795545,0.859413664,0.890155841,0.683864369,0.953869994,0.846489701,0.771490057,0.672934073,0.976920375,0.902027282,0.683209825
583,0.73508431,0.923869703,0.878271065,0.906313717,0.776480441,0.886590505,0.754597489,0.684505167,0.853070814,0.99040557,0.724240389,0.784387837,0.869600548,0.816602513,0.937371118,0.904697083
584,0.623318882,0.999368494,0.900960981,0.945561327,0.860479085,0.942514051,0.64495319,0.739095134,0.950568377,0.680662085,0.631296839,0.915247576,0.934194462,0.665060887,0.941738393,0.874707118
585,0.808033073,0.932100077,0.7676997,0.677597582,0.713941071,0.802065607,0.812532317,0.922232331,0.916541089,0.832546623,0.912314193,0.676709383,0.620025811,0.949453529,0.630221798,0.698675372
586,0.87812758,0.763779175,0.950525588,0.719191918,0.604748539,0.720262256,0.83123002,0.75037535,0.813949102,0.950639248,0.964994022,0.706389626,0.784856189,0.819657606,0.979644983,0.999446928
587,0.6941629,0.890791949,0.751212425,0.603243279,0.603701009,0.784226403,0.795333965,0.609027879,0.874770967,0.717601355,0.823957241,0.720367629,0.666853726,0.762869495,0.692909346,0.813920391
588,0.679531412,0.803362391,0.662951406,0.868389884,0.901575074,0.644157694,0.787120965,0.62834868,0.839272978,0.705761719,0.811049783,0.806984404,0.969741738,0.819633289,0.833199392,0.76066125
589,0.979631841,0.910874364,0.714162116,0.937683834,0.772958544,0.931466857,0.929155227,0.675548075,0.880456453,0.716257188,0.718997068,0.718539231,0.890227299,0.691930417,0.600362334,0.886094741
590,0.668473898,0.641792958,0.695006448,0.751960209,0.790362531,0.617828016,0.988229333,0.886425221,0.729277626,0.727478903,0.77941702,0.850497929,0.658549227,0.675571926,0.943773833,0.70250197
591,0.752077999,0.94850874,0.865259132,0.736684752,0.873479818,0.607873286,0.894257064,0.794806416,0.925272859,0.981855061,0.97031542,0.963706017,0.804867982,0.744056846,0.78601413,0.875958401
592,0.953599111,0.682794521,0.967277263,0.926072093,0.991542406,0.952100709,0.711974932,0.642382365,0.644896429,0.716489327,0.84567349,0.92172813,0.959700123,0.849501354,0.602252525,0.674526711
593,0.639890482,0.74532979,0.800540397,0.617358871,0.73939119,0.67167187,0.858828067,0.785708948,0.798127059,0.771076715,0.982407884,0.68589405,0.806665704,0.894406947,0.822737765,0.971608354
594,0.751187342,0.785470322,0.635408926,0.843599644,0.715284787,0.664123616,0.817812517,0.812924105,0.630348656,0.879286181,0.849508876,0.675606913,0.787773945,0.888129167,0.811774296,0.75819563
595,0.728935383,0.844157547,0.975643479,0.868697936,0.629898361,0.784273989,0.956329653,0.63778497,0.995550285,0.979627757,0.631309792,0.973365328,0.745253036,0.937883667,0.767353335,0.776342045
596,0.853697236,0.909790968,0.61351566,0.837262398,0.674693198,0.738379807,0.739187466,0.787624136,0.733654565,0.642944447,0.658251495,0.613375194,0.788099634,0.981779078,0.646270089,0.978505797
597,0.893344606,0.854999521,0.858111102,0.930691059,0.642767946,0.801901729,0.878836455,0.834728178,0.933111628,0.628908684,0.876280416,0.813611092,0.751664346,0.736109993,0.848333053,0.95639815
598,0.79847037,0.929889266,0.760862553,0.640957785,0.624602295,0.620533749,0.752060057,0.7348951,0.887174809,0.897128601,0.620341588,0.688449305,0.70970474,0.819044794,0.65780609,0.653576488
599,0.977515556,0.921681163,0.672261961,0.762627123,0.7422488,0.91640163,0.804085167,0.651139895,0.895596825,0.758755191,0.705169699,0.750199449,0.799102625,0.737246207,0.696762309,0.759400812
600,0.607669164,0.908999138,0.668377957,0.617561845,0.861479477,0.909574452,0.925531653,0.797403673,0.682147274,0.894891071,0.879885231,0.698508294,0.961363102,0.641748583,0.993075296,0.944099124
601,0.875159458,0.975499955,0.888924467,0.676182799,0.776862455,0.62860121,0.755862969,0.896641208,0.75457734,0.73211767,0.838142289,0.948881812,0.619033277,0.754188174,0.663296297,0.8781417
602,0.642289824,0.865923103,0.714472348,0.679566725,0.974541023,0.607409831,0.775110909,0.608650797,0.793437219,0.800418951,0.728664989,0.652864711,0.750555015,0.868905176,0.912958323,0.812300241
603,0.835933758,0.680246548,0.714932133,0.664758244,0.69971814,0.689954712,0.807779515,0.825075502,0.977978968,0.678228259,0.856670284,0.926903708,0.824096586,0.702001461,0.705020092,0.615701221
604,0.722177691,0.897841472,0.619007103,0.687718113,0.882492999,0.913060625,0.782127364,0.879229735,0.755180867,0.663965298,0.759259797,0.831987128,0.979221313,0.627500381,0.802957638,0.731567911
605,0.803324678,0.609590179,0.725210142,0.927947259,0.821576694,0.780232997,0.714210029,0.719217009,0.753240573,0.934228284,0.986885283,0.775462153,0.757341135,0.93862031,0.770762128,0.820807269
606,0.692376666,0.897401014,0.812795327,0.92361382,0.912293092,0.686001907,0.88625422,0.920021763,0.738442896,0.669043645,0.601052862,0.780361461,0.740973093,0.821963934,0.675216437,0.943866219
607,0.703102086,0.690571842,0.792285623,0.799540409,0.686034092,0.708744291,0.667882096,0.887384071,0.908035613,0.784931399,0.885634809,0.894374157,0.655310211,0.98647121,0.928412779,0.681793384
608,0.674466014,0.650264458,0.655351425,0.89926472,0.787861703,0.913173669,0.898501958,0.841845085,0.874546643,0.60734229,0.724711059,0.855128872,0.603737981,0.613190777,0.940755193,0.873609945
609,0.706147893,0.875185136,0.916982668,0.722717713,0.614414951,0.97311165,0.738071935,0.642592705,0.796742749,0.907387118,0.688658926,0.70779602,0.697085995,0.996669221,0.678961493,0.830208087
610,0.970105857,0.658758628,0.988341679,0.978990894,0.953828795,0.685822609,0.853622022,0.904356589,0.994411171,0.672169529,0.90641036,0.735520468,0.670250586,0.768550776,0.917534365,0.785939921
611,0.81500924,0.998063764,0.75964372,0.846160302,0.746097681,0.757114259,0.878256301,0.97515479,0.81694358,0.907359972,0.635682624,0.684463215,0.800852656,0.608004689,0.701141992,0.806960516
612,0.605984479,0.705818514,0.805612328,0.829259699,0.970300677,0.858138249,0.765894321,0.972140471,0.913953193,0.680003568,0.652336945,0.870324654,0.823953266,0.915869446,0.89552202,0.850084614
613,0.994552869,0.813435892,0.645242303,0.931309426,0.700741345,0.910920859,0.982842838,0.878718206,0.838412064,0.78415447,0.745763946,0.7412019,0.854549082,0.900509247,0.871406828,0.67936404
614,0.797594872,0.916656029,0.790281631,0.814649312,0.908454419,0.864506123,0.763737968,0.958165084,0.665026827,0.998206579,0.647541031,0.605979988,0.95600756,0.697981403,0.891879851,0.92440615
615,0.943594556,0.996637694,0.717615884,0.884097337,0.646159943,0.762723717,0.939188677,0.747063218,0.836438152,0.801509377,0.858380612,0.989157756,0.622294211,0.829584607,0.945211512,0.792553085
616,0.631410874,0.824215741,0.732829556,0.661976714,0.939613805,0.808639805,0.973310565,0.922406602,0.877188718,0.602010201,0.771129383,0.678994513,0.964319164,0.669833594,0.714424021,0.806734707
617,0.705345448,0.683945871,0.83963973,0.635571809,0.623267103,0.748898118,0.888265782,0.821922703,0.769150587,0.826300626,0.746180594,0.974458534,0.621961956,0.869356592,0.956513066,0.921553883
618,0.673616414,0.71837054,0.886819175,0.633708224,0.92474468,0.887562778,0.89184266,0.640096548,0.887104218,0.87192725,0.932368996,0.616638383,0.609244267,0.74920284,0.659515314,0.823353791
619,0.966939561,0.756591892,0.937980151,0.60009635,0.667405857,0.612169416,0.731258872,0.963275838,0.638780849,0.842563911,0.780598376,0.975387285,0.649007657,0.68481114,0.611816787,0.7735741
620,0.71113316,0.947962374,0.841976325,0.845636295,0.812764279,0.636740135,0.778007473,0.999802076,0.934091716,0.957383622,0.929290544,0.641216677,0.690979302,0.601248661,0.72140405,0.643442961
621,0.789117338,0.870850995,0.949802118,0.899686866,0.975434238,0.621559316,0.604871934,0.864535246,0.715740964,0.701400406,0.732354835,0.707918423,0.804574563,0.776059379,0.804971421,0.869085445
622,0.754852204,0.700523075,0.666480215,0.739789648,0.89672259,0.902681964,0.866762155,0.69361127,0.835234498,0.828275865,0.793706479,0.819991595,0.796716253,0.826182546,0.886202382,0.643851278
623,0.899850301,0.65435446,0.626651199,0.990431874,0.982796708,0.624174618,0.777301377,0.674497975,0.794137959,0.932070897,0.98024471,0.853701061,0.741562267,0.841330226,0.724800522,0.963929456
624,0.948160185,0.8232927,0.729919566,0.71735587,0.613367198,0.92632834,0.780153285,0.730053171,0.788444142,0.927495196,0.649845683,0.943062395,0.959003534,0.978683166,0.758995197,0.686856162
625,0.749456327,0.733164838,0.670461565,0.842906668,0.790649664,0.946280397,0.612843832,0.857547171,0.905179551,0.903794628,0.954429587,0.891613497,0.971124025,0.73306264,0.801283767,0.605631865
626,0.602783035,0.696050648,0.640322879,0.704084547,0.670817318,0.61140801,0.963721659,0.603289253,0.894432858,0.660859155,0.964891849,0.957118376,0.861560459,0.86889366,0.602135657,0.993948626
627,0.951133041,0.95804249,0.863697815,0.737914771,0.95745946,0.716606771,0.825084617,0.639892389,0.968782252,0.656308183,0.689958722,0.823253663,0.9056372,0.847740522,0.692853565,0.600377217
628,0.902860232,0.99408293,0.923965248,0.784082647,0.961506905,0.763939069,0.809973634,0.790851907,0.779049549,0.910076308,0.810707563,0.726686849,0.703263267,0.615098927,0.833278065,0.691984566
629,0.659253569,0.861531986,0.872483703,0.900861957,0.801430759,0.957621842,0.974537101,0.922948376,0.854237393,0.721488381,0.993177969,0.709654467,0.681062769,0.776861646,0.622736228,0.991397786
630,0.835373423,0.822780837,0.862318512,0.798809459,0.612825407,0.844924516,0.886469551,0.766699624,0.902918229,0.69080052,0.688510636,0.664566795,0.748797904,0.938804814,0.931164825,0.753129683
631,0.835647494,0.888326527,0.69648271,0.667256434,0.988838397,0.847022925,0.992566289,0.735102395,0.88121268,0.689041455,0.704480069,0.804760849,0.72784725,0.667048626,0.705152281,0.614299358
632,0.881769449,0.796846663,0.637697227,0.668677597,0.641013815,0.845037123,0.637684145,0.901712933,0.608204368,0.699750315,0.95626667,0.887412527,0.629187333,0.928450442,0.797214049,0.938713211
633,0.84029591,0.872733213,0.997400624,0.692934218,0.84957823,0.784128556,0.615780781,0.605788257,0.647691431,0.859636696,0.826865235,0.821371824,0.612742705,0.787721199,0.969849127,0.759036748
634,0.849968988,0.91192747,0.913570112,0.807712033,0.943180778,0.756551237,0.955477286,0.696090867,0.712086563,0.62124825,0.918232735,0.766822094,0.691646646,0.692716111,0.960559976,0.93356664
635,0.821412354,0.84644432,0.789730228,0.756666617,0.966190752,0.650245081,0.767378716,0.737824763,0.799260288,0.78305275,0.807555813,0.655967591,0.805256601,0.696967526,0.67373254,0.625933688
636,0.905061024,0.770976768,0.850657473,0.891037337,0.871726666,0.788200288,0.755159412,0.750383964,0.856019519,0.797917742,0.939652899,0.949880794,0.668224151,0.654493461,0.85216037,0.720490299
637,0.607428288,0.955457068,0.690760307,0.971712261,0.88697378,0.905061396,0.680584598,0.69367777,0.808507102,0.668839941,0.722172677,0.728584991,0.663851973,0.682073133,0.915420737,0.666878342
638,0.611382957,0.851741977,0.990393248,0.732485526,0.647462281,0.82815493,0.962541684,0.913624712,0.849006347,0.726022599,0.816752069,0.636497937,0.87157817,0.890038408,0.986012649,0.704158943
639,0.607382568,0.818243386,0.882716202,0.91616299,0.677495573,0.704701148,0.80503637,0.732240324,0.944204595,0.789504061,0.919831458,0.832247904,0.909236057,0.733069195,0.932566649,0.709828926
640,0.818439523,0.685602845,0.790210609,0.727270084,0.706681372,0.986794007,0.664029642,0.914930335,0.993665984,0.607960593,0.879610966,0.701164722,0.61619513,0.761155832,0.974087124,0.604706038
641,0.835154277,0.800558591,0.949353666,0.633600686,0.872610412,0.872043879,0.867632007,0.976933798,0.929235012,0.61678909,0.78843314,0.759181222,0.724058888,0.78053469,0.753677674,0.77293356
642,0.991704746,0.63545319,0.968892348,0.792094685,0.849496898,0.932073187,0.744185212,0.772168763,0.763807392,0.749892409,0.970211729,0.931571956,0.643599996,0.643249341,0.771147806,0.639462951
643,0.847637238,0.657476643,0.808949306,0.602887979,0.726638539,0.870876289,0.793615576,0.991307794,0.949641518,0.743628312,0.618194617,0.93825052,0.964493724,0.928250957,0.651179976,0.999166054
644,0.703433689,0.889681965,0.963213951,0.694274846,0.963303422,0.723792632,0.990565289,0.712504008,0.98137433,0.62141786,0.883708805,0.812844454,0.791150831,0.689397726,0.882238316,0.676323797
645,0.821136718,0.701298145,0.982248552,0.611452478,0.679891312,0.696924243,0.76562713,0.693092097,0.796539636,0.948986209,0.884825369,0.831984792,0.635601271,0.877596843,0.666565714,0.914546954
646,0.700022703,0.766819491,0.740188081,0.943525566,0.650617783,0.826257953,0.656824644,0.881918334,0.962031251,0.773843062,0.795236904,0.970969135,0.808396555,0.795039375,0.831331641,0.875691895
647,0.64275335,0.928444211,0.774202011,0.628939404,0.914473068,0.750779989,0.640146998,0.853511616,0.952052541,0.955101404,0.98306539,0.947082184,0.600856368,0.752096467,0.927417032,0.746501202
648,0.840619403,0.842526779,0.746010122,0.961789571,0.801291338,0.785913682,0.999005498,0.797400146,0.671359301,0.805227769,0.925606694,0.910744131,0.915432706,0.883209514,0.701687132,0.944833634
649,0.957377386,0.677661079,0.652182255,0.990241987,0.947329585,0.957294459,0.954550554,0.81667473,0.858560695,0.818145141,0.62048254,0.898201234,0.802132813,0.85908363,0.801055922,0.796724529
650,0.668715644,0.711485486,0.663541077,0.678266518,0.989190952,0.661245378,0.70770817,0.836235863,0.84407143,0.661589652,0.91748697,0.914081147,0.694927082,0.715466521,0.975195146,0.930268578
651,0.879118813,0.632893289,0.767305632,0.823720749,0.674964515,0.779290633,0.840410351,0.730950672,0.912377928,0.936179833,0.729443788,0.935462862,0.641430626,0.935091639,0.661100173,0.633170861
652,0.856710162,0.788774946,0.96315624,0.745275678,0.714860905,0.800293962,0.782378474,0.737771218,0.877496519,0.903824734,0.941193588,0.989142642,0.706662477,0.886437393,0.757703294,0.870832789
653,0.790392676,0.997509241,0.891560854,0.98099652,0.93398782,0.961160404,0.925767679,0.783663652,0.700715381,0.74812807,0.608094493,0.809597267,0.80202312,0.810100186,0.98961249,0.964581601
654,0.664685111,0.747553009,0.769582472,0.744213167,0.919398385,0.809615068,0.828839927,0.941205424,0.922371261,0.652884609,0.885565834,0.774174452,0.717859561,0.620007528,0.794899824,0.742174672
655,0.700605216,0.877868692,0.907794155,0.697915808,0.619778975,0.93950108,0.603983896,0.974844998,0.85104795,0.728738654,0.698591164,0.603602266,0.694188567,0.655091321,0.844866488,0.666618235
656,0.811451935,0.836046569,0.719216679,0.61402598,0.614901552,0.610538933,0.895649867,0.727203882,0.918520074,0.77269313,0.78119924,0.805153041,0.885212583,0.709401146,0.64863494,0.822422934
657,0.730791049,0.776996525,0.858778683,0.797650296,0.848111527,0.817680001,0.895918549,0.882374647,0.813675957,0.871561208,0.949423841,0.772908515,0.765105229,0.905698248,0.833021535,0.628402712
658,0.956844806,0.612313241,0.899358542,0.903517657,0.981244434,0.621653763,0.838742744,0.771136228,0.732253182,0.636127424,0.825061648,0.79161629,0.641821783,0.844995803,0.895181248,0.90691132
659,0.962149275,0.763788297,0.981229107,0.946171762,0.718600628,0.663713215,0.774155758,0.760759483,0.830287722,0.833354493,0.899994794,0.803955979,0.641929056,0.943316534,0.723905833,0.988518984
660,0.647144043,0.983300469,0.636404723,0.692414455,0.618631977,0.882045259,0.940119495,0.773628433,0.97140883,0.836119629,0.852002854,0.938167681,0.718720082,0.741706289,0.962380768,0.960385398
661,0.99059311,0.960735327,0.650948814,0.929489714,0.763935391,0.996320542,0.788912386,0.821534433,0.811909966,0.728694812,0.630008836,0.958260492,0.921070325,0.655810712,0.910707309,0.850338666
662,0.763657515,0.70160846,0.943891513,0.880075304,0.819095964,0.843827414,0.636426473,0.789567904,0.677480117,0.683353472,0.864521585,0.964502461,0.761502644,0.683099709,0.859498775,0.948474819
663,0.89932752,0.947502892,0.814621868,0.900750498,0.656025824,0.739309846,0.755819666,0.804518298,0.971630544,0.949718624,0.653810197,0.669115861,0.74305622,0.716297546,0.845908381,0.961110419
664,0.984916617,0.861441181,0.935263681,0.81008088,0.683330779,0.809875365,0.822033041,0.896983026,0.687953196,0.747324153,0.745610988,0.983775838,0.777577984,0.902037587,0.900324553,0.706217674
665,0.828747876,0.957721157,0.790079088,0.978047003,0.685783292,0.629663642,0.956581549,0.939072479,0.99703595,0.871757395,0.974675171,0.93077961,0.937770533,0.827656628,0.752945839,0.973823229
666,0.77284687,0.815527747,0.778445723,0.825927326,0.788202032,0.619187023,0.952819274,0.777757528,0.835577459,0.655675121,0.601355139,0.698116037,0.881834413,0.639677812,0.963554976,0.686009028
667,0.681837446,0.672603185,0.605592685,0.908722187,0.950013812,0.845665081,0.675279993,0.714111199,0.790370679,0.981738381,0.698940549,0.892658362,0.775779289,0.719138939,0.782366375,0.628482687
668,0.919474948,0.697320771,0.890164849,0.627339349,0.982039422,0.677205994,0.95309683,0.923789284,0.98714397,0.791156264,0.890958918,0.748284263,0.673747295,0.777230373,0.666299606,0.992817849
669,0.638498596,0.835684689,0.850585542,0.815231817,0.864874354,0.64647231,0.82200741,0.714885028,0.976070425,0.904828661,0.989005793,0.615022428,0.71405327,0.678169035,0.604461835,0.696930292
670,0.871510393,0.692435569,0.803601378,0.955127246,0.877503168,0.757851628,0.748987576,0.782294326,0.670816576,0.853600307,0.745661128,0.94094614,0.902621064,0.844205266,0.745680889,0.683972733
671,0.910460746,0.79456364,0.689900015,0.678069846,0.666160362,0.910864478,0.691594874,0.810656905,0.780618544,0.83184436,0.95086196,0.947098956,0.780430429,0.6061465,0.770577522,0.842477415
672,0.823105904,0.860534442,0.661630293,0.85861404,0.673060647,0.900209592,0.735635045,0.883958173,0.61914624,0.76314401,0.882013809,0.690748207,0.918114818,0.852311893,0.835024709,0.741419542
673,0.792980588,0.83893972,0.788984846,0.87932533,0.773478773,0.680909273,0.685573513,0.602321508,0.720383086,0.899567056,0.917665084,0.680987017,0.983617599,0.800961117,0.9667915,0.882706113
674,0.888973369,0.634017449,0.687996451,0.603525933,0.886451056,0.737775315,0.914661006,0.735574488,0.927733501,0.652279301,0.669349263,0.736350616,0.763394956,0.739481124,0.905458813,0.638780557
675,0.740486808,0.934896,0.626718831,0.976937403,0.994526737,0.63542727,0.716509009,0.748960266,0.910556547,0.838370725,0.85774628,0.903003929,0.6471916,0.933283783,0.882247922,0.83093669
676,0.955894134,0.880122542,0.680679985,0.771898152,0.797617147,0.622087051,0.981855005,0.651430904,0.878984507,0.802492414,0.6102529,0.96989899,0.940734724,0.809703171,0.691576934,0.648649156
677,0.745356992,0.702171312,0.80267648,0.986563718,0.829981397,0.955972422,0.860351535,0.790098611,0.941843025,0.788547244,0.947451268,0.716630708,0.65152523,0.942125786,0.834966066,0.955636959
678,0.975130883,0.621451356,0.800387721,0.74998582,0.850343359,0.917436479,0.712236086,0.822719354,0.883491432,0.653772433,0.925626762,0.84244384,0.979814975,0.735811568,0.643258377,0.80260048
679,0.634324309,0.987810609,0.615473983,0.90140156,0.810040959,0.747448261,0.626336866,0.84886677,0.834088132,0.712353309,0.964088681,0.721644003,0.779890164,0.817504982,0.640092751,0.972864688
680,0.749814461,0.632311686,0.754916469,0.840081019,0.805461069,0.87781679,0.622193577,0.713816244,0.927692231,0.631957475,0.942194382,0.636758437,0.933781686,0.74431536,0.844883625,0.661154846
681,0.626467489,0.686375282,0.651141527,0.724962359,0.805753299,0.835503785,0.915947243,0.862495957,0.84350333,0.764712811,0.789523374,0.765808332,0.936866412,0.692000181,0.602288373,0.860527959
682,0.680984873,0.956046055,0.943618532,0.630690949,0.642555362,0.798068637,0.843689065,0.709963335,0.886719087,0.837966408,0.729929644,0.610148595,0.900060113,0.685901466,0.933789497,0.768116104
683,0.830830977,0.949179492,0.9454492,0.74860783,0.683555557,0.910058431,0.773232081,0.676816797,0.961770137,0.679241678,0.610322867,0.60811199,0.848926143,0.864670024,0.724416682,0.728004396
684,0.735797566,0.872063419,0.623253516,0.971646541,0.689008418,0.999869282,0.668609078,0.908618583,0.689365018,0.632338721,0.94997333,0.943500504,0.761428157,0.880958457,0.822826373,0.941182445
685,0.726022388,0.80946896,0.794148948,0.741562331,0.956582026,0.66635117,0.659803456,0.830763814,0.862997692,0.677847702,0.756286977,0.978625537,0.698646969,0.867344281,0.896059757,0.77925148
686,0.975010395,0.894662694,0.783169832,0.827734081,0.877045377,0.836876072,0.951479034,0.742755465,0.719954296,0.685535556,0.615113187,0.617205586,0.948022077,0.871357259,0.864212966,0.845857128
687,0.939687658,0.79210677,0.948164331,0.74377801,0.970683002,0.879462792,0.702870854,0.825633969,0.813212225,0.655159529,0.836497162,0.725914249,0.620939507,0.979462463,0.856596148,0.950767573
688,0.870422402,0.742793477,0.805075229,0.870298704,0.98410093,0.701467784,0.949990823,0.969631122,0.868166206,0.972506651,0.759151435,0.98120647,0.881113151,0.616802307,0.962749133,0.793789124
689,0.784130794,0.826586642,0.659753819,0.787666419,0.932450887,0.606192984,0.709166864,0.600981835,0.766284524,0.891326204,0.919508732,0.978075904,0.843401845,0.701850747,0.96965918,0.910126302
690,0.829771393,0.878256086,0.969726542,0.884957611,0.747349803,0.885211281,0.616111265,0.754566225,0.762529213,0.666735294,0.609234192,0.653352495,0.861848598,0.920915527,0.995281397,0.738545401
691,0.839751689,0.974857987,0.666816713,0.887058235,0.901991493,0.635590214,0.944499754,0.925242019,0.613361203,0.636433766,0.619650758,0.733897413,0.803715596,0.812939091,0.707066704,0.964638755
692,0.747305116,0.618220062,0.720090845,0.812443769,0.763288729,0.709537008,0.6525293,0.9276658,0.998458097,0.731816853,0.752648418,0.84721501,0.88737659,0.756811814,0.961971807,0.824001596
693,0.780156031,0.858669101,0.981121539,0.917820918,0.616005252,0.732923964,0.788217874,0.725807029,0.880075024,0.93050766,0.892538038,0.995733315,0.709019059,0.949995798,0.906649066,0.744871503
694,0.893649817,0.641630383,0.915733393,0.812932241,0.716916069,0.862310921,0.856647999,0.683794489,0.612158966,0.773449035,0.827804748,0.950642111,0.971286718,0.811522087,0.901521394,0.775721309
695,0.898432863,0.68192061,0.748425894,0.8536912,0.607263186,0.888984524,0.934214201,0.759656664,0.779176967,0.940512885,0.910261854,0.715259796,0.729590443,0.871551293,0.825279237,0.664891828
696,0.723971964,0.959993311,0.875269775,0.994389727,0.906805012,0.976789773,0.68647543,0.90859395,0.608087008,0.868304009,0.787712911,0.738704029,0.944961741,0.941707077,0.608920682,0.843802049
697,0.74713289,0.766264401,0.932816296,0.723935909,0.977219524,0.671853531,0.865088969,0.868842027,0.700878065,0.729900244,0.933919397,0.904722102,0.731638352,0.813582619,0.624672119,0.683498353
698,0.794328224,0.634389494,0.937332942,0.887202484,0.977453468,0.877386762,0.976160549,0.821805022,0.840087444,0.990788422,0.856851659,0.612314628,0.889521111,0.962187477,0.9182321,0.833533309
699,0.868521405,0.996076716,0.636264835,0.866897931,0.713359078,0.856036159,0.84304943,0.661382733,0.682698658,0.848651831,0.651291979,0.70607235,0.934098219,0.730836602,0.795224063,0.976456134
700,0.690859636,0.755850407,0.84258311,0.902135572,0.960661355,0.966189195,0.91065603,0.691332335,0.609923732,0.753509572,0.65661954,0.884155059,0.864452235,0.617588657,0.934637512,0.699497307
701,0.77289083,0.867173494,0.771767515,0.776515121,0.626251198,0.76057742,0.905939157,0.966070535,0.765398855,0.769434331,0.881050843,0.9771088,0.706824376,0.776057683,0.918389297,0.843877428
702,0.644234538,0.851093094,0.674698514,0.804086374,0.811641307,0.950481345,0.78499771,0.711776969,0.692386539,0.949700751,0.668404342,0.770347424,0.674869246,0.909321616,0.789749056,0.740457476
703,0.744439856,0.940885683,0.821509582,0.88714714,0.958815407,0.96069667,0.731403622,0.980980505,0.609950353,0.750734224,0.958319543,0.709854752,0.70923258,0.721048914,0.844925354,0.77533311
704,0.890693935,0.957964257,0.86967975,0.681786688,0.973072761,0.705797149,0.659957718,0.635986912,0.825353496,0.645504985,0.655510354,0.720012192,0.712661204,0.841695804,0.926698112,0.904539862
705,0.704993782,0.698124199,0.986316612,0.603294497,0.951888213,0.679891408,0.978913729,0.736922914,0.77614071,0.882848246,0.835067621,0.727175732,0.821532366,0.892282754,0.616933978,0.604479722
706,0.783226776,0.652734647,0.865737717,0.685620982,0.773140443,0.679068375,0.819393434,0.646421384,0.609242741,0.620452655,0.981703377,0.656914487,0.883391301,0.627170482,0.643264141,0.803550501
707,0.785948372,0.980632124,0.977934181,0.911843457,0.840840732,0.781984127,0.742471414,0.978835019,0.841163525,0.831629011,0.692760449,0.618679127,0.978075432,0.725494104,0.777035609,0.645855977
708,0.934769732,0.611052733,0.933596305,0.656114005,0.954625645,0.891909055,0.665868105,0.826327197,0.725062526,0.67129324,0.94367288,0.761409107,0.759417486,0.66795467,0.75322627,0.948646739
709,0.745251484,0.980641425,0.97852356,0.657959464,0.670924501,0.945069628,0.757104368,0.601749593,0.709548728,0.839051597,0.919706386,0.653355447,0.644216546,0.968837061,0.900459347,0.83591184
710,0.907674716,0.771541745,0.903382299,0.748721197,0.697637829,0.891605369,0.767868917,0.992550842,0.739794073,0.968690968,0.973185019,0.696741179,0.919288473,0.773229802,0.967009891,0.780049709
711,0.897721487,0.786786964,0.691120302,0.679740052,0.770172478,0.902197863,0.842028594,0.875451716,0.71293054,0.792574138,0.617758106,0.927012966,0.995956865,0.762751625,0.604385461,0.667917056
712,0.861010751,0.844831727,0.915145888,0.701553604,0.905452766,0.875193609,0.729125799,0.818195259,0.658909523,0.781025801,0.952478936,0.768476552,0.935826683,0.836101346,0.676750685,0.832442498
713,0.802393332,0.759456534,0.647852176,0.766683466,0.62910495,0.639507621,0.766366613,0.722152593,0.97021773,0.750282322,0.903143249,0.812099011,0.881634267,0.704046393,0.976761989,0.812035399
714,0.932529629,0.746018277,0.64008454,0.869484659,0.603103859,0.790117191,0.677120761,0.850950202,0.991767949,0.785761163,0.926999303,0.803113675,0.798336012,0.972169397,0.955986347,0.914320186
715,0.718502301,0.818003366,0.689558893,0.777566679,0.793685226,0.932656016,0.958411346,0.765848025,0.607081778,0.944709536,0.669711471,0.848752786,0.60998836,0.75980259,0.994384121,0.64027744
716,0.769477261,0.72285998,0.962035249,0.947736043,0.695079504,0.632475115,0.850855358,0.734547485,0.868833756,0.612847902,0.653359694,0.874548893,0.684948262,0.94303507,0.623436355,0.686192793
717,0.999424099,0.773230441,0.881186265,0.67306522,0.843947494,0.890442427,0.725790654,0.931558845,0.841367031,0.755649204,0.823056957,0.830704339,0.666214117,0.761092948,0.737372235,0.760361089
718,0.904444235,0.793015363,0.976126461,0.717470565,0.766281431,0.914782724,0.818409837,0.818811259,0.621336065,0.759439865,0.708293493,0.999734049,0.723342028,0.953798614,0.870493494,0.736366564
719,0.817413751,0.936214352,0.953347319,0.66415755,0.735829256,0.734089272,0.616817918,0.839295104,0.941928021,0.752629755,0.896014378,0.851080165,0.750259494,0.65642392,0.883729541,0.941826068
720,0.874341797,0.607151394,0.686493158,0.627791994,0.82815444,0.902591072,0.644231675,0.935335128,0.822203591,0.875987605,0.988560739,0.633472395,0.960489609,0.650441078,0.757183523,0.940575479
721,0.962501695,0.802548669,0.837641855,0.883258934,0.933103467,0.648604468,0.924027723,0.79251046,0.78024937,0.769559901,0.803684634,0.978020221,0.819281509,0.981271015,0.672116052,0.889654392
722,0.924895815,0.871651533,0.842768912,0.825925112,0.944372193,0.928658639,0.648915488,0.939435063,0.765627448,0.701478732,0.947907427,0.77280992,0.923345876,0.705361445,0.601571729,0.798183677
723,0.640091303,0.901750382,0.710430054,0.777458259,0.634813426,0.714663699,0.912596097,0.660635165,0.858863824,0.966970341,0.871934704,0.924408676,0.643588652,0.70029273,0.957815541,0.886042245
724,0.855821531,0.865506694,0.765680222,0.617822653,0.913776617,0.871485294,0.789121786,0.959903846,0.734463866,0.717728698,0.94911853,0.918795062,0.805991924,0.652293896,0.686028589,0.862491196
725,0.754016495,0.934589277,0.979982004,0.92225477,0.751018169,0.915474572,0.740576669,0.666840035,0.613357282,0.754286685,0.961423721,0.695594635,0.682605266,0.987928314,0.610001645,0.91431286
726,0.728547982,0.614995183,0.967121016,0.655856932,0.820711713,0.709621683,0.626077121,0.619968994,0.64622268,0.628546806,0.904223246,0.794226481,0.737156837,0.767347564,0.971578694,0.964300725
727,0.886270592,0.953872951,0.727859211,0.75244373,0.845484873,0.849450379,0.792679935,0.760263139,0.994472125,0.92844945,0.773992079,0.890916991,0.707824677,0.64006773,0.74097241,0.76118912
728,0.60661485,0.925916801,0.743677361,0.832167266,0.629585275,0.669998732,0.95587749,0.843475011,0.98011362,0.999500014,0.748744046,0.719521226,0.943342422,0.999444571,0.851856494,0.918056289
729,0.912698344,0.742135883,0.829708152,0.933222777,0.875245551,0.608465526,0.734682268,0.657790279,0.693188885,0.962195791,0.614757316,0.687920285,0.723827741,0.846753629,0.813640676,0.687307793
730,0.665696427,0.694719214,0.801011851,0.708471114,0.979041001,0.785546089,0.623518407,0.891706562,0.731538115,0.861395573,0.711837748,0.828297497,0.908861002,0.971203497,0.704450858,0.73394278
731,0.785706568,0.970869935,0.960554743,0.635951312,0.65277193,0.798203671,0.642647709,0.738232349,0.659354151,0.854416142,0.979798173,0.998693508,0.750096453,0.839605055,0.942507061,0.646984829
732,0.875825764,0.763537465,0.682458464,0.761101447,0.630384115,0.878162859,0.701097067,0.724562258,0.648432519,0.945863646,0.797377712,0.828858751,0.827773073,0.764197246,0.677011966,0.898053099
733,0.650822506,0.641549516,0.884058015,0.683534808,0.722709101,0.790090987,0.779740527,0.88343165,0.849372717,0.857758465,0.885621732,0.717045091,0.728933325,0.775199099,0.722984869,0.993975148
734,0.925620771,0.665861875,0.602237662,0.617113307,0.69762538,0.645716514,0.813335246,0.943198089,0.894700088,0.686243625,0.759719702,0.803157684,0.92408234,0.935648641,0.963887325,0.8036981
735,0.877709899,0.644720148,0.826115584,0.699476724,0.772686754,0.853620203,0.702794375,0.620874023,0.604093543,0.608863814,0.603339895,0.644142023,0.695795486,0.688488606,0.994718638,0.722402442
736,0.650968313,0.818225018,0.943182982,0.871224151,0.718432836,0.824646464,0.88594239,0.891241797,0.866615382,0.94832417,0.948042183,0.831574624,0.771942548,0.856628118,0.927284801,0.602260842
737,0.996798804,0.673157509,0.788099594,0.948811894,0.69001616,0.79071809,0.653032872,0.75803053,0.670854182,0.7454511,0.749385687,0.997268316,0.997925212,0.645914511,0.890387512,0.620698192
738,0.612076806,0.642133558,0.986194263,0.976345419,0.677571128,0.664668934,0.696214035,0.806218798,0.827881853,0.688637372,0.902649115,0.723821268,0.96885253,0.862689083,0.774540478,0.915964801
739,0.92716585,0.716192642,0.735885818,0.974382061,0.665896415,0.616860167,0.781622129,0.92048396,0.908667243,0.967812252,0.813280266,0.640025869,0.83547559,0.911358246,0.637331248,0.66906296
740,0.604916264,0.837461032,0.954693757,0.868265326,0.992816035,0.625213461,0.961200434,0.925627315,0.725696608,0.989410621,0.715175099,0.95572189,0.952299431,0.903063047,0.82538819,0.6480011
741,0.812788694,0.742718502,0.916886813,0.903251683,0.964245003,0.605932065,0.923641287,0.975384821,0.91572018,0.652077784,0.632511642,0.608338096,0.85149809,0.851869061,0.994765486,0.75921727
742,0.732762514,0.849769971,0.930243469,0.97470958,0.921249666,0.770669592,0.853965694,0.942519731,0.796243875,0.686674657,0.667889376,0.600063098,0.887295198,0.644438884,0.69753564,0.719150533
743,0.824151944,0.759182911,0.869869597,0.622255464,0.649575678,0.799684601,0.734785915,0.718325345,0.626811232,0.95828767,0.876727434,0.648647263,0.626018383,0.989949013,0.87246902,0.766982428
744,0.880692416,0.902532715,0.911984881,0.791150922,0.771953103,0.604411234,0.970622846,0.841323151,0.681261575,0.967841368,0.965972761,0.995673666,0.949622625,0.999113755,0.697874475,0.936899834
745,0.929211324,0.692376144,0.63937502,0.991768205,0.718409821,0.948356716,0.601650862,0.608409923,0.786348523,0.695485874,0.875936513,0.82622573,0.630994319,0.665051319,0.755219708,0.674241626
746,0.916888939,0.766428094,0.637372747,0.793737161,0.636335272,0.651574922,0.695843933,0.943811082,0.969845013,0.930503092,0.733630887,0.708978576,0.819662276,0.888741264,0.997349115,0.652628285
747,0.6197168,0.877742356,0.932890313,0.938539512,0.87138542,0.981606322,0.804401905,0.965525919,0.987124855,0.938862983,0.723903425,0.67848626,0.819248026,0.7812059,0.951103337,0.640012668
748,0.703096025,0.900719578,0.637994658,0.728305766,0.754862158,0.849037519,0.663253058,0.944241796,0.779016894,0.966808685,0.787147965,0.710016104,0.656731531,0.601498038,0.812862994,0.642862679
749,0.756691105,0.835708704,0.710274359,0.670089717,0.909888649,0.978716469,0.640176167,0.66223613,0.984005063,0.615113689,0.991052935,0.601857793,0.949467462,0.722930072,0.975435543,0.726778115
750,0.861722529,0.632013028,0.696931925,0.909471739,0.811474341,0.971187625,0.771500563,0.947924946,0.779582175,0.991699311,0.983933753,0.731654682,0.954369468,0.93904455,0.684272159,0.84971616
751,0.629072926,0.934684288,0.669818353,0.628325881,0.760087638,0.830768855,0.941966783,0.98969701,0.775797005,0.624178769,0.899646232,0.826069302,0.779156538,0.723707552,0.800959411,0.735471842
752,0.902804747,0.817557479,0.95073911,0.817417566,0.695304965,0.940436753,0.822887618,0.682736415,0.849403124,0.743086706,0.937762245,0.781319895,0.890576543,0.638214483,0.758409739,0.993296575
753,0.923384116,0.663976321,0.71110562,0.731926324,0.860146224,0.902797904,0.899810644,0.803949623,0.924328215,0.774831233,0.649552226,0.825776737,0.980920554,0.917197461,0.831480259,0.858722264
754,0.972224811,0.771337118,0.732557656,0.990896626,0.945377253,0.729217434,0.785512239,0.766031252,0.659638271,0.98312773,0.761724972,0.950131633,0.675742491,0.819148324,0.609584554,0.905688194
755,0.832365559,0.850235833,0.620688353,0.684415332,0.629732349,0.715565726,0.850975603,0.826474394,0.844859929,0.819700509,0.709211518,0.697802999,0.654823873,0.93962835,0.846591743,0.674604405
756,0.670883752,0.949214241,0.897092346,0.863759632,0.762745643,0.704790226,0.991780305,0.91889583,0.720711689,0.939025919,0.903572779,0.71883222,0.770621142,0.674381378,0.644420978,0.889104813
757,0.707004743,0.928023746,0.998243485,0.630647926,0.78921405,0.920825024,0.915580359,0.903998863,0.739597974,0.781541302,0.837987343,0.989576233,0.731018908,0.969257555,0.707742767,0.995629786
758,0.868105475,0.785404592,0.845356171,0.709012468,0.709669543,0.645421818,0.645620119,0.739068697,0.905142191,0.843188467,0.641033824,0.94089461,0.840547051,0.984342231,0.868074187,0.670069945
759,0.789513345,0.859399039,0.61130588,0.605964106,0.6517612,0.700665774,0.771819649,0.79497619,0.655211044,0.869356632,0.838455225,0.71778564,0.605463953,0.631059166,0.75667791,0.66158974
760,0.750727842,0.851273042,0.818894971,0.692470353,0.737528997,0.845612479,0.944342011,0.901285375,0.821360011,0.744917199,0.746020511,0.951766924,0.61569743,0.995193058,0.865750164,0.87245508
761,0.615199135,0.84221171,0.793911224,0.642311563,0.711168804,0.956125782,0.819995366,0.76536663,0.629072862,0.885648611,0.881140329,0.845617443,0.804105058,0.773513761,0.837308437,0.693358181
762,0.976503626,0.835517812,0.724476978,0.77987194,0.922273916,0.664646424,0.717134249,0.871803209,0.726195683,0.917000673,0.652181395,0.905074468,0.627340686,0.605037045,0.959289408,0.832535687
763,0.740730759,0.693037855,0.846754313,0.803600873,0.99663911,0.993286395,0.854009826,0.777148202,0.796456388,0.872991626,0.640629818,0.73134083,0.630108896,0.629344304,0.678335697,0.794101302
764,0.913909728,0.794198356,0.734190644,0.632941196,0.820118209,0.708507435,0.845973671,0.990875096,0.644525729,0.684850159,0.789237815,0.987445526,0.908723911,0.959291677,0.733485939,0.99681539
765,0.641133126,0.621189162,0.942241051,0.970905948,0.636234143,0.645370971,0.613269663,0.641803025,0.683767927,0.988030648,0.867144089,0.91142121,0.910455761,0.8140295,0.918995591,0.838323013
766,0.725818439,0.824444044,0.813403434,0.929381222,0.992690887,0.764417026,0.905356271,0.639905202,0.910732548,0.748566765,0.615756065,0.745298471,0.8442571,0.647700067,0.969613797,0.631068965
767,0.972002688,0.882855007,0.73188487,0.756300139,0.896323746,0.84058844,0.868657169,0.755665847,0.795125393,0.995946994,0.685569148,0.767142475,0.716729275,0.906044604,0.90560505,0.716978184
768,0.632556127,0.604573071,0.770980213,0.764135038,0.995355951,0.78792083,0.702567348,0.956491776,0.79642718,0.839670254,0.638267484,0.753166563,0.97768947,0.835802154,0.737800742,0.850266872
769,0.964164436,0.70959624,0.802046687,0.983476262,0.668958457,0.88786557,0.845792403,0.871870052,0.740487852,0.725551749,0.873683868,0.686217314,0.767861898,0.675269858,0.603321936,0.988022944
770,0.772681191,0.987739846,0.656129408,0.834946712,0.680389613,0.916029651,0.913481196,0.64504286,0.964825781,0.677851859,0.845190937,0.994253448,0.952958614,0.982625571,0.737039508,0.642230257
771,0.675338749,0.800197958,0.917291871,0.660061458,0.863892613,0.729431042,0.736480829,0.864767092,0.786799768,0.924813317,0.662367404,0.915979308,0.625694099,0.677621552,0.862459886,0.941970263
772,0.701071851,0.730876642,0.814848299,0.684629123,0.924462505,0.909454658,0.658116685,0.785531893,0.909931107,0.734931812,0.853242729,0.620085249,0.843475504,0.661061192,0.93223333,0.742179785
773,0.712621545,0.936355591,0.620057609,0.75864352,0.748001416,0.71392015,0.964701733,0.900371357,0.625569266,0.88587498,0.810919653,0.960347158,0.725178247,0.8296648,0.80030211,0.795824362
774,0.78244216,0.68225179,0.902283969,0.780534413,0.98340651,0.704323371,0.873097536,0.976286832,0.865383329,0.948509163,0.930992384,0.744047086,0.840049576,0.662504536,0.814210353,0.692168789
775,0.897494726,0.811223369,0.764490945,0.707518838,0.999479393,0.628684208,0.617424272,0.68690296,0.988428983,0.991695267,0.861971094,0.952042667,0.685584692,0.988816838,0.65711394,0.640450075
776,0.644884616,0.829251169,0.91238976,0.746666871,0.991158395,0.773768055,0.66017942,0.786386699,0.871614866,0.932890312,0.783507316,0.83744273,0.706937885,0.858366611,0.994388778,0.619621429
777,0.954612268,0.824913001,0.700839464,0.981955884,0.793341721,0.732676101,0.672599051,0.697780884,0.933139617,0.845764004,0.965298248,0.692787381,0.64845543,0.602435012,0.803144815,0.999322772
778,0.877986108,0.723357837,0.950743433,0.912688906,0.606166066,0.926744192,0.720210703,0.659869386,0.690532336,0.787431922,0.769947171,0.71555492,0.668887329,0.904892316,0.996043913,0.911116632
779,0.718374787,0.697923585,0.68706635,0.65467803,0.82053222,0.842160149,0.882201064,0.872085348,0.716933325,0.732124402,0.872605814,0.739779056,0.685049276,0.749734461,0.708833663,0.635325088
780,0.932055561,0.941244556,0.68790012,0.62590888,0.895530975,0.68461145,0.757374196,0.625654101,0.690507834,0.917160911,0.921758579,0.68283393,0.734365538,0.653695368,0.629669052,0.996868686
781,0.86223758,0.816838604,0.9061994,0.936030864,0.922685907,0.60661578,0.674723159,0.861962121,0.750303739,0.99299306,0.866161917,0.982619563,0.680578593,0.945582811,0.728540922,0.995825923
782,0.663075469,0.806535928,0.917137814,0.773056992,0.787233624,0.994542318,0.77012326,0.84162884,0.621815864,0.936884032,0.85926722,0.761608041,0.606467816,0.836667528,0.605063131,0.600481446
783,0.846439425,0.675606827,0.67675502,0.861308626,0.621478875,0.725362225,0.659772761,0.832070548,0.864706062,0.888454341,0.702092487,0.635699901,0.631473463,0.770460619,0.978337764,0.687091614
784,0.702696641,0.640355521,0.84222811,0.87194915,0.857172483,0.944452097,0.794570334,0.653782816,0.715762052,0.864971989,0.845248789,0.812401252,0.873185767,0.85495634,0.952529956,0.834406551
785,0.911440543,0.699482862,0.871273034,0.960877647,0.754292931,0.911641675,0.88991572,0.623810479,0.832603324,0.65207574,0.986927669,0.924563001,0.64388952,0.648700799,0.837789542,0.73795567
786,0.613962344,0.816656603,0.75513804,0.640430597,0.920768157,0.966030706,0.902637574,0.928968924,0.686596227,0.70542918,0.683411016,0.906025373,0.979166832,0.886734883,0.952586706,0.855479638
787,0.75506396,0.770304646,0.630128573,0.612582878,0.878190242,0.775371557,0.820886027,0.823064499,0.710950325,0.790357004,0.788304089,0.755370888,0.928270153,0.780465601,0.84145781,0.958208048
788,0.946493449,0.956168882,0.708001999,0.613992995,0.70442672,0.711482938,0.963744131,0.859697093,0.632681584,0.654151438,0.66227045,0.852168699,0.89416561,0.943857564,0.97625462,0.680681823
789,0.723908994,0.696129152,0.743504627,0.965866043,0.830045027,0.895276759,0.796047694,0.611543165,0.625678194,0.815169213,0.887515614,0.686132211,0.88876383,0.924266309,0.764758991,0.898567693
790,0.76161198,0.871340252,0.90559882,0.996770647,0.738158665,0.764416312,0.666248024,0.681629223,0.877358001,0.966818236,0.757841981,0.671937779,0.7140398,0.782020682,0.716260132,0.693431633
791,0.894393796,0.603137968,0.815692211,0.917506723,0.706491315,0.841316604,0.867560042,0.862009879,0.778339854,0.738631195,0.934369629,0.903378383,0.728502069,0.641207678,0.628723018,0.637710391
792,0.833147744,0.62066487,0.73477075,0.901279881,0.717739267,0.905323231,0.898186815,0.698330853,0.891528872,0.899110655,0.75898157,0.684168193,0.808508323,0.968559035,0.855846693,0.669168999
793,0.87310277,0.770881211,0.836611519,0.893625614,0.805978941,0.92559359,0.888862232,0.846029336,0.660317126,0.934379644,0.974362234,0.65478605,0.795296452,0.703555497,0.901809323,0.888651854
794,0.656354048,0.950810909,0.672389226,0.91890361,0.782792144,0.731308917,0.663295705,0.667045702,0.864756222,0.820172155,0.648834169,0.645079144,0.62892423,0.897506939,0.884752834,0.623372396
795,0.82410803,0.633870462,0.961498308,0.962846968,0.879293196,0.970475569,0.924581212,0.93141543,0.82788314,0.722423679,0.687119646,0.730880009,0.851398172,0.669062614,0.703456095,0.787224345
796,0.693220039,0.835457468,0.969270411,0.899235746,0.866570646,0.83308859,0.795179164,0.674625544,0.957884182,0.699414401,0.636523551,0.900006072,0.670246214,0.7487584,0.611313971,0.654827177
797,0.669281452,0.621764051,0.862662783,0.934803118,0.749326163,0.949830591,0.68533863,0.730156169,0.660294797,0.848223678,0.767947836,0.845313339,0.904669962,0.818281206,0.851052142,0.974100126
798,0.719625724,0.743665575,0.887081345,0.844522207,0.671413162,0.750458924,0.787135205,0.767755935,0.671309923,0.969772037,0.904927505,0.792542333,0.872024411,0.958913069,0.654469657,0.70014922
799,0.817080499,0.919604149,0.614501958,0.99360726,0.781962641,0.743692456,0.717089775,0.669742683,0.916629564,0.982165666,0.765457902,0.980968278,0.929519046,0.792420451,0.869610472,0.773993672
800,0.823489363,0.623218535,0.87850539,0.621129858,0.926833979,0.929978772,0.694830915,0.729465112,0.792524151,0.838665163,0.714941465,0.836994562,0.719114829,0.622196288,0.60101102,0.640460423
801,0.91690028,0.984572525,0.77078648,0.805073581,0.658739268,0.820412541,0.657861961,0.844485732,0.973303467,0.678279416,0.905825487,0.609400969,0.750198897,0.644299403,0.740990177,0.669414768
802,0.749321996,0.767009122,0.720236449,0.86264878,0.967540821,0.76023815,0.676937263,0.708289103,0.941600329,0.828655889,0.782004413,0.659854689,0.779890923,0.711396801,0.977265251,0.953628044
803,0.633561017,0.806661396,0.690023338,0.764310836,0.950739199,0.811005808,0.733686117,0.683155342,0.920129944,0.849807206,0.787226184,0.686993742,0.73369855,0.983937371,0.808035975,0.760279712
804,0.808568817,0.911595402,0.736043575,0.671482448,0.833974447,0.866081641,0.885087201,0.952795036,0.748469648,0.630141958,0.983339433,0.774004771,0.849303004,0.866522129,0.818605483,0.682103012
805,0.90205722,0.92150079,0.821190234,0.795424464,0.645575273,0.633580665,0.735825938,0.724338462,0.98146258,0.913449097,0.863969718,0.807059236,0.666947012,0.991382669,0.750016279,0.642770241
806,0.797519558,0.949599205,0.954916401,0.604386366,0.954518298,0.708593687,0.615588946,0.939116108,0.945546702,0.838492432,0.829773503,0.925248109,0.914523821,0.956042189,0.821098979,0.987058837
807,0.998458732,0.646617844,0.939817504,0.799928903,0.755026535,0.845228924,0.622386223,0.802584448,0.948356228,0.685384606,0.770555958,0.975792355,0.771425535,0.743347053,0.776214659,0.807781107
808,0.852796538,0.92027712,0.780840882,0.926992374,0.813488265,0.735392204,0.863180331,0.887088902,0.82321959,0.622645989,0.66795315,0.714119088,0.713050242,0.86936832,0.607339465,0.902272711
809,0.70613699,0.724008738,0.811163931,0.68637024,0.953788525,0.634147512,0.777752945,0.939768908,0.846337558,0.716931806,0.768304083,0.882677752,0.989304297,0.957255487,0.736973123,0.999279152
810,0.601401865,0.611051902,0.929536206,0.679785075,0.624307707,0.694859229,0.770440062,0.892226508,0.849734211,0.695048487,0.801308179,0.970485642,0.926003111,0.729275914,0.992905825,0.88344816
811,0.624979742,0.614064285,0.66736318,0.891142347,0.67349557,0.804594708,0.637304048,0.968354463,0.737584245,0.963252823,0.977950257,0.602451459,0.785654075,0.609862422,0.963477107,0.807363018
812,0.629977605,0.644110691,0.75340361,0.976093677,0.877163661,0.947047546,0.746582659,0.61728548,0.989727055,0.606869196,0.979060661,0.74747097,0.604036162,0.875662893,0.992216122,0.986250289
813,0.664374804,0.672499122,0.826215566,0.854921931,0.895767165,0.672420144,0.983602835,0.855495703,0.938818768,0.816026286,0.765710739,0.990873163,0.832848548,0.946749433,0.981316959,0.870141851
814,0.819575471,0.60140434,0.616007856,0.680340486,0.674403373,0.701903518,0.721973855,0.744026197,0.768215076,0.639546535,0.616944773,0.86957778,0.81493393,0.777657681,0.853775976,0.931071763
815,0.771077164,0.856447786,0.98142889,0.935849798,0.770400324,0.857886735,0.670828369,0.824208874,0.992531316,0.807326046,0.97105532,0.762933968,0.999537931,0.831688014,0.616907598,0.834701919
816,0.709829078,0.612992529,0.928341322,0.710291855,0.918619422,0.715287033,0.677730542,0.98957423,0.744658131,0.840550485,0.843992597,0.824189393,0.965878297,0.869776429,0.761493202,0.944952154
817,0.67242516,0.817694703,0.980220149,0.850159052,0.92678738,0.86142429,0.935748345,0.977795152,0.709168691,0.667864433,0.7935963,0.880744971,0.690876501,0.60164058,0.737174046,0.987543734
818,0.877986984,0.760530178,0.677030439,0.74243587,0.667935773,0.642522329,0.962696949,0.999060135,0.665645776,0.621809024,0.731892443,0.784663672,0.681928499,0.720569965,0.680348294,0.909704227
819,0.885031177,0.853980606,0.754887143,0.963616377,0.987813017,0.669455725,0.689205057,0.810252411,0.636500228,0.77457936,0.832716506,0.808829428,0.732363433,0.816978322,0.983520382,0.682406962
820,0.861932543,0.617358678,0.626566562,0.82073129,0.641975672,0.608938715,0.668605199,0.825939668,0.881336382,0.680991426,0.867303775,0.672990532,0.845382971,0.764783872,0.861519804,0.998021101
821,0.975126786,0.601712703,0.954175506,0.626596318,0.981218634,0.712730272,0.752813932,0.636655282,0.644909103,0.890696226,0.977732894,0.844299398,0.886340006,0.904787898,0.70512571,0.618091852
822,0.600749098,0.740259713,0.696585691,0.62492709,0.671811317,0.649799559,0.965951352,0.656106885,0.815059386,0.837242382,0.817395783,0.639622574,0.727519345,0.620508133,0.758267966,0.675439573
823,0.824653013,0.877123358,0.812847944,0.773694679,0.754933368,0.936676707,0.687747226,0.893687336,0.90299293,0.767680003,0.71892024,0.788216594,0.63728557,0.618372013,0.64464128,0.674858013
824,0.801670728,0.939654654,0.694256933,0.974064804,0.981963164,0.983561842,0.935025094,0.745530016,0.629073564,0.827527493,0.823472578,0.939990307,0.99839642,0.803262923,0.738081612,0.674360685
825,0.60191993,0.803645477,0.822207467,0.929975392,0.801830787,0.966587339,0.851233391,0.936134495,0.659320694,0.942134452,0.870057542,0.668093213,0.675905423,0.970600248,0.612886144,0.785013977
826,0.725390116,0.866030976,0.935851755,0.744151249,0.770760835,0.992767114,0.913566604,0.958881652,0.775504888,0.693630482,0.764745386,0.886436767,0.643772162,0.708187642,0.61865436,0.772939095
827,0.930978294,0.609865475,0.870129411,0.97299835,0.694771145,0.877453936,0.99004076,0.984911224,0.693971677,0.640132421,0.659313015,0.880814267,0.89030355,0.869694625,0.734431355,0.667910776
828,0.832304437,0.793472178,0.891533659,0.776544031,0.735455878,0.717391431,0.684588128,0.70629855,0.637932176,0.738742804,0.614627925,0.674565539,0.898708178,0.730187595,0.867294807,0.88675367
829,0.832474137,0.983479097,0.608575947,0.89546106,0.983514658,0.944908692,0.667157077,0.730728123,0.668980736,0.840523346,0.884875193,0.726829508,0.81580263,0.876368228,0.768535927,0.941606212
830,0.908619974,0.625866218,0.84845012,0.69413022,0.823007306,0.982755377,0.951624802,0.761806561,0.716605543,0.693762298,0.813005948,0.645699381,0.819710003,0.600533456,0.729539852,0.687973726
831,0.988487516,0.890896928,0.739861352,0.637138035,0.806720238,0.685379153,0.814571818,0.934144942,0.846317021,0.853515368,0.816412116,0.970906253,0.972761074,0.80508928,0.722303795,0.783834802
832,0.674623165,0.854537726,0.800036934,0.641320191,0.679059112,0.791852782,0.955035596,0.826556288,0.872614,0.73561142,0.828564557,0.778951929,0.863651965,0.620230226,0.797320086,0.71839705
833,0.730474025,0.984366973,0.673077925,0.724498101,0.80395703,0.945210779,0.766668033,0.897546112,0.942549639,0.724006542,0.757100073,0.742622489,0.933142323,0.617738745,0.723368436,0.871763423
834,0.8261774,0.774515744,0.815979291,0.679033834,0.772286649,0.800681194,0.960475649,0.704334065,0.947131401,0.85769656,0.608136332,0.889852535,0.614220751,0.998952451,0.949054675,0.718937499
835,0.702964492,0.752576433,0.742466786,0.748935127,0.727310618,0.848453363,0.665705465,0.938392517,0.924960994,0.790593283,0.941091986,0.698858028,0.607026182,0.84768317,0.783163763,0.826865819
836,0.959735764,0.987970229,0.853781256,0.905622236,0.633523373,0.664286234,0.893281922,0.772546183,0.778386108,0.723443073,0.842942553,0.674066018,0.850766512,0.669519543,0.625530414,0.732143075
837,0.692456137,0.955596655,0.621981382,0.670645477,0.819487842,0.792426876,0.618340807,0.602900971,0.995227177,0.86353388,0.746162452,0.788172899,0.706620048,0.737949513,0.859617787,0.95312472
838,0.673652009,0.936144602,0.648622652,0.685996889,0.614870115,0.656324745,0.966921258,0.783775499,0.631066345,0.983890735,0.951596923,0.901873008,0.973389117,0.688051768,0.934547717,0.875996479
839,0.9479037,0.918764626,0.738598025,0.909759415,0.704982521,0.731436865,0.643162287,0.974030646,0.716401345,0.808248986,0.756533135,0.983971248,0.734019668,0.911418329,0.942166462,0.774242599
840,0.751268726,0.899098328,0.965158392,0.901972693,0.690850546,0.955323099,0.755032667,0.830491765,0.932574248,0.675357907,0.913804054,0.838465119,0.957336657,0.668788161,0.768272895,0.933137237
841,0.607692681,0.644880547,0.996226085,0.712157671,0.990217277,0.67301262,0.744437777,0.901147778,0.863111363,0.83244896,0.81195967,0.937376177,0.693979425,0.776988371,0.662180917,0.838376638
842,0.70021777,0.733536826,0.788500287,0.610708234,0.636775174,0.874371688,0.771587992,0.945916089,0.877868801,0.603240377,0.846684932,0.637489946,0.912373272,0.996603075,0.812479518,0.8731118
843,0.694925664,0.775039098,0.942438133,0.666969179,0.706214242,0.77817347,0.884899557,0.750353582,0.971092912,0.637782821,0.748321679,0.883581649,0.690394706,0.862565254,0.665686783,0.622392114
844,0.648406287,0.971993913,0.820700353,0.91853831,0.7330618,0.837063459,0.797980853,0.978295184,0.899029854,0.892217053,0.618541308,0.819867868,0.786796582,0.971136907,0.702936795,0.707933381
845,0.7645385,0.697347885,0.651673567,0.942965939,0.82331061,0.944545088,0.932453906,0.712816942,0.819094978,0.633287081,0.966100754,0.761705086,0.757470474,0.721102148,0.784265498,0.700703755
846,0.749940909,0.919978819,0.933702201,0.721672991,0.787605772,0.949527911,0.621069333,0.955657985,0.687673738,0.871415698,0.833020679,0.821176299,0.94374409,0.640628857,0.73881121,0.815301099
847,0.924515542,0.686577233,0.921171937,0.759855393,0.675565543,0.903594576,0.636359561,0.80590695,0.625550314,0.742567142,0.84043072,0.822446217,0.761862167,0.771619198,0.690707821,0.782353035
848,0.981301942,0.940181167,0.658093148,0.611912315,0.973409725,0.8106999,0.815135129,0.912287198,0.72587559,0.792763028,0.987465165,0.868859475,0.661498013,0.653290699,0.681705903,0.90668467
849,0.718150802,0.608555539,0.977669745,0.667885367,0.603823274,0.694852641,0.694011515,0.7688021,0.968155933,0.951673967,0.782757822,0.764359962,0.822003635,0.697381605,0.620873997,0.975689654
850,0.674679594,0.679360292,0.788984132,0.796645338,0.607373684,0.659181896,0.751261927,0.873492277,0.691367383,0.769205778,0.822938026,0.955436998,0.730428201,0.653423306,0.79570889,0.898688641
851,0.643943903,0.769873397,0.607114057,0.613423673,0.793181345,0.719278919,0.93804292,0.840861722,0.781573185,0.763174148,0.798898192,0.616175532,0.957117343,0.999321262,0.67259485,0.648153186
852,0.657430985,0.864410823,0.864576335,0.939169665,0.900730555,0.779875869,0.845142145,0.875313868,0.805094588,0.790260394,0.858038978,0.82298982,0.857576922,0.84514191,0.887678624,0.857121404
853,0.807896995,0.872718725,0.779792786,0.69666849,0.600567288,0.823985659,0.836262091,0.988819586,0.744591334,0.757653297,0.680719833,0.628213718,0.909121797,0.699872426,0.843561944,0.875109214
854,0.788494675,0.950540845,0.777517936,0.713963449,0.958406209,0.944625714,0.665615979,0.610384407,0.635994223,0.714618959,0.988903921,0.823406461,0.749304693,0.955486438,0.781254533,0.726095451
855,0.976487811,0.939807066,0.93746735,0.804913897,0.91577536,0.671741344,0.829289183,0.993538369,0.716383372,0.917740932,0.796191363,0.615922273,0.905207759,0.667427658,0.852589427,0.634265678
856,0.978746959,0.716689555,0.690585877,0.651654562,0.978400877,0.884761497,0.896664355,0.799761825,0.789891114,0.644008497,0.823936438,0.698766598,0.990858133,0.918632376,0.765196824,0.660536503
857,0.914132676,0.648821507,0.675733501,0.684608207,0.822756255,0.914822662,0.725725951,0.633867926,0.785815385,0.899244096,0.688665537,0.687969819,0.978890811,0.981661491,0.996186293,0.923063841
858,0.675273668,0.684792608,0.736090097,0.727253013,0.9826111,0.915629593,0.889603517,0.67438529,0.963810224,0.931148152,0.665456737,0.948468133,0.708899015,0.632347898,0.862728923,0.861521864
859,0.637972804,0.727540724,0.997125785,0.871370667,0.892030067,0.685166914,0.631512828,0.710760676,0.699559354,0.69381764,0.677101729,0.829902276,0.73124139,0.928138006,0.673578967,0.785850828
860,0.605463135,0.792672929,0.622335288,0.991089405,0.916236851,0.796044591,0.634634943,0.836978176,0.9035055,0.676286901,0.827283336,0.925684359,0.907299111,0.921196807,0.95172937,0.975072841
861,0.762208462,0.827507641,0.91626381,0.878855926,0.998208091,0.60547106,0.742053286,0.712411171,0.70492634,0.689011913,0.883649536,0.633903789,0.896643534,0.877370337,0.700321653,0.701133513
862,0.851544234,0.904868442,0.950594245,0.940855826,0.985953198,0.832553958,0.963462225,0.923405309,0.95786705,0.604650641,0.986361197,0.789412065,0.919273196,0.650881648,0.758376438,0.708584265
863,0.716663508,0.649302248,0.922305533,0.603696926,0.725002183,0.669764217,0.835615576,0.701700961,0.703599382,0.795335258,0.861075616,0.648521882,0.670204581,0.698869898,0.989499286,0.758861
864,0.839596036,0.696617125,0.79618381,0.62964767,0.613896858,0.787493411,0.759463715,0.654752128,0.875040572,0.997161396,0.758258728,0.849823454,0.985190377,0.932613989,0.785420889,0.894995794
865,0.651254016,0.804841542,0.711624111,0.664465475,0.770512363,0.652405822,0.879594043,0.782496018,0.812457853,0.658550375,0.655908664,0.833366174,0.994003899,0.638500233,0.714292571,0.947783647
866,0.628908805,0.950354289,0.809714393,0.76330671,0.723872226,0.718846863,0.722321033,0.953921232,0.889518092,0.867889203,0.91949966,0.702845865,0.847217125,0.784026496,0.912976654,0.723702444
867,0.857271447,0.952884965,0.76086019,0.626648835,0.806420329,0.738388995,0.868890152,0.98041317,0.794243327,0.786476092,0.86183392,0.641399001,0.701402476,0.96759173,0.867977045,0.605377618
868,0.681850189,0.873134906,0.905759681,0.935943829,0.716870721,0.972411439,0.821178757,0.878615609,0.838695545,0.649096022,0.985245864,0.649150232,0.701952783,0.925451152,0.847438785,0.935259666
869,0.806294475,0.750797294,0.9687382,0.614500927,0.942452088,0.692327114,0.939494531,0.655678645,0.832087585,0.955243168,0.789415859,0.89862667,0.921868647,0.894597683,0.970131895,0.778733692
870,0.669250176,0.619124425,0.698583948,0.657279002,0.823179497,0.673978135,0.615573483,0.614395932,0.932627799,0.836579973,0.743234121,0.957691217,0.628078645,0.992128829,0.846516716,0.673385702
871,0.87162764,0.905352504,0.771737113,0.944653042,0.660292963,0.711535033,0.637396945,0.684351136,0.695491525,0.967053276,0.631243876,0.770966048,0.812959475,0.959477222,0.999078487,0.901355246
872,0.988316396,0.914840453,0.985281056,0.88290829,0.63190537,0.760768075,0.858638914,0.740287404,0.709353567,0.830959707,0.973400751,0.613992749,0.907692481,0.889090911,0.98558137,0.972284489
873,0.904893025,0.808163506,0.681707021,0.818094287,0.906140798,0.958267685,0.915884804,0.678106774,0.839874526,0.732869384,0.603682267,0.680088374,0.64528826,0.937087649,0.703402501,0.713879188
874,0.983974629,0.751634689,0.603834256,0.713538459,0.647719832,0.641123425,0.630994916,0.837303788,0.675739089,0.744497118,0.944807086,0.769735256,0.96627654,0.799175221,0.759534646,0.900155571
875,0.62927004,0.635791353,0.860789486,0.794776285,0.9161661,0.966508335,0.755346751,0.838564011,0.800278651,0.992644262,0.932433763,0.964695083,0.701736035,0.909010569,0.70618929,0.683497013
876,0.977706464,0.607721767,0.986155481,0.659704759,0.927775233,0.710369021,0.740280931,0.686703085,0.834205617,0.739238219,0.862957216,0.606258927,0.625749953,0.639864461,0.767597474,0.925918469
877,0.955271164,0.697924296,0.82974789,0.907345997,0.715531772,0.763603095,0.809589681,0.653949939,0.610392917,0.661122324,0.850741449,0.629447305,0.675878546,0.735141554,0.631148026,0.676679708
878,0.964507916,0.607719653,0.86137277,0.753763572,0.869059496,0.835476688,0.689399502,0.938883795,0.796776153,0.929014408,0.762405014,0.993874222,0.908195743,0.986380082,0.805730592,0.789476453
879,0.902181524,0.952116505,0.985658318,0.729820762,0.91948183,0.684258239,0.818229739,0.671939259,0.738958945,0.972543347,0.65843628,0.852960358,0.837181709,0.648295341,0.730391618,0.825192602
880,0.674871444,0.920249463,0.988862604,0.68590376,0.674764786,0.781974029,0.899106111,0.712640244,0.607951963,0.816488251,0.982640227,0.756510742,0.768053822,0.987560687,0.877843045,0.887668769
881,0.825080802,0.989843684,0.875546594,0.958013101,0.879751546,0.89404633,0.716164369,0.721391479,0.91319386,0.718682516,0.825108028,0.699740924,0.926793352,0.64420054,0.931778656,0.84109192
882,0.674763814,0.816814154,0.712999535,0.729386934,0.740611217,0.625327699,0.994384674,0.612613851,0.864998749,0.748491059,0.858404116,0.742499301,0.869500259,0.891694204,0.876221056,0.645584793
883,0.862757294,0.71199502,0.611520548,0.765932269,0.773417241,0.786869653,0.881929666,0.723537524,0.726112205,0.624220902,0.874728486,0.827130437,0.739770045,0.882075592,0.8149431,0.787697978
884,0.804529817,0.85453925,0.864001042,0.715583128,0.656297345,0.662653672,0.855756354,0.949149314,0.763798511,0.667808064,0.902640999,0.93299579,0.952232977,0.842732572,0.944291424,0.606165983
885,0.642894321,0.637030427,0.885041874,0.627832713,0.798545749,0.789082759,0.724281409,0.948162068,0.668173281,0.740985114,0.9096686,0.612168926,0.86918016,0.926559091,0.972907136,0.950518656
886,0.727753647,0.834545657,0.630917397,0.703148001,0.637688951,0.726074916,0.950074885,0.738866736,0.824759241,0.773352339,0.78356661,0.987828821,0.718461787,0.850929788,0.768025068,0.624458472
887,0.795732333,0.925337332,0.639501187,0.627836739,0.661452608,0.905760045,0.889598154,0.826007108,0.787290562,0.955330326,0.90667913,0.924776901,0.925304921,0.857086862,0.78320585,0.945871101
888,0.970402967,0.609522417,0.620621949,0.983497319,0.710864246,0.949347776,0.755518048,0.647640023,0.63217728,0.66260316,0.699957278,0.795407342,0.88059916,0.994559431,0.776602697,0.807273977
889,0.808726281,0.815773742,0.807096263,0.603509902,0.600689929,0.639066527,0.640622641,0.881958764,0.681966413,0.957885642,0.971442532,0.990357335,0.975632522,0.708755329,0.803910738,0.670181988
890,0.922483862,0.955372682,0.940515536,0.773346779,0.903469554,0.639031668,0.616097908,0.901294566,0.77014211,0.998219706,0.638901686,0.942251073,0.791993226,0.930860078,0.926850913,0.966396801
891,0.719140005,0.979919741,0.660666784,0.632787511,0.772646207,0.931329187,0.789368452,0.931714671,0.891874722,0.683771354,0.97955265,0.624312467,0.959311883,0.72177738,0.800059233,0.768940749
892,0.668733823,0.743258747,0.677173775,0.68155459,0.674822734,0.795606952,0.919172547,0.827588014,0.957282635,0.854617795,0.875736046,0.867042892,0.779783677,0.875735529,0.627883099,0.943940589
893,0.911124857,0.698091983,0.907212982,0.605057041,0.686898629,0.626054895,0.912090767,0.90234966,0.92545441,0.601792677,0.800493091,0.881934479,0.662160451,0.859916291,0.63364404,0.672530342
894,0.790318726,0.861426061,0.658347651,0.674089332,0.681778547,0.695480322,0.690621539,0.758059643,0.86151586,0.775212713,0.910389563,0.887707402,0.650610766,0.619536649,0.951176626,0.631932427
895,0.659335672,0.60885331,0.851334546,0.832948225,0.994761467,0.954772959,0.764337271,0.748634336,0.718740814,0.660962768,0.655233463,0.652913483,0.645645903,0.696204817,0.722667452,0.984631588
896,0.8313893,0.99503831,0.748986779,0.783050653,0.729831464,0.67315506,0.657265883,0.978031679,0.994724273,0.617963799,0.66013835,0.769409637,0.674533391,0.745552157,0.65163854,0.782604703
897,0.708677846,0.740762022,0.637725061,0.77125122,0.993303044,0.731533219,0.95057171,0.937279657,0.980823367,0.916043805,0.863838731,0.942633778,0.630257872,0.785132263,0.995702495,0.907840061
898,0.984830151,0.911853742,0.949952787,0.882611853,0.904200802,0.809271204,0.96969508,0.930015564,0.937553986,0.86920364,0.721831979,0.614251918,0.974262052,0.83444814,0.719257188,0.659654043
899,0.931809266,0.934608078,0.925803187,0.858033077,0.746406155,0.721628114,0.603421908,0.933443023,0.634973079,0.852301999,0.801629979,0.810675744,0.970685138,0.612646005,0.90935689,0.620820959
900,0.615261442,0.771927079,0.62523007,0.915657581,0.811825237,0.611615513,0.616200275,0.845067412,0.922444727,0.775119813,0.821832269,0.919931782,0.84420247,0.689904095,0.84522081,0.851311784
901,0.893642792,0.848349675,0.987696852,0.678915323,0.980436272,0.815335796,0.868782456,0.639784639,0.752230377,0.907751659,0.882764406,0.616055755,0.818637705,0.635311277,0.998342572,0.958918635
902,0.608432264,0.943459832,0.96777184,0.741419289,0.887800662,0.776841498,0.862092994,0.736126962,0.729023695,0.769773556,0.658227103,0.932455586,0.739479158,0.760059822,0.957621845,0.798649526
903,0.817701564,0.98259925,0.954690553,0.667786684,0.789286012,0.988518491,0.748946519,0.748629243,0.678012093,0.645729246,0.896121916,0.908012187,0.987605185,0.909367284,0.697340998,0.616046631
904,0.994174954,0.736180278,0.724788617,0.962382084,0.834039959,0.68594847,0.955638497,0.997344342,0.634671424,0.944900651,0.756206279,0.809628979,0.96592639,0.989351678,0.704865564,0.685140308
905,0.632206623,0.824719141,0.605441758,0.764759319,0.629353607,0.762090313,0.615972876,0.934086904,0.683895598,0.731323484,0.948019199,0.898506425,0.687615345,0.628759767,0.886269511,0.75628102
906,0.906432,0.778117909,0.738400965,0.780482163,0.899423594,0.960888115,0.619906879,0.809644616,0.613134172,0.787363818,0.954113132,0.744636107,0.972980168,0.852243389,0.973662138,0.90286665
907,0.641374067,0.692460547,0.757668182,0.668042753,0.797964642,0.788547262,0.982503679,0.773491153,0.914250722,0.976764218,0.950795532,0.68346705,0.798411958,0.739095913,0.759943478,0.74432273
908,0.930543684,0.780855622,0.809477733,0.992978943,0.623991709,0.795183056,0.909624683,0.660464783,0.844612638,0.695785912,0.946961645,0.730839866,0.731625127,0.839277551,0.673425163,0.713955456
909,0.76665274,0.741455145,0.809950887,0.839856058,0.826666982,0.861667325,0.723099807,0.650570491,0.904323017,0.940312153,0.702802493,0.762836782,0.799427687,0.813330737,0.863796068,0.616641293
910,0.888590833,0.624788403,0.787315427,0.931068454,0.780486125,0.6596359,0.994013538,0.955714185,0.908525453,0.764604641,0.673538291,0.976564473,0.812940451,0.940942184,0.736838002,0.734115327
911,0.994216192,0.808733219,0.65627817,0.687869871,0.792777712,0.616988364,0.785013594,0.767576337,0.911734506,0.741976786,0.993019505,0.672307968,0.836394674,0.635879719,0.893545594,0.997901475
912,0.927655455,0.822281416,0.793896543,0.934011985,0.974389634,0.99568261,0.758615691,0.99636699,0.662370501,0.70141991,0.63560645,0.708695407,0.907175021,0.941169743,0.911557058,0.852426311
913,0.805586605,0.883481716,0.75633342,0.936523341,0.870876038,0.879121879,0.814374397,0.954091594,0.700805893,0.752459061,0.911057028,0.797099558,0.955685605,0.738559728,0.747732068,0.955494316
914,0.785748128,0.806449834,0.733105486,0.710667977,0.862379484,0.647936265,0.951709056,0.911681255,0.676299305,0.877607978,0.841053169,0.67381402,0.709281402,0.763594601,0.879697094,0.855489364
915,0.812893939,0.907364217,0.903175096,0.847143662,0.914796033,0.73370535,0.952499811,0.845964034,0.928945406,0.818511642,0.687375298,0.816964051,0.748444666,0.878999614,0.790317517,0.934445122
916,0.871229005,0.873817773,0.686862133,0.993699907,0.936670084,0.915601954,0.73208609,0.814252661,0.654841275,0.815390391,0.658355699,0.821215138,0.859488752,0.756078387,0.799417951,0.950261355
917,0.643425258,0.916693157,0.66830182,0.614683193,0.674229841,0.906017276,0.762050429,0.949008207,0.809883016,0.608900141,0.886685444,0.644093163,0.915751853,0.66724102,0.738178554,0.904508572
918,0.981692543,0.74857358,0.931760088,0.676316906,0.922871908,0.862997624,0.677097403,0.721001584,0.652708355,0.753186804,0.681459456,0.857599181,0.997802042,0.604803665,0.816367925,0.829466639
919,0.965683516,0.802402134,0.817480568,0.788661121,0.707561722,0.622411653,0.763463073,0.621036588,0.820196988,0.722917457,0.813440961,0.653718786,0.973051986,0.957808497,0.675998604,0.737377713
920,0.845397109,0.638274483,0.741827128,0.700444915,0.966206691,0.941004255,0.831933097,0.808138535,0.972290318,0.972971113,0.98773205,0.650151554,0.664223124,0.870694679,0.816573791,0.607386362
921,0.624790014,0.955232153,0.947548318,0.742908369,0.956420247,0.83747003,0.922362259,0.770972428,0.645359331,0.773490825,0.782919919,0.820377678,0.642233085,0.996560745,0.697654728,0.679420961
922,0.810721168,0.814883272,0.775928295,0.908756859,0.80666176,0.843878182,0.889498554,0.610010041,0.828257673,0.953677788,0.606955497,0.762072842,0.97049098,0.741261761,0.78349153,0.992616557
923,0.679729544,0.626102076,0.943769036,0.947386136,0.788831134,0.80568287,0.934322548,0.895423799,0.706059601,0.606757342,0.791880065,0.94356493,0.958333871,0.982490479,0.951825295,0.832017422
924,0.77784224,0.909939939,0.895928654,0.815257372,0.634930949,0.970432539,0.782241015,0.745333513,0.851826958,0.869535184,0.684275167,0.934775538,0.715974837,0.67467357,0.762559941,0.892224032
925,0.986183271,0.923712506,0.976139351,0.656242322,0.62847072,0.823081905,0.716118993,0.931221989,0.868795149,0.988291266,0.701916942,0.794313646,0.800496191,0.695670718,0.83603736,0.777314394
926,0.778688622,0.745094659,0.606771741,0.808838095,0.734099134,0.600527948,0.723177483,0.711451333,0.757379261,0.652740796,0.80307353,0.876976141,0.852074228,0.921501979,0.780803315,0.807636692
927,0.924160776,0.771080468,0.88063974,0.773840947,0.767094478,0.90408225,0.669934766,0.735434389,0.689668911,0.743643977,0.692149929,0.831762252,0.919268321,0.914645224,0.745800386,0.995504162
928,0.837541746,0.759760121,0.934215712,0.891949605,0.899710135,0.67845574,0.787329723,0.944731252,0.801615203,0.873381097,0.835173493,0.936942715,0.713824336,0.830190111,0.649293867,0.876084311
929,0.892787135,0.617134928,0.870316385,0.765876062,0.64963875,0.767963019,0.677693172,0.766223813,0.753735611,0.895356655,0.909686223,0.842811462,0.609074737,0.972408912,0.874493312,0.61367818
930,0.92753316,0.680106462,0.831688476,0.786653748,0.767935513,0.955885488,0.774944517,0.630137647,0.978655491,0.968214092,0.873773076,0.787157011,0.637143789,0.916299247,0.630191166,0.627440394
931,0.814953537,0.664051296,0.603092107,0.769245372,0.654886893,0.664206166,0.630764255,0.682037501,0.886193672,0.923570923,0.781013458,0.802621526,0.613062014,0.627726505,0.70302709,0.817559368
932,0.895820459,0.842001225,0.756851142,0.647329629,0.912309294,0.745514421,0.894421606,0.805191537,0.895464821,0.962915825,0.968411806,0.814042712,0.804603346,0.706271386,0.974319933,0.783167667
933,0.651036496,0.773081966,0.6508213,0.801012674,0.824510206,0.735102305,0.628660246,0.977401414,0.909341245,0.935552432,0.746747358,0.904332412,0.794149158,0.680433395,0.649769351,0.738020348
934,0.655020845,0.99930759,0.619675596,0.77645744,0.780837409,0.720252771,0.828540626,0.65999081,0.913564952,0.732979087,0.836537036,0.886255694,0.955616847,0.934314975,0.843323611,0.755357272
935,0.801281868,0.907493917,0.951018217,0.641512771,0.753942505,0.910446639,0.772660705,0.732891106,0.764529079,0.841137899,0.999922058,0.797196972,0.68339779,0.66513863,0.616939899,0.823526894
936,0.817828837,0.682093571,0.878131763,0.896442817,0.703639282,0.737639906,0.996188669,0.749705787,0.904320669,0.781090171,0.917337931,0.907609296,0.86710241,0.941911339,0.975687398,0.831993328
937,0.694987563,0.759451585,0.903322285,0.860353394,0.671119335,0.620495816,0.873184637,0.70043161,0.799868097,0.898698709,0.825066712,0.633321033,0.674232095,0.687731274,0.703145701,0.826161357
938,0.801586312,0.681264015,0.627021937,0.668572882,0.993752525,0.78741878,0.946938202,0.939500987,0.804607823,0.882675083,0.677100804,0.875358682,0.708953832,0.932824839,0.633489653,0.909255469
939,0.639974763,0.952475695,0.721681807,0.861757346,0.795000911,0.746521258,0.858176733,0.979009192,0.616507899,0.967541142,0.843632662,0.92292572,0.753549981,0.78873719,0.947540301,0.765939188
940,0.813863827,0.608077969,0.663439202,0.856674603,0.88679076,0.833040375,0.657324015,0.778162171,0.742037907,0.798264538,0.948131614,0.910344575,0.633595801,0.956123679,0.78870686,0.897544858
941,0.656015693,0.86828781,0.694530407,0.775352359,0.606745148,0.660644255,0.636832197,0.695897669,0.640007236,0.876764011,0.611615961,0.8470962,0.656283132,0.978064583,0.973237629,0.690201241
942,0.845768519,0.611202128,0.972715417,0.809194923,0.617289261,0.736999997,0.630739785,0.757177776,0.867970537,0.787955963,0.75348887,0.647662818,0.697975618,0.640057315,0.922999493,0.654095931
943,0.838149347,0.737096165,0.690391354,0.855787376,0.782800924,0.760058187,0.837140802,0.796507051,0.721393683,0.823624515,0.867799431,0.610677263,0.786348692,0.623073314,0.674562166,0.824203494
944,0.946475566,0.953122272,0.627977604,0.767642035,0.833202593,0.658827962,0.906172887,0.897694103,0.961336405,0.603394405,0.686673698,0.930874686,0.86823202,0.957755941,0.622871862,0.838785586
945,0.82761863,0.614269767,0.805408831,0.843808125,0.67651727,0.709331833,0.856138939,0.787320379,0.943205463,0.736952706,0.706663863,0.993946376,0.964454308,0.611597098,0.908291446,0.64413391
946,0.610994078,0.709478206,0.707738352,0.927727505,0.884266898,0.992643771,0.88460516,0.767302221,0.879571064,0.999783627,0.884056753,0.904672542,0.975346006,0.645460505,0.881913717,0.940322383
947,0.98175144,0.684387716,0.801571603,0.872221939,0.698987092,0.840189145,0.703031513,0.733382808,0.776607479,0.811676039,0.779746349,0.797278208,0.719435503,0.663586038,0.618939991,0.678391489
948,0.832777457,0.914446179,0.667699039,0.643422143,0.899716144,0.722063332,0.980599776,0.885727188,0.730702419,0.715817099,0.809479355,0.631657867,0.647070605,0.670343153,0.909889437,0.805542944
949,0.604226849,0.869406611,0.769476071,0.804340946,0.685646497,0.820712891,0.991661296,0.629377876,0.71356696,0.697199037,0.699419724,0.751482543,0.927243914,0.965143476,0.680886035,0.817179975
950,0.854759589,0.80873099,0.773630558,0.676790202,0.795287744,0.760485931,0.918225345,0.905441744,0.653599472,0.635407621,0.963261577,0.814203356,0.943120375,0.623260448,0.810606247,0.815770606
951,0.944280813,0.639043999,0.696178225,0.762615326,0.94633659,0.975553326,0.997089848,0.983677395,0.602376702,0.619083337,0.659042728,0.739544839,0.931967212,0.957062478,0.674733763,0.847865661
952,0.966944794,0.785492694,0.641417429,0.78312546,0.750317961,0.831063198,0.775463474,0.606938371,0.997599093,0.817416095,0.789452302,0.981846949,0.662344147,0.675695041,0.9232059,0.704332432
953,0.919690843,0.708613393,0.613275052,0.80680589,0.678674574,0.903138517,0.856479853,0.969441067,0.913195343,0.672310382,0.920063295,0.856694818,0.867580657,0.932905154,0.829529628,0.786401406
954,0.854656414,0.719182972,0.673038852,0.846635135,0.693539348,0.631966044,0.600221674,0.843327761,0.744859513,0.900924388,0.750070559,0.794401379,0.762833989,0.860229916,0.742455665,0.98550706
955,0.974458795,0.939211161,0.968120108,0.779655875,0.814572159,0.896837037,0.87845837,0.956271438,0.886532411,0.999153883,0.73940232,0.933199097,0.879053929,0.876554578,0.730334238,0.914240717
956,0.960150409,0.687419385,0.850198735,0.756853932,0.995819248,0.791533126,0.69132807,0.75274305,0.861535356,0.630435749,0.841440768,0.972489904,0.940145115,0.627069415,0.997355951,0.879490769
957,0.66491233,0.604966436,0.668513055,0.935270368,0.60865573,0.693258921,0.902922238,0.834444214,0.913094284,0.898460202,0.620240555,0.957004568,0.690812734,0.821356976,0.857715263,0.667451284
958,0.990492503,0.795262382,0.623057078,0.974904818,0.834507137,0.879677279,0.810070316,0.933895182,0.613253385,0.707351346,0.787859343,0.630641447,0.882362668,0.757465366,0.709067196,0.601351539
959,0.887932125,0.933523724,0.758016214,0.825687191,0.69107465,0.848879059,0.604854983,0.795457559,0.857682193,0.967276709,0.752534327,0.906076081,0.839074812,0.970804845,0.75935107,0.727638136
960,0.954856799,0.619697761,0.654554157,0.632961774,0.937243983,0.604242969,0.944662862,0.780507118,0.601610112,0.760658071,0.674720336,0.849760195,0.871743516,0.795011028,0.61620781,0.862451522
961,0.936815513,0.888129711,0.931983168,0.680203809,0.955555176,0.72887738,0.605361926,0.937356659,0.976728508,0.862223279,0.692574652,0.700697786,0.786637149,0.959132432,0.659839062,0.930389468
962,0.716521123,0.923434468,0.968108479,0.770997549,0.746020262,0.920888528,0.811793153,0.873779619,0.849131695,0.661155538,0.937916144,0.678310045,0.972912858,0.700228517,0.893552389,0.713862157
963,0.727114163,0.724000741,0.899156902,0.822726047,0.953180982,0.722949088,0.876797009,0.90117944,0.660592845,0.760235743,0.793126998,0.742274956,0.728845038,0.874567958,0.686346559,0.883756298
964,0.974017679,0.826079008,0.844573695,0.627573081,0.945790761,0.714179115,0.846020466,0.991644868,0.83820104,0.889883795,0.778127847,0.624146337,0.91903974,0.613999537,0.880263132,0.609168629
965,0.944922095,0.663054414,0.805708598,0.838860282,0.783018163,0.736305396,0.787125718,0.724566302,0.775248939,0.743565196,0.826481929,0.695169665,0.995462622,0.800347981,0.677664831,0.7908267
966,0.946566052,0.608722717,0.871821648,0.819187119,0.667823198,0.926990576,0.747553849,0.717520812,0.931250077,0.855410018,0.959303633,0.851953481,0.896327063,0.934578359,0.621895854,0.910419584
967,0.845482593,0.627803119,0.803431169,0.632983231,0.894378881,0.818600686,0.981429415,0.673254149,0.842413381,0.684632854,0.845625994,0.889059881,0.888921732,0.926029596,0.941420091,0.630908691
968,0.737306863,0.874849008,0.799434515,0.676270379,0.821083828,0.762974261,0.756015311,0.923901487,0.763039334,0.610581802,0.623225336,0.942497617,0.984240324,0.875363735,0.745747318,0.975440126
969,0.865121235,0.93773342,0.906340922,0.751655726,0.79148088,0.674452862,0.71680564,0.911250265,0.957591357,0.889784169,0.786069479,0.634603708,0.622779179,0.749730226,0.785528688,0.843648249
970,0.602595809,0.995889156,0.745575553,0.939237866,0.813986682,0.652175782,0.919026221,0.88393083,0.810974434,0.805821237,0.634991842,0.862339579,0.964498062,0.637297968,0.70540458,0.960923189
971,0.713737564,0.861577469,0.813927266,0.838531042,0.766315561,0.719996588,0.61941338,0.897712376,0.898437385,0.868290296,0.857453515,0.697486853,0.608937974,0.923486159,0.796455414,0.722735252
972,0.640772763,0.625088636,0.739546689,0.921894826,0.9674895,0.958700546,0.968000334,0.963090137,0.810889901,0.687766255,0.919218633,0.68548519,0.706882911,0.693301729,0.805992961,0.728731003
973,0.66166242,0.781269365,0.949562896,0.828221142,0.951334242,0.678348874,0.666789549,0.83023085,0.785331561,0.864069057,0.917850716,0.900522918,0.976904469,0.759302564,0.682554697,0.820365056
974,0.644297248,0.715540449,0.683155222,0.758625487,0.64448663,0.612736698,0.862717602,0.844099591,0.883343574,0.864154576,0.645717872,0.716431553,0.651810644,0.937188961,0.898761462,0.680610801
975,0.736523696,0.986645997,0.837663743,0.920462239,0.705836414,0.684021168,0.913566772,0.874348982,0.872391172,0.821053833,0.825431337,0.894279002,0.708000992,0.741107386,0.948654708,0.72354608
976,0.818523829,0.881055786,0.999969931,0.774116533,0.771237151,0.937035352,0.922201245,0.892430353,0.785291855,0.729575648,0.843492193,0.950489317,0.953510983,0.643399338,0.771340114,0.785888782
977,0.991046147,0.871199206,0.762898567,0.610423154,0.826154064,0.63843039,0.933779983,0.901007464,0.784203664,0.771684312,0.958935586,0.71538334,0.699607985,0.975678973,0.923698335,0.928250237
978,0.678077526,0.657318397,0.61041182,0.694816604,0.909676197,0.696015368,0.891641313,0.700763306,0.758116999,0.993264916,0.697924693,0.750548251,0.720434872,0.643849995,0.795957657,0.751476265
979,0.877954834,0.927037819,0.817699886,0.612878569,0.847568942,0.622156292,0.846542529,0.87401198,0.679107051,0.927738459,0.964434053,0.925234786,0.722043676,0.834657205,0.96592606,0.72826589
980,0.928011129,0.603790053,0.601458681,0.903884664,0.904579033,0.915590875,0.972010735,0.647162525,0.692793994,0.961489968,0.670894479,0.872891707,0.8121852,0.633277471,0.714105465,0.808148887
981,0.940940047,0.883015396,0.848753265,0.798413156,0.719473594,0.647697965,0.763630414,0.611407398,0.684422356,0.77299335,0.767442074,0.617718172,0.835624061,0.819873702,0.631241722,0.977265221
982,0.639753112,0.94193366,0.600123893,0.952912438,0.607887893,0.903124813,0.744676325,0.89528672,0.760698082,0.628363169,0.907002678,0.628501074,0.968848174,0.620389614,0.791730111,0.889213772
983,0.757298586,0.68689339,0.903636385,0.913717882,0.969077994,0.750466044,0.802500694,0.745251377,0.702832729,0.900413185,0.735860738,0.771259777,0.761469463,0.88506449,0.96711825,0.866702425
984,0.788633038,0.911682046,0.85638853,0.624244143,0.638265435,0.615166778,0.78272653,0.930341374,0.725233268,0.753664073,0.963790843,0.934761378,0.866019245,0.706721513,0.646816593,0.606423529
985,0.642804269,0.717038577,0.820716025,0.625600033,0.654491111,0.672432281,0.852792837,0.84631592,0.820306291,0.70020057,0.748447876,0.638675887,0.690584242,0.959082091,0.991876699,0.859063834
986,0.966729317,0.85709676,0.613278594,0.998705034,0.639580921,0.873056721,0.701134481,0.756792445,0.858373674,0.77459494,0.700218424,0.733778475,0.736619247,0.983729562,0.919445206,0.783419509
987,0.679928368,0.924406444,0.662872989,0.684184887,0.746405357,0.952139278,0.652714667,0.648893677,0.797589995,0.710564216,0.827491177,0.780654674,0.773983643,0.644789188,0.656419876,0.928431431
988,0.954353095,0.693873413,0.645384201,0.621366669,0.843319045,0.886141285,0.749123996,0.871870347,0.885183526,0.974136913,0.625949455,0.676916689,0.627410395,0.947197573,0.917034864,0.829856828
989,0.633465364,0.709324943,0.719087939,0.824297278,0.703217558,0.629183946,0.892304921,0.719632085,0.780949671,0.651066654,0.921019321,0.826212751,0.96063425,0.798188625,0.976570269,0.956747282
990,0.830583943,0.973557375,0.729235499,0.746256865,0.618191181,0.835680363,0.888769588,0.909407676,0.659926514,0.777663629,0.670745285,0.86485094,0.663178549,0.961665474,0.692253858,0.716560907
991,0.940362529,0.783387044,0.609598378,0.7978345,0.633817334,0.994137887,0.835244628,0.702613047,0.825487072,0.630746841,0.919956522,0.970131222,0.949777755,0.736703041,0.730307248,0.614035044
992,0.860560143,0.813961914,0.783738549,0.963052381,0.66715156,0.603866507,0.629326581,0.689348575,0.61331422,0.801137484,0.725636182,0.672193203,0.90003363,0.68178053,0.87504204,0.739705962
993,0.804731104,0.973546816,0.614940654,0.800105803,0.941769184,0.835189699,0.710748207,0.759072454,0.872106251,0.956324758,0.616426549,0.628615529,0.730020609,0.693111874,0.705972354,0.688507999
994,0.67833002,0.652249587,0.973581653,0.657675786,0.68176151,0.69850629,0.973205949,0.902285653,0.915879772,0.641903304,0.93452395,0.763277233,0.70512921,0.830300033,0.928873162,0.91146086
995,0.955998993,0.971252874,0.695248829,0.769543158,0.605851416,0.951728664,0.661828861,0.944589925,0.731754929,0.747253436,0.615652902,0.730751516,0.955345473,0.61021896,0.762530989,0.612559852
996,0.74836937,0.669056256,0.700887357,0.951039349,0.774419688,0.709519197,0.835735351,0.656842784,0.703756643,0.818499187,0.695009217,0.871651095,0.796596521,0.908795628,0.979297814,0.646321956
997,0.733866004,0.727819625,0.660473168,0.924121255,0.903951482,0.793770188,0.815108311,0.623817655,0.822202941,0.91653661,0.829531029,0.706122548,0.867019309,0.744595372,0.817949314,0.795026145
998,0.75247,0.887551192,0.953550445,0.602085007,0.973446608,0.804606054,0.880292752,0.942249826,0.786841477,0.933989629,0.671047928,0.663667014,0.862988548,0.948057202,0.956970471,0.857496183
999,0.810195692,0.732557235,0.992000166,0.727878275,0.897674443,0.81279272,0.843404937,0.75739222,0.98592925,0.82867293,0.975115052,0.603036566,0.829068233,0.886874756,0.898032068,0.961990753
1000,0.001760644,0.000132064,0.188905384,0.011717482,0.389813021,0.08882607,0.189065892,0.024455052,0.208819366,0.15198245,0.017864012,0.134049707,0.156574408,0.395968597,0.083154349,0.217911846
1001,0.39492622,0.316807683,0.397347,0.387319326,0.195815817,0.27855034,0.044177251,0.17645953,0.323607417,0.202134128,0.281079613,0.298300532,0.101387656,0.350279749,0.183928972,0.084074041
1002,0.346166353,0.167127522,0.300124975,0.219213229,0.152748701,0.323950566,0.233787973,0.156224841,0.043839148,0.358178126,0.014187834,0.345274939,0.14398461,0.255735505,0.36887989,0.060682646
1003,0.22678019,0.305773145,0.303033533,0.210252766,0.249895784,0.303010798,0.336411055,0.304725239,0.141601977,0.39869056,0.173801077,0.009785881,0.145046781,0.051113182,0.048577046,0.112614016
1004,0.021350198,0.275404875,0.029595554,0.081315822,0.037159886,0.025267092,0.107100666,0.228759587,0.385874223,0.350222662,0.35037357,0.070426814,0.105962877,0.030557327,0.311387336,0.027926521
1005,0.222678268,0.099150229,0.097378254,0.396290022,0.302711923,0.334775743,0.228793074,0.348405715,0.258196216,0.378469482,0.112535434,0.238127818,0.276052539,0.157174922,0.351883193,0.391921265
1006,0.197507797,0.156256262,0.188775171,0.341094698,0.25818737,0.017908949,0.216867964,0.006920049,0.311414148,0.131324909,0.188802993,0.319471242,0.018579527,0.063416614,0.159184151,0.091970065
1007,0.13516057,0.399269895,0.330165775,0.353560726,0.374821853,0.136374352,0.118830783,0.093624997,0.332046765,0.271820745,0.094468793,0.150797532,0.202684706,0.211256023,0.355491091,0.152226453
1008,0.363409612,0.176547024,0.29854907,0.372101728,0.363030282,0.022781147,0.082281718,0.19076217,0.172621716,0.256356666,0.37788362,0.044961885,0.180743466,0.076964415,0.357643039,0.385832074
1009,0.191480673,0.041604119,0.314117867,0.27885654,0.141868331,0.35496299,0.390332756,0.22314154,0.226291165,0.119005402,0.233802414,0.175856928,0.120876411,0.026874079,0.101083144,0.07914186
1010,0.216816794,0.240668009,0.24342869,0.1552724,0.168491893,0.333695372,0.190493125,0.395109333,0.175846892,0.259832378,0.0201452,0.26133597,0.340570558,0.376983135,0.398928245,0.112871458
1011,0.230148026,0.180287194,0.225526992,0.062981183,0.342459829,0.363827577,0.179864665,0.112171945,0.056333371,0.27350593,0.124892736,0.363815428,0.26840499,0.25827413,0.223760846,0.018310536
1012,0.372768974,0.251174997,0.397624793,0.214942562,0.284044357,0.022483823,0.252694471,0.305859845,0.311405718,0.308044661,0.090513051,0.390159391,0.398072848,0.03023835,0.374578569,0.115779678
1013,0.275713633,0.135244368,0.387101729,0.040601543,0.199098727,0.171219117,0.130409381,0.258213596,0.052422297,0.286664967,0.39223685,0.321823486,0.344006701,0.143854697,0.129954643,0.206819342
1014,0.018290646,0.378143254,0.057514069,0.361205216,0.033432889,0.329049971,0.06078501,0.015252646,0.28779578,0.11210612,0.285798461,0.2220341,0.043522956,0.372852029,0.18092567,0.293778911
1015,0.200408229,0.24174459,0.121109437,0.080144122,0.217028081,0.176087589,0.156045285,0.269026878,0.276202653,0.018368022,0.135497798,0.16470582,0.038756864,0.094360347,0.020656719,0.398496839
1016,0.294622881,0.034980063,0.008099752,0.28771512,0.175676866,0.314718684,0.369390415,0.239720156,0.074843369,0.312877614,0.382324697,0.232092515,0.272798979,0.134989878,0.152611078,0.293861799
1017,0.371108439,0.251595355,0.315939163,0.068654007,0.084783636,0.212813875,0.070621677,0.253998028,0.116661274,0.316613047,0.323244139,0.185514982,0.072324254,0.258709984,0.397114807,0.249036359
1018,0.014309876,0.00691759,0.128144788,0.078313523,0.325220483,0.337922267,0.103447509,0.130257911,0.094498787,0.363353019,0.201059734,0.262454818,0.166192835,0.252405677,0.154342151,0.135871375
1019,0.253792029,0.236424831,0.117411182,0.05973938,0.147430678,0.166079056,0.251473733,0.365811505,0.014473919,0.097464405,0.077486377,0.200917763,0.171880323,0.29161505,0.096966365,0.237799346
1020,0.353542905,0.364271096,0.383513842,0.309304461,0.362395163,0.093812349,0.079032378,0.002595234,0.282737743,0.374986875,0.074774138,0.25477743,0.298583904,0.371045694,0.25874409,0.388117493
1021,0.137869256,0.139971414,0.217205004,0.153400752,0.000570291,0.29270881,0.300686817,0.298789842,0.138008267,0.208915789,0.143989407,0.00641456,0.224979577,0.049504266,0.03201653,0.302199627
1022,0.003802481,0.383603377,0.206102146,0.393206572,0.023199029,0.23341182,0.139730814,0.337392997,0.144489094,0.104195032,0.343021251,0.149861237,0.006733328,0.15611564,0.261808908,0.101743816
1023,0.172795037,0.022686055,0.235237117,0.30251797,0.165325025,0.168093053,0.035312999,0.080776346,0.061870121,0.192675107,0.211702216,0.379576053,0.029292602,0.239947189,0.210599411,0.206493239
1024,0.349263715,0.082215388,0.01630931,0.268908603,0.138062986,0.007035966,0.100549603,0.12373071,0.246735351,0.069034318,0.165221739,0.192990178,0.183694957,0.389576307,0.018201695,0.380387275
1025,0.232774886,0.318291086,0.172157047,0.181535153,0.3517306,0.358373799,0.095475553,0.079696751,0.19849407,0.360110811,0.128942037,0.260805846,0.283260675,0.311469866,0.225569783,0.160982071
1026,0.386806396,0.244532301,0.291426085,0.137993138,0.267979672,0.103119065,0.098038767,0.285888881,0.208557895,0.273310644,0.107775396,0.239489336,0.17757346,0.238784115,0.116351893,0.286180385
1027,0.322371746,0.10396659,0.120248224,0.264461708,0.27823407,0.281639874,0.273079402,0.157123087,0.15794147,0.101927049,0.06273348,0.277030952,0.037275514,0.375116915,0.330674521,0.343002296
1028,0.362667526,0.163441988,0.338680289,0.06322452,0.008656718,0.313956558,0.029918659,0.395409867,0.269918572,0.301379884,0.098321543,0.269546158,0.017287975,0.335130288,0.067849637,0.278943227
1029,0.0897922,0.027381268,0.192597471,0.067714484,0.291777595,0.095026337,0.136989022,0.226975701,0.113987311,0.151195246,0.326248708,0.07168394,0.032880636,0.131343114,0.169750707,0.217063713
1030,0.148969478,0.31596468,0.015727795,0.172707015,0.152902366,0.259031396,0.386510501,0.204150163,0.394750739,0.120899758,0.012347253,0.066265267,0.158049954,0.126533564,0.038821652,0.173064043
1031,0.135246309,0.049047688,0.118446852,0.354574422,0.120819546,0.285582169,0.244818832,0.170872465,0.095610255,0.14760588,0.236842885,0.140301286,0.085958573,0.0465851,0.351906775,0.17612519
1032,0.250083329,0.196164144,0.349026607,0.218773941,0.192312567,0.369840396,0.287875838,0.044619963,0.071081784,0.314849145,0.334340528,0.218076332,0.221782091,0.252773185,0.17564631,0.272079649
1033,0.043392503,0.384511697,0.30006193,0.252469682,0.126528823,0.064382195,0.163737186,0.264630696,0.253483897,0.153056462,0.245314558,0.325499318,0.010513909,0.180248419,0.303422091,0.218457788
1034,0.260590435,0.206670557,0.396749818,0.021848615,0.196417929,0.03656662,0.063914225,0.15321534,0.062216037,0.385474866,0.378715911,0.134443858,0.255899085,0.213501328,0.326234792,0.250978244
1035,0.000100982,0.305269754,0.298739249,0.203889082,0.361167589,0.363378482,0.209564671,0.243195292,0.398608829,0.119528094,0.129846897,0.073109561,0.358346776,0.297795356,0.04225714,0.39270694
1036,0.292384683,0.340208844,0.019260316,0.201984368,0.279439315,0.217178634,0.266658986,0.327149625,0.149734825,0.33946747,0.065166442,0.108354422,0.017338248,0.145770725,0.151963818,0.322108239
1037,0.261252268,0.174689023,0.260845591,0.02111334,0.072108614,0.250779142,0.256546728,0.309653863,0.161199904,0.289021639,0.273592133,0.385357351,0.086052091,0.220671826,0.240705777,0.399459154
1038,0.080473657,0.209287208,0.138474123,0.210357187,0.092851441,0.019044951,0.229026182,0.134341726,0.072776561,0.129574226,0.019712081,0.380176894,0.232459166,0.325907473,0.169247279,0.361325867
1039,0.193327289,0.229578129,0.196717592,0.293311318,0.226662431,0.108639569,0.058215813,0.242449756,0.195671985,0.038390279,0.158246986,0.205910569,0.330757294,0.030440422,0.139398139,0.329062449
1040,0.259369573,0.115983329,0.338134049,0.197317432,0.199340757,0.390634936,0.378846601,0.143413073,0.056231651,0.130266693,0.012193304,0.008307155,0.158208855,0.376407929,0.348542936,0.204577134
1041,0.226090552,0.002373399,0.086200462,0.009909651,0.301815813,0.058258318,0.347618841,0.257329725,0.091767471,0.063088127,0.25104988,0.360334792,0.287344088,0.139418661,0.234953438,0.124304678
1042,0.399659827,0.299535675,0.245752656,0.169303657,0.247260916,0.136646425,0.011545936,0.158035409,0.372192328,0.250520438,0.033582281,0.353997445,0.10754994,0.097507797,0.118836388,0.230880894
1043,0.217875237,0.196565502,0.287014745,0.126615093,0.312825809,0.070128671,0.313048316,0.265524042,0.273283324,0.192621359,0.266800613,0.031918819,0.340620447,0.022218893,0.059496604,0.230715883
1044,0.295764582,0.030500626,0.368305926,0.38944306,0.242380069,0.192497382,0.296557989,0.131342941,0.197305774,0.366460411,0.38226217,0.370827646,0.104979227,0.092987616,0.119065802,0.176524445
1045,0.125666965,0.149685118,0.248254781,0.305010271,0.294223279,0.325769427,0.012873761,0.019093516,0.315753184,0.213231529,0.23125627,0.021034744,0.10212552,0.255341722,0.343672756,0.366793359
1046,0.200167798,0.218189693,0.333219852,0.21504984,0.20674341,0.362033615,0.315973088,0.363629011,0.087298822,0.209750195,0.336988851,0.044459131,0.317864862,0.073189353,0.323247502,0.244800375
1047,0.077294397,0.189341672,0.272762067,0.25354116,0.170898878,0.359746612,0.207705366,0.202346919,0.024900236,0.368848156,0.070846627,0.211337877,0.321427041,0.086181311,0.210949316,0.096273964
1048,0.303877999,0.225736467,0.342390344,0.357823201,0.259493393,0.290156498,0.21968804,0.153771493,0.259247169,0.363315449,0.166672152,0.125764011,0.155374775,0.174159052,0.029424412,0.199376736
1049,0.197725699,0.235377531,0.145128012,0.245243038,0.351286524,0.382188396,0.233444886,0.017036382,0.387694399,0.282344824,0.134385459,0.05886308,0.057367445,0.067097762,0.018229009,0.360861675
1050,0.216307293,0.279983765,0.331243404,0.316616403,0.353042249,0.386901849,0.175628246,0.380134187,0.289315979,0.028267276,0.272713248,0.274686664,0.362344226,0.149172853,0.2339646,0.00487502
1051,0.132830097,0.02489749,0.208749189,0.32697906,0.082577077,0.210976418,0.081603455,0.048275387,0.204398717,0.031659448,0.234941852,0.012534984,0.042685989,0.219998994,0.236562965,0.011594772
1052,0.229350715,0.33540101,0.288926471,0.052474042,0.236989859,0.268901,0.014892481,0.342139067,0.362506959,0.340180909,0.329852587,0.297986079,0.253372813,0.271450802,0.322558117,0.264999383
1053,0.131090783,0.150384441,0.358822987,0.006848834,0.279528232,0.381911021,0.282491268,0.397564795,0.275017962,0.013745212,0.330803953,0.113851965,0.17842289,0.124836766,0.107421642,0.172562281
1054,0.151500579,0.253335433,0.32526048,0.118835461,0.085488461,0.266758108,0.268128026,0.360452496,0.006378275,0.341216265,0.208400869,0.248520836,0.036548576,0.173045973,0.090920963,0.101690012
1055,0.201638046,0.32498238,0.297512372,0.236399984,0.215767277,0.170922417,0.389083989,0.224077022,0.101586559,0.092036317,0.244541212,0.209131011,0.003079121,0.332026149,0.281648942,0.264731716
1056,0.027512263,0.14482234,0.374152904,0.345035697,0.114217175,0.062823554,0.179635183,0.142332151,0.272890551,0.386573924,0.14520058,0.024889669,0.359045603,0.015179892,0.381106359,0.265831771
1057,0.376675683,0.079863875,0.016279918,0.195283991,0.180249366,0.132596909,0.38306259,0.329033493,0.264632809,0.065143317,0.293729363,0.290804982,0.170027269,0.369914364,0.066791153,0.106935025
1058,0.025289736,0.318180383,0.248703754,0.125976122,0.065525465,0.016059108,0.066698227,0.181313859,0.098870788,0.103592871,0.350230547,0.206055069,0.291700789,0.01428438,0.146065342,0.191667739
1059,0.074566742,0.048076617,0.348121511,0.375772651,0.031522679,0.139607485,0.383314251,0.033264693,0.257456549,0.388888548,0.391289467,0.188489332,0.065099643,0.080833726,0.355840558,0.364673202
1060,0.243151858,0.30647056,0.295972501,0.264728639,0.330910782,0.274162649,0.213600922,0.094782545,0.297555258,0.189375147,0.117916674,0.32077851,0.27868544,0.374935825,0.066176656,0.259675714
1061,0.097695787,0.361433194,0.039799766,0.262464723,0.316434289,0.141967136,0.381655232,0.340292274,0.11784732,0.003016437,0.11866287,0.112524188,0.355985843,0.386848471,0.028175994,0.188517931
1062,0.219332799,0.037164665,0.150999084,0.126832967,0.214422542,0.26447636,0.281394044,0.054702009,0.325179081,0.271416812,0.355629967,0.179734424,0.357555905,0.346309649,0.175363733,0.152457326
1063,0.373124806,0.286065894,0.371298139,0.318789912,0.243718976,0.046341111,0.116592269,0.387536963,0.127768839,0.037301948,0.283021342,0.293601702,0.114183088,0.119068792,0.187557194,0.00871558
1064,0.315729204,0.126835515,0.341505241,0.321052169,0.264560813,0.129949947,0.206526625,0.177931703,0.135552754,0.339254516,0.19340283,0.333089239,0.04208739,0.056409915,0.390928122,0.235107385
1065,0.203907869,0.209262425,0.08610751,0.28748158,0.033912249,0.229329485,0.228307519,0.36567537,0.210473124,0.054825078,0.229101304,0.036531058,0.081517534,0.012443434,0.205317433,0.033813046
1066,0.187757751,0.373178014,0.287904565,0.03096467,0.089683925,0.269464968,0.357880744,0.013167435,0.324980453,0.224725552,0.21843653,0.383125273,0.299057845,0.340047547,0.141598228,0.221745616
1067,0.246162271,0.128633576,0.22809925,0.094662152,0.057350268,0.149588104,0.295715851,0.366474859,0.183085621,0.257129475,0.041214852,0.361785503,0.227441685,0.312135299,0.31777648,0.102592211
1068,0.211669781,0.384191901,0.035853818,0.273219959,0.384905631,0.120230843,0.344579169,0.373463018,0.298834484,0.092531325,0.133600288,0.014323718,0.332581294,0.339844475,0.253084124,0.141011141
1069,0.030724411,0.301223044,0.290610477,0.365041009,0.292212808,0.331477977,0.298381847,0.252274875,0.170786558,0.360846923,0.260387429,0.159342129,0.033387718,0.116281942,0.217490694,0.110254148
1070,0.088494139,0.210957406,0.067928138,0.320164025,0.193747261,0.22954511,0.058953307,0.129830534,0.164035873,0.323285132,0.308063809,0.08919099,0.246471633,0.097382543,0.395298862,0.380849551
1071,0.225305888,0.279561029,0.320572153,0.288399368,0.279931476,0.383421603,0.238582443,0.254521069,0.3397075,0.267956347,0.293173049,0.093667474,0.14850677,0.058920538,0.202306177,0.18229096
1072,0.398865126,0.244483461,0.314577929,0.133605868,0.332618133,0.246033987,0.278796933,0.117772311,0.219455357,0.253614789,0.23563787,0.366077485,0.359309066,0.388393623,0.266971202,0.388765652
1073,0.3329912,0.108332856,0.170974268,0.095356977,0.001678864,0.075219501,0.001624235,0.287935385,0.170213719,0.125029891,0.304688356,0.33299471,0.390119815,0.256805434,0.184611583,0.122105721
1074,0.088927284,0.08517038,0.16367575,0.396714542,0.000341479,0.078882359,0.075357193,0.286847794,0.140993891,0.182904322,0.059449652,0.161998816,0.041279925,0.213217315,0.039175346,0.316203352
1075,0.226640687,0.28958715,0.167406555,0.152596517,0.039283556,0.209542243,0.205800866,0.187240818,0.296207346,0.33300176,0.30031587,0.057546297,0.248823804,0.032129242,0.277848915,0.152735639
1076,0.052999583,0.344820343,0.245603336,0.141889987,0.012290872,0.214924104,0.369290351,0.238551933,0.388660242,0.054580447,0.227322042,0.319250019,0.210216292,0.036426542,0.233154401,0.244695162
1077,0.291483699,0.304484606,0.308309075,0.265377757,0.086324475,0.161694302,0.310451989,0.381370793,0.031578786,0.214214671,0.125008909,0.090157558,0.202324273,0.242435736,0.003908893,0.312082629
1078,0.327952853,0.38620433,0.072257493,0.237821025,0.170650149,0.133931141,0.226253381,0.312953237,0.009221113,0.387760045,0.323952634,0.300461481,0.304154953,0.155624284,0.30064822,0.154708083
1079,0.359482732,0.070888953,0.11693897,0.220535017,0.127684414,0.169694898,0.196969076,0.34254134,0.209276901,0.144983939,0.099094466,0.163470392,0.206294442,0.298445943,0.04841951,0.088643675
1080,0.151861606,0.144159362,0.156699235,0.317408506,0.129661761,0.200759272,0.249562813,0.09287142,0.287478155,0.218844528,0.178712465,0.323913611,0.097398104,0.353270388,0.224419494,0.243669952
1081,0.350023586,0.327033075,0.240624828,0.301275082,0.173327796,0.218951101,0.024828055,0.035943167,0.331770162,0.023868662,0.06775965,0.318333064,0.00045838,0.112961732,0.233615463,0.238179973
1082,0.310861163,0.202370502,0.203760748,0.29012423,0.199449785,0.243396435,0.359109627,0.160580403,0.154050028,0.001419597,0.245370505,0.011908763,0.201659396,0.321693516,0.219968428,0.107854466
1083,0.314467369,0.107886802,0.293212712,0.244103382,0.067998519,0.36205355,0.080257473,0.39583483,0.002924195,0.105393351,0.079944119,0.005597364,0.29294716,0.277370321,0.316940386,0.102679419
1084,0.177734067,0.263645409,0.175907402,0.278930308,0.253589363,0.045859121,0.312417248,0.288270544,0.262333755,0.062037443,0.10719858,0.157270813,0.111971849,0.091124116,0.322143068,0.255292899
1085,0.226188853,0.090381084,0.367230625,0.076473216,0.317980373,0.386669067,0.290837092,0.39714351,0.260420447,0.086984137,0.081527797,0.129825714,0.002852008,0.272679388,0.107467114,0.326073293
1086,0.14366906,0.191982597,0.386275567,0.096868849,0.288501639,0.302047116,0.088399263,0.200398735,0.14008077,0.308762497,0.248993328,0.190393222,0.311745306,0.094062228,0.301448752,0.346149725
1087,0.351448639,0.313469437,0.163205667,0.392723209,0.151837458,0.25545016,0.064429671,0.392179559,0.281594369,0.301351018,0.026310681,0.305367126,0.309889372,0.268709091,0.116763846,0.195876017
1088,0.044173749,0.188634827,0.097529541,0.139638795,0.065040163,0.092021747,0.030627457,0.367960547,0.212164275,0.158696789,0.214011685,0.251317291,0.368751517,0.071477181,0.118220999,0.390315735
1089,0.148477195,0.00902466,0.059057397,0.010535481,0.395969257,0.11154834,0.369417103,0.39835451,0.239936488,0.013278526,0.032636652,0.192635622,0.162468805,0.242470922,0.175539124,0.37363074
1090,0.213895886,0.277490425,0.358594109,0.05874875,0.091893862,0.042927464,0.05585536,0.205033587,0.128471704,0.169269136,0.392995933,0.062681739,0.216324828,0.039548462,0.127398525,0.211010369
1091,0.378652698,0.156491289,0.025962678,0.155264579,0.05829647,0.091995845,0.247236249,0.026969546,0.185889503,0.243784634,0.168743357,0.00765054,0.394207743,0.146846307,0.311430875,0.130258597
1092,0.190006703,0.155385457,0.137015692,0.008740551,0.144008375,0.355795996,0.276157335,0.058169144,0.236462002,0.356892344,0.280013616,0.059473757,0.347132999,0.120617605,0.181630458,0.210457104
1093,0.340202642,0.372642998,0.371861151,0.003181673,0.368755394,0.021754786,0.106309463,0.205995142,0.191970276,0.241883918,0.191778491,0.373750272,0.096219539,0.109609878,0.368295174,0.030695805
1094,0.243824329,0.272694381,0.202216689,0.277692752,0.069101858,0.341052893,0.056010276,0.160324978,0.030103041,0.218084432,0.267898323,0.376488654,0.295734478,0.216441167,0.373046807,0.191374735
1095,0.224482261,0.238439411,0.16399189,0.335393076,0.074070376,0.221936876,0.288893302,0.361590469,0.353567359,0.203496116,0.25726458,0.157695094,0.187271105,0.362506317,0.372281597,0.358165623
1096,0.055348345,0.340033609,0.379345492,0.144499878,0.207458516,0.311638102,0.224831255,0.397393409,0.182285346,0.285577084,0.317036456,0.197640166,0.342793522,0.218461836,0.164660319,0.04312947
1097,0.157365431,0.293574582,0.368514565,0.100671762,0.142094207,0.061584398,0.276289158,0.384075372,0.256380888,0.246830612,0.221395972,0.035382296,0.291801531,0.240819817,0.264590708,0.359524437
1098,0.313584315,0.312366101,0.370873508,0.395973981,0.232513093,0.043552646,0.183651963,0.315040459,0.01109013,0.022754975,0.026863113,0.292414303,0.200466651,0.147559177,0.042246818,0.2928961
1099,0.128407924,0.106129628,0.260927681,0.223604357,0.144964257,0.256594988,0.108488608,0.317932105,0.09172758,0.063535078,0.312975764,0.283156812,0.07305559,0.046498301,0.335359635,0.310639393
1100,0.130902949,0.263278963,0.049664075,0.202819064,0.007492117,0.156640752,0.029937129,0.190058872,0.168672659,0.177754011,0.018132521,0.144646537,0.30259354,0.147565749,0.286068781,0.147791489
1101,0.169295777,0.225556845,0.380272775,0.043544179,0.013165507,0.243182874,0.379638836,0.395889253,0.193665699,0.187232648,0.257985508,0.222253903,0.253635223,0.34959977,0.298522468,0.198750957
1102,0.184745784,0.255840699,0.182282514,0.183111741,0.006522361,0.069625655,0.195405456,0.329061384,0.111490803,0.209057373,0.137984834,0.041921596,0.383319393,0.341869548,0.03139697,0.287914905
1103,0.139031962,0.397939923,0.120959408,0.095495378,0.227156219,0.334050465,0.077007549,0.283761108,0.024562633,0.367573897,0.032429966,0.365692551,0.1963229,0.179236445,0.389322832,0.396153671
1104,0.26007125,0.050847717,0.202468034,0.21166524,0.205778571,0.227796735,0.007489886,0.284490913,0.284957721,0.04618791,0.228095777,0.227344473,0.272980168,0.034159077,0.250601323,0.11230078
1105,0.202801196,0.309329421,0.282258375,0.047561207,0.236473915,0.387646612,0.062707775,0.341162835,0.281019232,0.309601325,0.112783331,0.115155572,0.362407782,0.143932813,0.025206156,0.240238681
1106,0.049927068,0.318638497,0.256698577,0.349890602,0.3139349,0.044845459,0.152428271,0.3098241,0.166936589,0.388946194,0.29429618,0.006199967,0.351994277,0.040321914,0.05620949,0.29379696
1107,0.345987424,0.214539851,0.115619893,0.140526218,0.137155732,0.130671242,0.097163869,0.243546838,0.360162127,0.122832965,0.074677719,0.335431067,0.296713332,0.372334813,0.066207894,0.057700526
1108,0.216571758,0.245773462,0.192069377,0.239586655,0.072151908,0.191845502,0.263237024,0.17308258,0.271778934,0.180476512,0.133439832,0.121442019,0.164360824,0.009235849,0.267410055,0.338042256
1109,0.141850838,0.018413254,0.394710239,0.105479302,0.050648449,0.147901003,0.295422816,0.117566639,0.229881282,0.166223998,0.047105597,0.132114805,0.289948202,0.244801559,0.047911352,0.065328964
1110,0.256293344,0.325366166,0.139789798,0.238124301,0.068257436,0.124550535,0.008108082,0.307310379,0.160403928,0.326450229,0.283349198,0.331497706,0.114263468,0.074043492,0.388762273,0.286931115
1111,0.333616907,0.005253349,0.141784648,0.297126676,0.031193133,0.226935972,0.171629107,0.007046603,0.094390231,0.113916796,0.044743979,0.252614764,0.096959151,0.1110478,0.359295439,0.186849237
1112,0.156851259,0.289548415,0.363845519,0.010014534,0.179295539,0.244312542,0.127425239,0.308963089,0.388590828,0.377370947,0.106393016,0.090535311,0.382996212,0.183451395,0.083319089,0.282798785
1113,0.11376813,0.10689879,0.351699617,0.064991661,0.025757179,0.107674576,0.242778165,0.049235141,0.188637869,0.250934844,0.339494797,0.091947836,0.326938529,0.093962504,0.270706616,0.172269429
1114,0.045872497,0.285705385,0.087105047,0.07064937,0.143329171,0.261316098,0.093598592,0.073464616,0.00398145,0.188657239,0.171458228,0.093547097,0.021460866,0.17170235,0.315282044,0.286112853
1115,0.344317956,0.003833075,0.386567727,0.136564901,0.396159118,0.101047784,0.188614555,0.141571071,0.142304286,0.336912839,0.298567576,0.396860574,0.245405873,0.185302642,0.036029545,0.398624568
1116,0.220612261,0.280190988,0.162696955,0.219086283,0.377031093,0.066567775,0.116949034,0.060823891,0.316886362,0.024818104,0.03265266,0.119397645,0.205675272,0.16250992,0.017926524,0.382996623
1117,0.381147808,0.111742529,0.292610246,0.231430165,0.094990678,0.104868621,0.19646127,0.167694777,0.116491731,0.323004639,0.192585167,0.261939225,0.0757094,0.213403065,0.12719042,0.210565444
1118,0.312330333,0.307565284,0.141688271,0.277710847,0.37651598,0.250267732,0.059364049,0.271883452,0.041961755,0.348844164,0.206664198,0.154056295,0.022802638,0.152313494,0.361282667,0.008393199
1119,0.189859263,0.372463236,0.1579364,0.171270275,0.231424022,0.185174933,0.067440676,0.007422216,0.243924663,0.368322635,0.042545653,0.084381088,0.148091794,0.323496892,0.107704127,0.352821762
1120,0.02198315,0.376382649,0.224298831,0.263511071,0.147075809,0.312797714,0.0666265,0.01956473,0.158206777,0.341478286,0.301970735,0.206862388,0.228855099,0.051957131,0.336272603,0.314783873
1121,0.262588158,0.186476415,0.385783707,0.351612789,0.257772197,0.148720399,0.247208911,0.230176371,0.157696795,0.122669589,0.162804317,0.229564562,0.171253938,0.105429795,0.304385327,0.212586998
1122,0.027070065,0.147326602,0.353965383,0.302094612,0.129298714,0.375273261,0.030641163,0.384493882,0.098282037,0.003637672,0.173523215,0.143588172,0.215635602,0.318709144,0.336972321,0.160492
1123,0.171938297,0.059271092,0.019019044,0.256485996,0.02577505,0.293532048,0.215636058,0.079433191,0.215809177,0.073199087,0.175494883,0.319824126,0.184767717,0.059479727,0.289531473,0.074707367
1124,0.29541995,0.191740916,0.181496704,0.340574015,0.28344141,0.013164319,0.118469726,0.348368264,0.007330467,0.218101379,0.291130268,0.248742434,0.304212881,0.29027674,0.276812278,0.328615944
1125,0.258276267,0.160967398,0.188763644,0.286689913,0.350522412,0.10888752,0.136830718,0.372295759,0.231404717,0.071584727,0.265478056,0.396304862,0.329381426,0.298296455,0.083218662,0.350455914
1126,0.210315537,0.355716009,0.131931132,0.024820421,0.190390387,0.107935042,0.286091716,0.382842621,0.27638966,0.354773572,0.181209605,0.308656295,0.337217375,0.284350251,0.203110914,0.250346444
1127,0.280202798,0.101233761,0.323831704,0.380129816,0.186095726,0.280426873,0.294810362,0.264899019,0.218846043,0.352659182,0.179570684,0.024441183,0.33782255,0.269592509,0.339703451,0.055418977
1128,0.012301176,0.373749816,0.059091322,0.323860933,0.329283977,0.28348208,0.052504884,0.26695945,0.355634633,0.170212658,0.165406742,0.177143324,0.032908756,0.356810228,0.347673146,0.399163729
1129,0.234073257,0.300476655,0.081068763,0.267011527,0.25989314,0.360483494,0.332317089,0.375386585,0.347533389,0.347477558,0.025489331,0.338384781,0.242991358,0.152177781,0.02260585,0.27106951
1130,0.1312807,0.187110506,0.272691375,0.364709819,0.330174766,0.180238852,0.155113263,0.095911896,0.1489707,0.044418555,0.388442203,0.229566978,0.051122337,0.141122404,0.218815657,0.213154255
1131,0.014201347,0.380336414,0.110150273,0.006473868,0.030577604,0.232077961,0.055114208,0.016689917,0.151850587,0.249104477,0.044735922,0.125331133,0.167104269,0.063784039,0.202429559,0.034085635
1132,0.018607399,0.207934147,0.099158789,0.038149523,0.169565035,0.366056296,0.289676979,0.326246366,0.348765596,0.389051097,0.305298629,0.243363169,0.146170352,0.072657295,0.27466395,0.397979994
1133,0.186943474,0.289471747,0.19803698,0.172773369,0.164122245,0.201849873,0.146758265,0.299509329,0.349708811,0.353154123,0.091079485,0.358363655,0.136620493,0.123723066,0.290702423,0.121878536
1134,0.021186562,0.149447109,0.28858624,0.130783368,0.251823622,0.264047778,0.293494405,0.358852187,0.1730258,0.066572831,0.127570286,0.172866902,0.285556588,0.00524885,0.126314153,0.311937032
1135,0.268343081,0.292695989,0.324724308,0.313294288,0.272873266,0.175864613,0.393439332,0.227629278,0.081107684,0.117125142,0.277424982,0.369895826,0.071488052,0.032938598,0.352612419,0.366111192
1136,0.110551738,0.15091429,0.264075199,0.131972008,0.350863483,0.043031481,0.015192888,0.083394483,0.114435111,0.045170637,0.026276172,0.302243085,0.065710626,0.36556888,0.147199865,0.268242324
1137,0.090160846,0.096129107,0.229883681,0.22425717,0.307491691,0.303125322,0.268275106,0.179652226,0.356256155,0.249031396,0.396079396,0.327747927,0.017723924,0.128237563,0.228750287,0.288587815
1138,0.220134599,0.314452169,0.113062261,0.07356482,0.021566674,0.229325498,0.275439808,0.130459887,0.245433674,0.020862892,0.039717339,0.280701909,0.147227882,0.268533612,0.332688448,0.341048975
1139,0.068867058,0.194514229,0.293570689,0.309592239,0.313870392,0.091266934,0.077013927,0.236004987,0.296434319,0.127655806,0.041882063,0.286698553,0.119879133,0.06654509,0.059089411,0.125963819
1140,0.237071226,0.143360895,0.008264741,0.038763374,0.116201299,0.263881793,0.039406029,0.224262741,0.047954348,0.084646131,0.068875411,0.026891454,0.268531927,0.185361419,0.332421376,0.039556336
1141,0.057893173,0.122583093,0.306346395,0.122303529,0.163367483,0.120641427,0.032089717,0.375773449,0.219415597,0.315133275,0.263342837,0.205701712,0.035871303,0.257093418,0.062148142,0.165753268
1142,0.251645257,0.3128916,0.27401807,0.268613412,0.059616884,0.138451416,0.017164909,0.287790757,0.381034393,0.105644156,0.035078684,0.190228031,0.342679289,0.220789678,0.01871086,0.389708896
1143,0.331459964,0.052637631,0.368719103,0.180275315,0.148759196,0.184421332,0.333828783,0.263791871,0.023699381,0.383041748,0.059113653,0.298227181,0.254454612,0.075011219,0.06829283,0.348131037
1144,0.167877969,0.261830606,0.201628402,0.290941407,0.19169695,0.114951966,0.145353348,0.343631078,0.187213877,0.085379733,0.373842155,0.318640183,0.022266458,0.399577185,0.277970679,0.06410664
1145,0.094867073,0.276978192,0.311904422,0.095614377,0.102787542,0.122848278,0.239207346,0.068726471,0.04169728,0.271545636,0.311639176,0.200371762,0.145533084,0.172817085,0.155363134,0.383993963
1146,0.307235962,0.083234886,0.153675661,0.217604917,0.245194345,0.187273558,0.324050654,0.307042408,0.202063167,0.341771755,0.300435812,0.311432739,0.382560312,0.106586776,0.107059265,0.355580902
1147,0.308890549,0.370618217,0.025252064,0.251102831,0.057851335,0.201558879,0.062298773,0.051231404,0.004867338,0.252095525,0.143609047,0.042075314,0.129135111,0.067577637,0.376677933,0.128001954
1148,0.133581409,0.335943201,0.259102305,0.284068643,0.254400722,0.378478514,0.082800333,0.395615697,0.332382471,0.235589036,0.26494865,0.259530351,0.02335849,0.087206599,0.384588354,0.213745772
1149,0.151341441,0.304815385,0.209807577,0.005265109,0.294495039,0.292887024,0.066059485,0.382664035,0.089563253,0.183099747,0.045894385,0.241312928,0.150180448,0.141269385,0.330790751,0.003824685
1150,0.319178708,0.228579426,0.394439405,0.235777288,0.022151654,0.020258131,0.353261195,0.336485658,0.13835603,0.247212994,0.195836543,0.386865622,0.37998436,0.393535603,0.346579512,0.363820636
1151,0.086911512,0.332402716,0.283542845,0.385114604,0.228504731,0.034066867,0.238959556,0.274632371,0.088128411,0.157645353,0.239401366,0.149642295,0.149979087,0.053234656,0.376298689,0.300197754
1152,0.000497376,0.306245314,0.295917997,0.003892384,0.147841719,0.242699076,0.181100261,0.311194447,0.170183333,0.061545188,0.39056625,0.096815997,0.287076924,0.057262525,0.131605046,0.176811043
1153,0.076892802,0.179983831,0.062865129,0.223602616,0.265485301,0.024973714,0.348452848,0.074056354,0.09014497,0.264539936,0.187500424,0.19975824,0.051261994,0.322294329,0.246821698,0.054152817
1154,0.149599747,0.324163973,0.227342018,0.043459512,0.149110818,0.097077759,0.206986221,0.337344452,0.174506854,0.173336812,0.362140361,0.230474165,0.226476435,0.104763957,0.243089099,0.230364187
1155,0.158740588,0.396278226,0.352756386,0.299834516,0.214938235,0.184823921,0.073958958,0.12229499,0.30958432,0.181499582,0.352907807,0.059164455,0.203338838,0.258786274,0.206739383,0.355690757
1156,0.395825313,0.046333863,0.051981962,0.052129645,0.272470838,0.149070438,0.293325865,0.162188589,0.251042689,0.307943202,0.219286364,0.215801436,0.03529373,0.164312697,0.218310861,0.18479233
1157,0.3603128,0.362612253,0.328766952,0.15011923,0.286919661,0.158115384,0.09303744,0.137161057,0.028385853,0.132711004,0.184296887,0.382192358,0.125364234,0.360981416,0.09154331,0.076387559
1158,0.207598183,0.269004548,0.0177329,0.088426346,0.182273467,0.132401734,0.285048432,0.204464238,0.064143642,0.357786152,0.11716227,0.292452444,0.311966312,0.38526308,0.199402987,0.246334206
1159,0.133950517,0.271271717,0.185353394,0.175060946,0.342187012,0.020067537,0.352784971,0.340827935,0.202546501,0.196081142,0.144722947,0.397669517,0.044467733,0.236086094,0.272672636,0.373732003
1160,0.312081399,0.257538881,0.046724927,0.149493407,0.055536657,0.352485093,0.299848462,0.303014715,0.260902607,0.202817415,0.059988424,0.131877955,0.054766317,0.289965257,0.06409151,0.28084542
1161,0.276902156,0.183721792,0.054091462,0.12592033,0.128037244,0.280154053,0.045497208,0.331627458,0.304402916,0.074522767,0.287665753,0.267405273,0.29924832,0.075571422,0.063036129,0.094593594
1162,0.146348681,0.317465992,0.295169575,0.370180637,0.023451824,0.004622512,0.279655532,0.111714998,0.133631558,0.21872081,0.040965249,0.257077767,0.130058978,0.25308605,0.333602765,0.068444533
1163,0.372349237,0.212275256,0.369171106,0.083092033,0.241825066,0.161554847,0.309688876,0.242363577,0.197806183,0.365194163,0.150846826,0.087992082,0.243240475,0.249611375,0.175637849,0.194644017
1164,0.383821366,0.293074277,0.044240701,0.084852028,0.390230654,0.290586222,0.36601805,0.121544586,0.296746744,0.285601083,0.117875994,0.22032653,0.250966045,0.192452724,0.330871483,0.333147617
1165,0.340240219,0.321369428,0.195233391,0.152575319,0.332550513,0.196080583,0.098548559,0.202937413,0.056739929,0.276651796,0.134368513,0.104263519,0.382603498,0.310752398,0.314827801,0.249488788
1166,0.335669124,0.303664992,0.239509482,0.384449761,0.07663798,0.377351888,0.160575265,0.211359593,0.049095728,0.216042976,0.244482701,0.399080617,0.390076964,0.386558917,0.139355224,0.396506599
1167,0.182191261,0.340734504,0.086527988,0.202333272,0.386404838,0.378812559,0.273493951,0.319125729,0.070570679,0.28866342,0.247220323,0.036620694,0.045263603,0.043377447,0.289742774,0.056686083
1168,0.187092908,0.142792722,0.220201656,0.282590595,0.273889015,0.206207966,0.185733949,0.159126238,0.344763979,0.132340722,0.103746328,0.297326197,0.143905385,0.33879944,0.131155487,0.28077793
1169,0.018043603,0.154225152,0.13729207,0.326671496,0.386822161,0.184352511,0.329934511,0.27987788,0.386954395,0.324443406,0.030991226,0.285312689,0.214199886,0.006574423,0.100525183,0.368702098
1170,0.370424549,0.319540184,0.392711841,0.32261809,0.004081675,0.115133736,0.012249673,0.037643187,0.087536327,0.201423419,0.339012801,0.344786702,0.246480743,0.371270376,0.200024931,0.355614418
1171,0.181626103,0.110890003,0.366565167,0.15517403,0.201361644,0.131544253,0.26513504,0.39801249,0.01020542,0.359939202,0.001570423,0.145691152,0.067442723,0.302936712,0.020244336,0.221393981
1172,0.117970454,0.0534681,0.308727285,0.086966734,0.089470085,0.110030714,0.234706706,0.263866373,0.007041009,0.096747854,0.172388337,0.132790781,0.353668263,0.315083492,0.250356086,0.135216966
1173,0.280268938,0.337455205,0.237932151,0.313784587,0.299641985,0.228694924,0.124873287,0.298312863,0.082718547,0.311795339,0.321818677,0.328857952,0.189166388,0.076992307,0.03988944,0.2973445
1174,0.354504554,0.260335344,0.057664024,0.373958579,0.395640806,0.173351444,0.237930116,0.310891408,0.294555916,0.387114877,0.045953236,0.232289946,0.276772568,0.35603937,0.349643851,0.391199917
1175,0.204831382,0.332304347,0.170912683,0.168925551,0.101339346,0.327294915,0.394326042,0.102536691,0.022452635,0.326216975,0.248092021,0.38387952,0.100895688,0.028411063,0.196976904,0.034186409
1176,0.104716,0.050391144,0.089652872,0.042457861,0.3815624,0.111425085,0.177559034,0.359444723,0.270928635,0.247214992,0.282225276,0.331528903,0.351067707,0.257055868,0.35600291,0.214159011
1177,0.110916343,0.352030684,0.216589131,0.362455035,0.016067126,0.159006301,0.379122007,0.099860037,0.376614498,0.381560984,0.352856926,0.225467218,0.25877578,0.347846799,0.310358833,0.25203754
1178,0.392903763,0.274270655,0.390192797,0.02295539,0.055584148,0.180583538,0.153951784,0.313093937,0.064245611,0.390438072,0.12602635,0.171569483,0.109898013,0.231745447,0.02345148,0.059871002
1179,0.298319081,0.074600233,0.094205781,0.317192894,0.037320471,0.174989529,0.009225355,0.13872296,0.279592561,0.036041312,0.355333851,0.363799617,0.04199615,0.396292975,0.119011821,0.033640668
1180,0.002026846,0.163409158,0.251923994,0.1328717,0.334686946,0.28664251,0.140064613,0.293723867,0.376195095,0.037238399,0.122441584,0.185330376,0.199196051,0.216878258,0.120250763,0.266903858
1181,0.258033801,0.231128603,0.045504689,0.190787156,0.142490755,0.196415388,0.368746574,0.192212537,0.005592317,0.175534695,0.328259272,0.312024369,0.205356029,0.099907605,0.186035465,0.225480888
1182,0.399948575,0.257671236,0.277705972,0.196581657,0.14179582,0.325181193,0.19797293,0.397876052,0.18284823,0.027200113,0.273031255,0.01865658,0.100200639,0.141495301,0.295793434,0.197694371
1183,0.011458373,0.246739941,0.164574495,0.368733804,0.199824924,0.283590058,0.087547397,0.304389426,0.288382124,0.361632683,0.013528657,0.179000279,0.271662161,0.03806556,0.164241627,0.376858641
1184,0.174373796,0.394161913,0.022735624,0.28713191,0.232406494,0.200215871,0.388338961,0.05186016,0.358399581,0.276496164,0.103598429,0.360667658,0.171717967,0.325690931,0.155534607,0.340372331
1185,0.254651647,0.056418653,0.259865265,0.076537905,0.164769051,0.068118234,0.008806446,0.084754616,0.214548809,0.192624387,0.200598838,0.099074751,0.27406448,0.281705315,0.14318713,0.352468035
1186,0.257609287,0.28521571,0.110935967,0.000244654,0.346150245,0.328969754,0.049276755,0.149642054,0.264535723,0.260844343,0.344140134,0.056107265,0.171975899,0.038889767,0.155838099,0.006042978
1187,0.359309226,0.210817599,0.339920904,0.02396188,0.090983244,0.103751998,0.154676598,0.321146549,0.154623149,0.081861412,0.025996104,0.031796699,0.304018882,0.177921196,0.290472449,0.272914849
1188,0.054144985,0.057155174,0.302136806,0.288507317,0.151212307,0.030968905,0.004839209,0.11526278,0.003688909,0.092029048,0.167800296,0.048566306,0.041711103,0.358574974,0.234188012,0.373782275
1189,0.138330466,0.270857975,0.08187667,0.247336127,0.051834292,0.000832256,0.372612721,0.22195775,0.370776265,0.133532609,0.131114428,0.160262001,0.282416394,0.226323454,0.370141963,0.01017636
1190,0.283278375,0.132131076,0.072093461,0.204158249,0.202025514,0.054804411,0.080758422,0.163265866,0.163524565,0.127023256,0.059418061,0.001749472,0.388094025,0.377399692,0.193460152,0.398020701
1191,0.269461732,0.027543015,0.04708728,0.366444338,0.252020881,0.337273451,0.35930786,0.179176805,0.019410381,0.07531214,0.026628779,0.075495938,0.164213171,0.047278724,0.066693299,0.178328713
1192,0.13606838,0.18706325,0.171668811,0.25779121,0.37487582,0.043145735,0.03970406,0.341122444,0.202558682,0.306562009,0.086168761,0.331545029,0.36953865,0.254193206,0.042351609,0.358117926
1193,0.316995091,0.300351111,0.014691276,0.31958501,0.055180404,0.08895447,0.230853934,0.105992309,0.264539283,0.243228179,0.043259839,0.262405832,0.369581964,0.064443962,0.238824808,0.136746149
1194,0.183844669,0.114800072,0.141652255,0.011564729,0.392620695,0.249919969,0.200282236,0.15348614,0.215749824,0.152042399,0.143963171,0.185578617,0.110393213,0.07201996,0.222642359,0.337106174
1195,0.061131271,0.013093736,0.098724698,0.391888257,0.331503229,0.238346421,0.371699566,0.178111647,0.393312241,0.118520818,0.0961223,0.25521928,0.151261587,0.250546217,0.121998207,0.247167303
1196,0.110298504,0.020388828,0.364854361,0.353282081,0.38831926,0.28661087,0.273088471,0.223601228,0.050376967,0.075694124,0.115787875,0.356062545,0.06918781,0.36914927,0.209114293,0.286227854
1197,0.044097795,0.10761342,0.383407443,0.106459979,0.118608688,0.079038954,0.051629466,0.093303057,0.256930757,0.182147093,0.221502335,0.048945932,0.320846579,0.31363788,0.008635964,0.153406038
1198,0.027508241,0.316842312,0.294907873,0.360795238,0.094561584,0.182518353,0.073795151,0.148493974,0.208897301,0.021332316,0.285948164,0.217317344,0.331583607,0.1087122,0.361328442,0.399477701
1199,0.367719375,0.31115699,0.324947521,0.229497697,0.076061545,0.270816274,0.285101201,0.394154056,0.216520527,0.108547606,0.273469009,0.391750328,0.070885563,0.130399167,0.216752382,0.068085854
1200,0.008888256,0.134793249,0.346148321,0.01738736,0.171571624,0.304880309,0.381273039,0.39419016,0.168787752,0.380153718,0.014167589,0.298366775,0.257098414,0.099808743,0.2029274,0.051821495
1201,0.34863886,0.143159234,0.250417788,0.063510515,0.082465938,0.396782548,0.301234558,0.384788748,0.118340466,0.065825151,0.201227385,0.197867313,0.069978606,0.293287828,0.144711014,0.074546092
1202,0.132793358,0.22546348,0.290588373,0.192756354,0.210237996,0.055578374,0.36587637,0.371489679,0.273370636,0.007052564,0.214829686,0.251687589,0.397861689,0.398426782,0.343044494,0.025532397
1203,0.381310556,0.245064499,0.320354708,0.16287714,0.127867788,0.185297658,0.058749805,0.142826456,0.343047,0.015180195,0.060351219,0.050046464,0.161230217,0.39879476,0.069343172,0.05819306
1204,0.366022292,0.352820207,0.012896148,0.300682384,0.262186281,0.307096324,0.197800982,0.396551687,0.017538807,0.093748635,0.158618395,0.179911177,0.368546961,0.224001746,0.018044398,0.163145185
1205,0.166596165,0.386196375,0.239678836,0.254260428,0.285301213,0.308015726,0.254020428,0.09487774,0.349618366,0.29284792,0.296748194,0.398622696,0.321010614,0.331660561,0.380562206,0.0604536
1206,0.199090951,0.232226809,0.131710292,0.335761338,0.304967849,0.28835323,0.398859776,0.103752549,0.294182901,0.22056179,0.125195673,0.064234748,0.358353535,0.238182193,0.329973535,0.218137994
1207,0.087990832,0.135019525,0.152615537,0.389173925,0.002253311,0.394266409,0.392184654,0.398460316,0.190635272,0.385523588,0.158239673,0.010517776,0.089738875,0.378118498,0.005505877,0.218397654
1208,0.030240636,0.114558631,0.03523714,0.343811448,0.236428284,0.360842586,0.27534128,0.388411652,0.203951062,0.255484233,0.230523528,0.193704172,0.338383746,0.257810054,0.320524906,0.314545575
1209,0.076418064,0.260065413,0.079859208,0.233328191,0.270973874,0.398894029,0.012216791,0.036496958,0.030810679,0.159344515,0.328635345,0.337622533,0.294791838,0.358751297,0.129143978,0.035261858
1210,0.023261211,0.340853088,0.292174518,0.279446122,0.135870535,0.151962075,0.383245412,0.025521898,0.309492695,0.123853329,0.015621847,0.297028044,0.132364754,0.288859007,0.283061753,0.21391475
1211,0.310949252,0.23241533,0.114654741,0.29364612,0.235655926,0.005090913,0.360657671,0.218257447,0.347450906,0.353094736,0.177986663,0.203063999,0.166301755,0.17977471,0.358058864,0.315257606
1212,0.050610271,0.244123113,0.398362656,0.23822028,0.31434865,0.307624589,0.14012701,0.148739721,0.289630569,0.199993413,0.228228284,0.285162316,0.311030011,0.108606631,0.058717504,0.116717859
1213,0.20301533,0.136856527,0.227345104,0.02138629,0.203900165,0.147193963,0.213866702,0.169013342,0.11369034,0.361643162,0.073905995,0.27254623,0.369857885,0.215467984,0.350563395,0.049940591
1214,0.197515508,0.182810112,0.003247523,0.177302937,0.147611903,0.267919491,0.375331911,0.034316435,0.130990555,0.177625895,0.182074151,0.309923888,0.177358266,0.010864521,0.284041638,0.353931878
1215,0.205561885,0.232443409,0.065174576,0.088258378,0.094068096,0.17229679,0.371258088,0.208713907,0.076839058,0.106435094,0.153606012,0.24930359,0.176013261,0.156977938,0.22589144,0.096733998
1216,0.031561309,0.009765726,0.100503665,0.036636814,0.134536255,0.309173416,0.286517732,0.244371049,0.341000098,0.11282705,0.354021501,0.159695668,0.160357327,0.162140645,0.039237746,0.390196199
1217,0.055402711,0.13635429,0.127720128,0.029871773,0.060904052,0.017943334,0.116961797,0.34666277,0.135776882,0.049476733,0.258277547,0.398640365,0.092929516,0.111828402,0.388738822,0.071510515
1218,0.204485627,0.095860853,0.372940759,0.392608406,0.325879138,0.125913526,0.16139499,0.096922273,0.356303187,0.365823311,0.167548265,0.262613228,0.066221272,0.17397436,0.252599643,0.154161247
1219,0.14303981,0.000399597,0.321717386,0.355735045,0.387785412,0.287708554,0.219516925,0.107713808,0.39971979,0.235901142,0.272461629,0.272962465,0.338100718,0.003869016,0.088098776,0.2662136
1220,0.358058295,0.274135513,0.165396517,0.144622198,0.295179203,0.296495079,0.242823197,0.11658681,0.370061927,0.220751977,0.316196942,0.085723305,0.137616315,0.349831807,0.020042812,0.204926125
1221,0.192682192,0.300492076,0.112757508,0.087626729,0.370453136,0.228683861,0.041875827,0.077214465,0.399530424,0.078243599,0.244190205,0.168051232,0.354239638,0.302067437,0.238780559,0.004295593
1222,0.351918083,0.177866988,0.372631061,0.198215605,0.277689796,0.02771706,0.298060661,0.135198413,0.140543606,0.047462338,0.058742859,0.074303622,0.131282467,0.356787965,0.147304095,0.289745083
1223,0.033099002,0.23643952,0.192756493,0.391183179,0.338483108,0.181931909,0.310057106,0.077215497,0.224934531,0.029847622,0.139235613,0.090344873,0.287563926,0.196036276,0.300428192,0.206118175
1224,0.034593777,0.29414706,0.333291706,0.36141249,0.228796778,0.301434144,0.300817735,0.062299904,0.065688275,0.028354202,0.127965454,0.189403435,0.399159141,0.172397337,0.290497035,0.277358811
1225,0.08179278,0.023402861,0.218402701,0.280122237,0.399300716,0.143444421,0.358545825,0.152772982,0.275764683,0.239301172,0.021191517,0.031355371,0.008305636,0.148333634,0.29832042,0.069102158
1226,0.242341187,0.115531112,0.31879705,0.31935846,0.310165806,0.209933406,0.113826684,0.323777618,0.074440225,0.115903841,0.073579082,0.269684064,0.274494411,0.261003997,0.166240587,0.040068403
1227,0.364467834,0.203092386,0.162788878,0.235529957,0.077116174,0.053019512,0.162210089,0.090888278,0.097716118,0.357004595,0.212303671,0.193387626,0.275791837,0.380619245,0.044879426,0.333413827
1228,0.233607672,0.058466142,0.118859727,0.192944567,0.276470858,0.097042807,0.213951526,0.273868651,0.1794963,0.345210384,0.347783641,0.188276487,0.389170284,0.030234037,0.001344951,0.152267306
1229,0.240438825,0.251680063,0.190578295,0.049953325,0.068199009,0.340859194,0.347164453,0.269559415,0.265687189,0.239072851,0.081170354,0.17130028,0.278357861,0.214900909,0.007432134,0.381422723
1230,0.337926421,0.104218006,0.246583574,0.369295753,0.038404405,0.201211792,0.18249721,0.164082002,0.334235444,0.152258459,0.025465333,0.026335097,0.017097843,0.163658169,0.287362511,0.081488985
1231,0.258587408,0.274835389,0.10208085,0.240223062,0.273947336,0.186645449,0.134686639,0.247660621,0.391138835,0.170736564,0.156694039,0.185706761,0.030487357,0.221265312,0.131478955,0.048568849
1232,0.186502696,0.001353595,0.160714098,0.042294107,0.009717081,0.329790018,0.366499521,0.083069859,0.215719306,0.111183263,0.197430975,0.174652528,0.107620422,0.280157432,0.050596384,0.021229113
1233,0.307070173,0.266372012,0.19941045,0.187115908,0.198964552,0.17480963,0.157156918,0.199876241,0.211406068,0.276760926,0.284482864,0.151051632,0.165416209,0.149478868,0.214614309,0.181341415
1234,0.355838585,0.278544507,0.359462554,0.283654797,0.388396859,0.254294711,0.385420055,0.063267956,0.020991072,0.231650074,0.393397282,0.167042099,0.084817345,0.20861658,0.25951945,0.126071478
1235,0.285907743,0.390045803,0.358785249,0.116634149,0.130689473,0.14861649,0.157821111,0.0401278,0.304785136,0.146135705,0.351927991,0.370776249,0.009772524,0.395401228,0.284009093,0.20815689
1236,0.155811043,0.207407253,0.12984989,0.249075125,0.037192111,0.248449041,0.11013794,0.007053932,0.221082306,0.231379102,0.170627602,0.028914493,0.357337181,0.244572323,0.04628532,0.204372231
1237,0.198901726,0.024160748,0.242743881,0.32333056,0.299603222,0.081187766,0.344917012,0.137016866,0.378603351,0.028699186,0.194483475,0.238849751,0.099060039,0.308552075,0.250758272,0.007243775
1238,0.243347436,0.196591294,0.078411681,0.398299291,0.358864878,0.117003078,0.216428368,0.126600856,0.310198301,0.372132573,0.143531443,0.3222337,0.199363017,0.158631425,0.375368741,0.204161875
1239,0.1869642,0.268973761,0.10449368,0.129917148,0.372818334,0.271411938,0.330654859,0.108444705,0.217516076,0.388558507,0.12748156,0.064190591,0.204354403,0.155128435,0.063830893,0.355420553
1240,0.396289564,0.227432872,0.309870707,0.343615348,0.280392802,0.01766242,0.063053693,0.028395676,0.003951843,0.122398564,0.156942384,0.096411893,0.025841859,0.211945236,0.109327728,0.318414862
1241,0.003221049,0.337010821,0.381901472,0.286454025,0.293457626,0.373424925,0.083628514,0.397826227,0.309392481,0.290628283,0.144436232,0.218310994,0.261567115,0.248137145,0.281993855,0.032952696
1242,0.142259373,0.173600007,0.104251719,0.069050908,0.055570992,0.146553357,0.19737668,0.025190576,0.378583238,0.306097329,0.292340709,0.06914421,0.241520307,0.211889979,0.392987538,0.299068708
1243,0.230304753,0.340325067,0.062037708,0.006086612,0.276093333,0.039324584,0.046173456,0.297872291,0.108213938,0.251452486,0.36696277,0.126589813,0.086857663,0.042625153,0.052184945,0.024889078
1244,0.035056952,0.172801836,0.128346018,0.282624326,0.348096663,0.313909281,0.212254903,0.040976846,0.283906914,0.14513149,0.034260158,0.336986563,0.135286607,0.087299533,0.348580826,0.360853547
1245,0.135588335,0.141920568,0.231851411,0.293376598,0.025259681,0.237337463,0.381128025,0.104837559,0.363530886,0.380067336,0.107661456,0.301680746,0.095510003,0.295044465,0.318967989,0.098882281
1246,0.286347817,0.324841816,0.143431549,0.06708111,0.036785827,0.230152681,0.391239248,0.329180128,0.174335856,0.214648361,0.111811154,0.065226347,0.192832463,0.185400626,0.208771981,0.381121834
1247,0.24155812,0.242308735,0.051209905,0.398595546,0.309137978,0.350881338,0.165720165,0.200851238,0.208833524,0.077637816,0.275795663,0.361190689,0.065482327,0.034527309,0.295287562,0.109280733
1248,0.249545017,0.278303335,0.128764305,0.326057839,0.219995593,0.347599763,0.305317421,0.347430253,0.008064553,0.097402504,0.036003176,0.176833207,0.355984049,0.187016105,0.339885218,0.130871295
1249,0.135828029,0.358224692,0.170326859,0.315906195,0.094657419,0.379520332,0.229831299,0.303729427,0.03580628,0.19706569,0.360415399,0.350815452,0.018725583,0.121479388,0.177328003,0.068905926
1250,0.291999324,0.073804798,0.138655878,0.265312255,0.192835738,0.295428415,0.38448316,0.046618675,0.283827087,0.092137662,0.165790691,0.01314509,0.054362953,0.127910916,0.136794322,0.359834087
1251,0.296725164,0.388873187,0.239628604,0.096685493,0.131062012,0.127934369,0.130597731,0.269185669,0.212323171,0.154169671,0.059635907,0.008855665,0.087533871,0.042988562,0.314178012,0.044999183
1252,0.289691295,0.154263476,0.029351356,0.32509202,0.231852228,0.094304605,0.35787247,0.018103326,0.080727843,0.300818771,0.283751172,0.115708677,0.02480995,0.343231229,0.125479055,0.078285366
1253,0.206424729,0.36409088,0.017418631,0.306321635,0.228989291,0.170179647,0.297632178,0.38632977,0.091682484,0.057458946,0.365152698,0.267581231,0.175194409,0.229303828,0.298245562,0.309212759
1254,0.367957672,0.170737116,0.117364364,0.255865707,0.16629116,0.237839382,0.167994319,0.061198315,0.187770701,0.276367129,0.319713523,0.197330511,0.066095156,0.165875084,0.314517572,0.165143708
1255,0.278612317,0.202885473,0.09648925,0.318460203,0.033685382,0.209956113,0.083556414,0.026826251,0.201173575,0.199824862,0.282760361,0.297900277,0.291116595,0.163823493,0.252675915,0.230778097
1256,0.168624702,0.238885078,0.378899151,0.077157497,0.362308838,0.021382206,0.123355685,0.115258099,0.250546043,0.052489981,0.352939045,0.331420563,0.260826328,0.183365533,0.373182417,0.332298622
1257,0.199726059,0.280749342,0.226771981,0.235176895,0.132390428,0.184833842,0.031248572,0.142939477,0.278331406,0.381286412,0.385225645,0.222289148,0.242648901,0.074288474,0.278123243,0.028263517
1258,0.113874274,0.267345339,0.124124053,0.01993875,0.332748164,0.124132003,0.02524209,0.029915266,0.10070352,0.071206379,0.309720047,0.128673619,0.321878314,0.069538399,0.197151672,0.275214853
1259,0.260796342,0.240451764,0.369928641,0.091410059,0.197487682,0.35359702,0.031157506,0.022355307,0.093320915,0.253208488,0.103951851,0.076095954,0.183520926,0.245439228,0.099423083,0.120276475
1260,0.245423722,0.378295369,0.269896691,0.313161657,0.146724038,0.108901744,0.181707097,0.322853131,0.182519857,0.338690164,0.395508792,0.028810666,0.018164062,0.059835881,0.15374787,0.052416884
1261,0.348265791,0.0092585,0.126317087,0.073877852,0.372615732,0.267792402,0.364812103,0.388931484,0.198839297,0.093727643,0.077491514,0.089167545,0.283437323,0.016178291,0.020544429,0.243257177
1262,0.256822859,0.26610517,0.148752202,0.322377955,0.213449835,0.042186252,0.318839723,0.381227115,0.024014525,0.156540535,0.195006418,0.058588304,0.347083579,0.113659858,0.313203416,0.268397793
1263,0.239218329,0.076857139,0.088281408,0.018939362,0.096284972,0.138177444,0.333258122,0.146557067,0.301848713,0.175776913,0.313947325,0.39050864,0.095936623,0.344936645,0.248729635,0.326917705
1264,0.260634361,0.169579803,0.091229976,0.02801409,0.214207346,0.396130438,0.295216722,0.130938217,0.33088192,0.3075936,0.112654317,0.005722996,0.047265055,0.350922476,0.334625214,0.1180836
1265,0.114078171,0.317145995,0.375094988,0.311654903,0.242231471,0.09706854,0.210299166,0.093404743,0.323204568,0.154784432,0.333478887,0.152643687,0.329659762,0.133327126,0.176053082,0.246195368
1266,0.028115046,0.379282825,0.229442314,0.203128006,0.335757588,0.346305092,0.208904162,0.37090493,0.025895106,0.045290317,0.238715292,0.141626345,0.185690066,0.131231687,0.161890125,0.329058539
1267,0.23739048,0.39893782,0.314751679,0.109466502,0.105738047,0.134359308,0.337303792,0.01091506,0.092072512,0.361967368,0.255958574,0.090738838,0.087657987,0.345047241,0.357503003,0.102452436
1268,0.168204143,0.333838295,0.308402975,0.325566443,0.207359276,0.364619619,0.130380618,0.062668854,0.283492933,0.215741766,0.341834308,0.0324637,0.337476961,0.117317861,0.261942267,0.016051516
1269,0.243832519,0.286908676,0.147500086,0.086164282,0.215052271,0.333276322,0.129418943,0.100987719,0.111574123,0.379652861,0.143710766,0.001441696,0.312672483,0.279709918,0.051427306,0.3939617
1270,0.243224914,0.200311796,0.152887707,0.359469102,0.097585393,0.11430756,0.048964323,0.303647638,0.238219712,0.243626468,0.087388172,0.260467356,0.306183379,0.143155412,0.320538858,0.139516235
1271,0.303255385,0.013492043,0.220465841,0.387810624,0.39249784,0.112701031,0.176559636,0.025191163,0.349336523,0.227428861,0.154040272,0.045108223,0.378706914,0.212087619,0.113171172,0.140086052
1272,0.108278872,0.240723924,0.37198543,0.342677521,0.18415235,0.330599745,0.169242193,0.100922856,0.393366046,0.121555027,0.129489692,0.395877147,0.053570997,0.304213595,0.374325103,0.204717998
1273,0.001008705,0.150023578,0.044627597,0.166475064,0.316010705,0.17548462,0.172770049,0.222715791,0.232676234,0.342518524,0.123342176,0.328668506,0.226373499,0.12021182,0.118050418,0.144455007
1274,0.249077297,0.092324693,0.368133425,0.229965034,0.368006311,0.018561743,0.137044548,0.009123064,0.108900726,0.344802589,0.014643886,0.17445884,0.047026828,0.166736264,0.335540634,0.249228413
1275,0.294702538,0.139641646,0.377759078,0.283704838,0.168719528,0.17058592,0.367473671,0.230561877,0.282551684,0.16681409,0.089477106,0.289423717,0.243129509,0.200537152,0.249608376,0.083314234
1276,0.317575483,0.379265122,0.356441258,0.128574298,0.162402309,0.32336092,0.238046852,0.219165777,0.370656787,0.214409984,0.205975472,0.016807437,0.027766783,0.002968123,0.36529769,0.163354664
1277,0.18742455,0.338154779,0.243698524,0.243800639,0.118613772,0.33356335,0.06633199,0.021259837,0.076641343,0.107094888,0.112924423,0.268205439,0.087129835,0.270663322,0.036452869,0.058880984
1278,0.203528579,0.368758321,0.343827036,0.387501377,0.260191626,0.270325947,0.2500092,0.249127569,0.058848138,0.217495582,0.154427173,0.177014886,0.209440229,0.051358469,0.143795094,0.025379824
1279,0.391867252,0.047411212,0.103409895,0.356517171,0.193084018,0.054254881,0.153692215,0.046347198,0.080086399,0.020811939,0.175290998,0.322654449,0.234387671,0.242538122,0.080233612,0.137557537
1280,0.338096842,0.035142474,0.343172261,0.193476011,0.334858973,0.127202568,0.135537181,0.300641947,0.313998469,0.091857871,0.38914853,0.033796042,0.027401185,0.238201686,0.289096307,0.384354452
1281,0.161978312,0.010116564,0.241158536,0.115878408,0.173178848,0.195387793,0.025805044,0.194392714,0.170527867,0.285017706,0.258266364,0.074086287,0.082455567,0.100402472,0.071580176,0.26288528
1282,0.397772072,0.260843336,0.242672618,0.163971173,0.125032104,0.364429503,0.38760075,0.19871047,0.116080198,0.308048883,0.052982716,0.306235295,0.32757935,0.049961578,0.390744588,0.394204916
1283,0.374687792,0.198413924,0.098429657,0.232803712,0.167973535,0.082379458,0.169470564,0.265555934,0.028365324,0.133367201,0.007117956,0.299798202,0.256276507,0.025068854,0.385895024,0.009048623
1284,0.235984259,0.310546985,0.315158525,0.013714054,0.362566053,0.367380669,0.224556149,0.19283328,0.017946985,0.224781657,0.163751633,0.309122563,0.161553427,0.273432333,0.040563258,0.053180908
1285,0.055884076,0.0182102,0.216531544,0.31758709,0.244164481,0.229981954,0.272249571,0.135858129,0.144781629,0.125708039,0.284843573,0.064656134,0.005210112,0.238478579,0.376952546,0.243763167
1286,0.313168661,0.269116284,0.198974661,0.287356961,0.32964165,0.089892658,0.134452192,0.089490293,0.180869182,0.35402582,0.13808284,0.149786756,0.344146894,0.206149732,0.2141796,0.344320481
1287,0.196210695,0.272623014,0.034257866,0.071452685,0.16175048,0.197935627,0.38629348,0.388260653,0.340478835,0.126239534,0.385611316,0.275736346,0.157176051,0.280669967,0.006609092,0.058461873
1288,0.331874285,0.258229455,0.145677881,0.200266656,0.36205686,0.252631244,0.159259714,0.048130663,0.117498721,0.391336093,0.174945225,0.188735786,0.199439213,0.353641609,0.241571314,0.277470815
1289,0.155765417,0.011635047,0.372389166,0.379651072,0.379661221,0.377474835,0.326096776,0.27383842,0.337803967,0.240218496,0.053747846,0.156487266,0.388517965,0.140455125,0.347131165,0.037284588
1290,0.133673537,0.14038133,0.020641017,0.047637732,0.077266084,0.335126236,0.025360796,0.119480361,0.004070001,0.278251098,0.248121236,0.257992905,0.149753114,0.083307129,0.288128085,0.324447149
1291,0.055440599,0.194731771,0.099486273,0.067242744,0.293730125,0.215238774,0.086474133,0.124000004,0.386661469,0.339471826,0.351978697,0.184004839,0.249522906,0.150707096,0.03108479,0.160427724
1292,0.237592301,0.114857708,0.33918023,0.060440064,0.146851636,0.049961562,0.161932854,0.015864522,0.109019758,0.160294102,0.191266145,0.217478543,0.109996452,0.209216534,0.203601849,0.12647122
1293,0.332080132,0.218256451,0.132907887,0.378935405,0.338044965,0.393035125,0.27689355,0.151289162,0.112344267,0.265327137,0.392326633,0.250686032,0.352645976,0.131641372,0.162781513,0.362510096
1294,0.302746681,0.392564128,0.309905684,0.179406283,0.212427208,0.360206197,0.220658694,0.10215895,0.174247925,0.206526396,0.038687933,0.29750507,0.043741573,0.161967085,0.321848977,0.187028145
1295,0.336806208,0.136752529,0.383054518,0.083787373,0.015305658,0.348970617,0.300881086,0.092793535,0.393896643,0.200912052,0.380426176,0.202011509,0.188749835,0.179655415,0.13395011,0.213480599
1296,0.181021865,0.014698751,0.104174093,0.08524912,0.346974241,0.239547991,0.30547324,0.382730415,0.257615709,0.393043997,0.124705621,0.074506873,0.161323955,0.188319766,0.358144617,0.223976176
1297,0.1168724,0.297053713,0.202332775,0.064852778,0.230727915,0.364557815,0.337049047,0.234723989,0.15083327,0.0347915,0.187859569,0.300831775,0.144109488,0.09417873,0.372551888,0.32862228
1298,0.255310248,0.054713338,0.057963536,0.041287837,0.246518667,0.046225119,0.33705088,0.397186001,0.146539274,0.181467939,0.284666871,0.374861203,0.357637509,0.023036731,0.067628721,0.301838879
1299,0.275557243,0.053287438,0.200825833,0.312325852,0.087512273,0.348515054,0.02118871,0.312878034,0.24632756,0.126079739,0.288373019,0.312946318,0.373559589,0.147109869,0.274406694,0.241046511
1300,0.210082428,0.35616659,0.001266926,0.112844642,0.215310896,0.071317305,0.363146613,0.259038047,0.191153198,0.325880704,0.180354477,0.223461205,0.001100398,0.146280212,0.055516189,0.275875472
1301,0.191610784,0.120703023,0.187132936,0.083851955,0.370034653,0.021589053,0.346166814,0.204543515,0.247578598,0.121042248,0.386679047,0.112740383,0.235551199,0.397366682,0.352437759,0.21453193
1302,0.396149809,0.280547945,0.083480166,0.162238484,0.133797334,0.137605483,0.304182576,0.233705171,0.015237085,0.350979393,0.118718456,0.398829951,0.381676292,0.376212287,0.324451042,0.088245333
1303,0.213053098,0.089721051,0.103870182,0.244380708,0.016333418,0.387783427,0.367469269,0.152307029,0.206168979,0.186447768,0.352879911,0.275440751,0.111244499,0.178736502,0.17158639,0.383734067
1304,0.070124364,0.035830535,0.352247533,0.358674396,0.348695635,0.204390766,0.263897771,0.225345219,0.02777913,0.238333959,0.005445659,0.129994964,0.37291703,0.121618108,0.375930657,0.100053583
1305,0.125824896,0.251362999,0.304650789,0.200555107,0.352846275,0.016096169,0.368877935,0.07852312,0.353695498,0.160345272,0.333102822,0.26866622,0.070376653,0.367219028,0.098206956,0.097656047
1306,0.325671559,0.042349302,0.088814363,0.201471029,0.332190811,0.05899359,0.219067294,0.284496237,0.34423809,0.374226224,0.313855966,0.261131359,0.173448034,0.044844062,0.283894877,0.397094922
1307,0.294704238,0.006684437,0.198503991,0.245858653,0.27586968,0.287890334,0.223243376,0.089344133,0.376880265,0.278666587,0.094736015,0.128928733,0.368771068,0.354994075,0.162058575,0.015322889
1308,0.019398948,0.113567316,0.251648888,0.233677854,0.253531115,0.286913189,0.007612901,0.042034238,0.143793381,0.061943999,0.030128017,0.256385758,0.326134591,0.301050663,0.326815911,0.266342618
1309,0.294138129,0.10871151,0.397203215,0.073266262,0.08579755,0.115568733,0.390132972,0.395315436,0.3179575,0.251623039,0.20802503,0.388248338,0.278249121,0.377892051,0.12662032,0.133509917
1310,0.341889838,0.059941968,0.378371145,0.202989742,0.370565551,0.134717115,0.286383562,0.193150049,0.250721452,0.201748997,0.386846247,0.276842159,0.100527587,0.363870769,0.117611895,0.14864204
1311,0.040849479,0.359986608,0.114444809,0.103567047,0.368105039,0.322210745,0.056431569,0.307729802,0.365213239,0.031404487,0.330085998,0.218968021,0.26767898,0.197141736,0.279121234,0.013639145
1312,0.305082689,0.013337479,0.182119939,0.060385997,0.329429711,0.125464364,0.181637418,0.171500297,0.309000786,0.192457744,0.315583334,0.029403311,0.076637587,0.2206137,0.37883533,0.029903139
1313,0.017233686,0.06262027,0.256461252,0.159597167,0.330220952,0.028773261,0.078565635,0.120010562,0.250692035,0.274069076,0.049681318,0.377521884,0.136417654,0.285267505,0.209683088,0.089103245
1314,0.338491329,0.327295211,0.158428742,0.235443034,0.103130278,0.275940651,0.123610725,0.337631494,0.086954042,0.005921369,0.107403217,0.076420995,0.203314576,0.081481317,0.305275948,0.096548255
1315,0.282787272,0.231388369,0.394499943,0.399960391,0.347810433,0.303993348,0.154582566,0.301310691,0.382670215,0.00935103,0.21516588,0.087199322,0.223150526,0.186578836,0.230307433,0.220384889
1316,0.384042816,0.220874444,0.338492835,0.127928115,0.175240276,0.18816539,0.111491217,0.151916105,0.239405232,0.232075105,0.254574138,0.140727166,0.126332598,0.244647153,0.053144699,0.101212617
1317,0.016851095,0.029044341,0.097353312,0.007811712,0.098164237,0.261990529,0.024442831,0.174694671,0.365243515,0.316513932,0.122175001,0.369922192,0.131858599,0.029006199,0.397622383,0.348009011
1318,0.186373113,0.26655061,0.268491231,0.077792892,0.080019453,0.187832281,0.364629256,0.00399751,0.313002254,0.023010713,0.191288846,0.255149133,0.274703707,0.023391705,0.167441447,0.233534904
1319,0.026418215,0.054037823,0.265459596,0.208655279,0.064731465,0.214095735,0.365076949,0.006235034,0.257053509,0.029460174,0.002579777,0.060261795,0.169162653,0.3209376,0.112714199,0.250269285
1320,0.164462655,0.093732717,0.205698846,0.318985796,0.332996948,0.338607813,0.135423125,0.317382426,0.084871382,0.29537004,0.379353771,0.005497534,0.176145572,0.259108395,0.280710308,0.070435103
1321,0.38887331,0.246106147,0.06573624,0.008209005,0.31330568,0.031881896,0.056420368,0.229932011,0.241402201,0.274754847,0.157405605,0.309559468,0.38974344,0.108437977,0.281211447,0.371387461
1322,0.274514705,0.272443799,0.089509028,0.21405208,0.225009137,0.280051825,0.39872858,0.013457529,0.026093065,0.031180028,0.297191654,0.054541518,0.24898075,0.129867551,0.182927982,0.086265264
1323,0.346442625,0.23446013,0.377825305,0.2298385,0.049563212,0.068348174,0.395629591,0.290226079,0.0197115,0.281512402,0.164869219,0.122883355,0.061624317,0.335961582,0.025536552,0.115934185
1324,0.122553158,0.064362114,0.203273953,0.004681051,0.120390206,0.373451778,0.124211828,0.144183755,0.189266019,0.22467735,0.323483458,0.076128489,0.348698551,0.303019743,0.289060134,0.034721829
1325,0.008656276,0.23760508,0.345253585,0.233776586,0.085293946,0.036207959,0.279838581,0.288708111,0.06901268,0.011276126,0.163313405,0.233087481,0.282400964,0.323978004,0.244214971,0.044352243
1326,0.273032669,0.393670657,0.362233834,0.348667564,0.120868061,0.300315271,0.340441378,0.271330482,0.100224703,0.381533589,0.180327765,0.051922223,0.043911158,0.259007595,0.175083859,0.03779355
1327,0.296145829,0.319730067,0.290166252,0.080904351,0.275910182,0.004289121,0.122044856,0.159528613,0.33409878,0.156157749,0.004507778,0.140938565,0.199569639,0.379601915,0.376413722,0.072349615
1328,0.074058617,0.065352583,0.315568773,0.002408816,0.050870879,0.215183853,0.099024827,0.036942583,0.143951205,0.109683042,0.204441723,0.391693438,0.049721855,0.149090682,0.372794007,0.350749217
1329,0.157708414,0.279581306,0.035142805,0.285016422,0.389143092,0.214995261,0.199396091,0.074927448,0.25351528,0.236174912,0.260773224,0.010433315,0.219489395,0.237973937,0.083012054,0.083333143
1330,0.110487267,0.284688637,0.242506425,0.338305058,0.118263429,0.364827224,0.297482465,0.158004668,0.038104826,0.102793465,0.382707287,0.12414535,0.131960384,0.075835572,0.32274024,0.110257692
1331,0.132103299,0.165739243,0.173491312,0.164536316,0.201497478,0.325805152,0.327714016,0.319325254,0.040449936,0.319871521,0.048100709,0.049889508,0.379145109,0.327759138,0.220964187,0.349988082
1332,0.395745857,0.244256827,0.245159375,0.301770812,0.092855581,0.066849945,0.3038323,0.137961918,0.054028143,0.12595109,0.143454747,0.386091064,0.279183884,0.212342527,0.387549255,0.361255896
1333,0.204800343,0.362271854,0.161721863,0.092168266,0.093071271,0.26492621,0.200428128,0.263580339,0.274430386,0.008929149,0.021615837,0.213071091,0.076414191,0.253013508,0.220874296,0.234304143
1334,0.120982152,0.255937403,0.331797055,0.399228501,0.335377754,0.222999504,0.077371837,0.27257835,0.375061514,0.084746616,0.102398248,0.059603417,0.294688657,0.162624601,0.025078256,0.349979997
1335,0.223068762,0.132437717,0.13759319,0.116100488,0.182192069,0.134816675,0.219178522,0.309406901,0.269784513,0.117782757,0.211496405,0.336050464,0.027282494,0.031318907,0.222468027,0.255646051
1336,0.084565206,0.298088051,0.258505351,0.369315707,0.067581681,0.300549706,0.033457236,0.226116964,0.220758056,0.155354018,0.337828459,0.001748258,0.208071761,0.08686142,0.297399448,0.017226971
1337,0.332621875,0.335236891,0.333146405,0.061027411,0.252162607,0.005746944,0.339185037,0.289190077,0.212461492,0.292236573,0.037729639,0.211462333,0.116510597,0.389047785,0.34284718,0.293310278
1338,0.373499054,0.138737322,0.36035196,0.130095293,0.293118688,0.294566765,0.007339951,0.144423879,0.007773069,0.398836807,0.048878705,0.217124358,0.316222496,0.080505441,0.194021067,0.242971504
1339,0.064081902,0.311422184,0.119734583,0.084409231,0.223315499,0.164125451,0.368114378,0.352025079,0.193340265,0.14370551,0.130207193,0.107025449,0.217819141,0.321991442,0.124302643,0.076037636
1340,0.190193522,0.027613767,0.280511602,0.207343307,0.198549923,0.120178152,0.361869375,0.036194517,0.347929604,0.150682081,0.352249406,0.291504583,0.041668291,0.332614515,0.272870733,0.012920765
1341,0.053481073,0.254251222,0.265040201,0.298660573,0.28809816,0.263807982,0.306495561,0.230034282,0.104316554,0.364950645,0.007285612,0.146624688,0.291548117,0.170862416,0.009933763,0.026392361
1342,0.259454948,0.38594584,0.220745454,0.202703127,0.127330085,0.10267627,0.008393993,0.109181947,0.179644176,0.079179913,0.034939195,0.287091147,0.357848108,0.374708828,0.247199491,0.021109833
1343,0.296345052,0.044038122,0.267899247,0.311746334,0.290345884,0.380753522,0.295258514,0.277283911,0.104697269,0.369907475,0.071817548,0.361958645,0.125065017,0.052065438,0.330673211,0.000998181
1344,0.332835327,0.104924737,0.353888509,0.276591673,0.266473333,0.146127825,0.02376119,0.332029239,0.068361518,0.148903457,0.240141874,0.192901495,0.079464254,0.056246543,0.049298509,0.345203153
1345,0.01262382,0.390805704,0.079411476,0.044128919,0.230788662,0.031994383,0.240981305,0.340250658,0.019159209,0.319947442,0.157790976,0.063796254,0.070438592,0.367505817,0.044242301,0.346713115
1346,0.217697848,0.015622472,0.185790458,0.326979806,0.290481115,0.195512967,0.344019952,0.048145905,0.363976421,0.338576483,0.28331073,0.327155097,0.217526203,0.270064972,0.224239228,0.142171412
1347,0.227544319,0.102986133,0.176111668,0.112310163,0.049155116,0.128744743,0.340794887,0.152432308,0.29920146,0.070079142,0.169767664,0.045942428,0.055448425,0.246974552,0.242992727,0.085348763
1348,0.189769278,0.345322467,0.069680603,0.007684213,0.260798056,0.021399283,0.391976095,0.243848114,0.188158541,0.171997016,0.229228263,0.036249775,0.372007624,0.250256827,0.073591399,0.225032422
1349,0.053302602,0.007021087,0.252206794,0.259393337,0.233478633,0.073393282,0.241371943,0.022604376,0.243695342,0.221606808,0.262101932,0.358190242,0.340143242,0.392261677,0.390496413,0.308927877
1350,0.382567849,0.346913554,0.29103298,0.030153702,0.019619955,0.335039827,0.195862343,0.325842674,0.125167308,0.159059943,0.280074688,0.366130695,0.03510459,0.344591258,0.31720509,0.126215708
1351,0.142086646,0.018584591,0.006296244,0.190802451,0.038215858,0.077600726,0.33870688,0.228411357,0.253452975,0.074991732,0.331464722,0.347191909,0.209331037,0.365023109,0.33793145,0.292529671
1352,0.293630366,0.04215739,0.108334415,0.026738888,0.003472484,0.063323813,0.352194873,0.095949624,0.388061585,0.2389164,0.094903395,0.198852321,0.087637929,0.393589423,0.338905994,0.010495516
1353,0.379110413,0.288426043,0.032952501,0.268255099,0.258770679,0.087515498,0.30337868,0.034825881,0.195778072,0.003969283,0.387494996,0.300625453,0.06354083,0.136669616,0.064224951,0.306646986
1354,0.02355853,0.336162662,0.376878536,0.270651177,0.08518618,0.144036038,0.19089595,0.241849909,0.267465236,0.221685886,0.140525568,0.356366912,0.032556823,0.186502422,0.310225935,0.024349066
1355,0.282134087,0.327884649,0.264332519,0.005174757,0.072054811,0.136845232,0.093476014,0.385060856,0.260637566,0.118788383,0.371878999,0.29623768,0.113842885,0.151552628,0.079771543,0.388429599
1356,0.206918598,0.358422675,0.138599908,0.344336641,0.021554739,0.392836127,0.364813747,0.145281178,0.309888866,0.300903171,0.360501919,0.122901992,0.186208002,0.345999845,0.311431782,0.157386687
1357,0.338290093,0.018781616,0.312818521,0.082706344,0.114448363,0.197285937,0.1798938,0.208228043,0.217910238,0.132611076,0.070091005,0.307392492,0.15999046,0.202336345,0.257878687,0.363855169
1358,0.283021132,0.01818369,0.335424145,0.395742006,0.18899401,0.387836135,0.218931497,0.183846398,0.132561906,0.26302195,0.091928168,0.041973687,0.010894841,0.116952045,0.158308333,0.220830679
1359,0.11709993,0.393623829,0.116698067,0.176390155,0.041310466,0.104250605,0.019332856,0.223803453,0.300425873,0.078283926,0.147164375,0.006646491,0.335808822,0.31198541,0.025301612,0.145947044
1360,0.382114646,0.156810822,0.210483471,0.142097144,0.238452555,0.39126275,0.399001001,0.309885991,0.161724439,0.19777288,0.142692531,0.394229852,0.283104122,0.179572578,0.004846108,0.208193366
1361,0.393571281,0.209224364,0.072970674,0.008837499,0.141881503,0.367291222,0.398621643,0.37814719,0.291767997,0.223257091,0.236274459,0.215596804,0.282819722,0.167549291,0.267681602,0.048644846
1362,0.106278123,0.334401216,0.361499572,0.215603295,0.012654247,0.370789428,0.280825703,0.16561117,0.239351577,0.171909934,0.186135691,0.354723946,0.064433699,0.041467654,0.001091498,0.12560015
1363,0.058965507,0.087994198,0.004495593,0.090878166,0.133084633,0.012626999,0.24316165,0.22752014,0.038814311,0.238003911,0.399461567,0.377787581,0.001068397,0.318151325,0.14144211,0.025460548
1364,0.118393285,0.128694607,0.209297696,0.264433507,0.299622245,0.098361217,0.128708228,0.123352683,0.145094747,0.399862524,0.311177321,0.389996186,0.277244424,0.162508281,0.155897673,0.195432458
1365,0.166747913,0.331330498,0.186000805,0.118245744,0.309944107,0.341768164,0.168171582,0.267123429,0.023521814,0.211785941,0.017992455,0.011676336,0.24516994,0.121334153,0.297014865,0.358433024
1366,0.055756469,0.289809135,0.205807999,0.0448477,0.260637043,0.243786721,0.206256747,0.370588482,0.208431878,0.396206046,0.203691526,0.046340815,0.1881885,0.072931505,0.238853394,0.27725287
1367,0.187374111,0.039081187,0.187456559,0.032581686,0.272850382,0.31614729,0.384952131,0.059520843,0.212968134,0.227014947,0.368990614,0.250910656,0.058203858,0.17454053,0.261905011,0.280113773
1368,0.345229599,0.072202848,0.380616859,0.023655765,0.393504854,0.343106837,0.264109113,0.2939982,0.029076802,0.016591945,0.040706319,0.034943926,0.218952493,0.086177595,0.344082255,0.178299449
1369,0.278204191,0.261149237,0.127941216,0.097267029,0.136982514,0.31866335,0.234510739,0.101415465,0.327138577,0.021903754,0.27967335,0.175640322,0.292516154,0.370984512,0.300013639,0.176786142
1370,0.060390273,0.32254039,0.184282211,0.030124929,0.287622159,0.116740786,0.019555292,0.361100406,0.193240437,0.112384421,0.286554623,0.354360951,0.00012283,0.275140874,0.306804678,0.083970971
1371,0.195849533,0.03571436,0.298699953,0.338982407,0.043274663,0.326584101,0.308628068,0.138765328,0.276115812,1.92E-05,0.372719062,0.220153294,0.248135546,0.265863765,0.224547607,0.342705555
1372,0.243880733,0.363103996,0.232932649,0.068448969,0.365425022,0.272650999,0.279695598,0.3941927,0.030078622,0.171437043,0.095638157,0.252170586,0.322724673,0.386524284,0.181838443,0.314487292
1373,0.366820637,0.273330173,0.097093021,0.24314166,0.387980819,0.395021532,0.256943929,0.354795103,0.080139746,0.098431442,0.381155045,0.05409415,0.076442575,0.16821944,0.235833715,0.241526888
1374,0.116790403,0.368245559,0.366039963,0.156827221,0.173716708,0.280998847,0.265198359,0.152918806,0.165697701,0.139215577,0.094154003,0.183255345,0.274573653,0.296786682,0.311549459,0.149892805
1375,0.305854398,0.002606526,0.190819975,0.31756176,0.252017888,0.18962525,0.257856803,0.362778401,0.22655272,0.319914477,0.39229709,0.282227281,0.229330306,0.014994379,0.149791159,0.226177093
1376,0.318882629,0.175241916,0.38402331,0.108717501,0.297826878,0.167612567,0.194395398,0.321000814,0.118486105,0.038724823,0.208102234,0.211517845,0.318867109,0.387327682,0.022120275,0.236675789
1377,0.272511412,0.39432054,0.377036086,0.284980306,0.208715764,0.064609569,0.153670622,0.23404893,0.290080159,0.254159823,0.285649121,0.171661002,0.291050916,0.057496502,0.065034525,0.065132858
1378,0.356345983,0.030413625,0.320603349,0.093428359,0.187371976,0.366382638,0.234374892,0.084047074,0.113636024,0.36817865,0.17085757,0.234794193,0.183972879,0.151375235,0.089311651,0.2744766
1379,0.287296811,0.109954037,0.315604337,0.34181408,0.368270038,0.064484966,0.121569473,0.344141339,0.079416081,0.001387384,0.348330924,0.130579777,0.16579901,0.17853361,0.33930984,0.135156858
1380,0.356911954,0.246775655,0.21091469,0.130245803,0.097484679,0.249623377,0.178757664,0.364206404,0.196655486,0.204717967,0.166689312,0.315705199,0.169935679,0.1077368,0.34481235,0.238731289
1381,0.236604088,0.244328883,0.287535899,0.125227196,0.013537748,0.324237264,0.051562022,0.288727895,0.032926119,0.150123137,0.025210428,0.208885472,0.261254309,0.068573256,0.148651047,0.372095796
1382,0.176955647,0.321017428,0.370873898,0.38973833,0.359328808,0.126962132,0.385029154,0.324958097,0.334870233,0.006069194,0.381695545,0.31123609,0.307186999,0.032609892,0.093027416,0.384904666
1383,0.20027083,0.159143207,0.335976327,0.034936166,0.166776807,0.15028031,0.139940555,0.123076897,0.084029983,0.069164321,0.256162447,0.367757936,0.203540658,0.119189821,0.063664079,0.332057346
1384,0.388596823,0.139662161,0.11638017,0.240597181,0.310131592,0.182161121,0.25202926,0.286619627,0.384236915,0.066014932,0.398952998,0.156862662,0.289280057,0.228965751,0.194667447,0.279230147
1385,0.15830154,0.050443993,0.195557353,0.208766348,0.080760861,0.374247743,0.090990259,0.163691038,0.061971875,0.214318658,0.123055043,0.195709008,0.089846767,0.021510051,0.31169066,0.256434514
1386,0.136295742,0.01899769,0.346230025,0.067918002,0.372296887,0.191438151,0.136154684,0.296703791,0.350735762,0.148285425,0.162937501,0.173263288,0.368929225,0.277025597,0.099058447,0.073999879
1387,0.092147065,0.105425556,0.092073397,0.263402579,0.046373404,0.154943396,0.250021429,0.11634399,0.026109754,0.032729569,0.050386711,0.33433721,0.263145402,0.025808964,0.156427552,0.111434069
1388,0.231216045,0.20912238,0.192449609,0.125804948,0.055119909,0.296950553,0.351942708,0.377660364,0.023447588,0.295963485,0.290601384,0.378843846,0.101165838,0.296871615,0.021850516,0.252498288
1389,0.14033913,0.307563776,0.345321715,0.145928417,0.210234437,0.046961625,0.166762786,0.144320157,0.073249384,0.35779145,0.059235135,0.254295743,0.356057057,0.364787432,0.31729588,0.070456454
1390,0.326972564,0.110625925,0.368959211,0.283634673,0.314107024,0.034012981,0.233106045,0.328456851,0.344636141,0.011452682,0.375663693,0.017335493,0.245807472,0.277355011,0.042938116,0.019204746
1391,0.313964862,0.15386825,0.042845006,0.305067127,0.339665228,0.234954476,0.064494723,0.006088989,0.280320993,0.22005587,0.260318857,0.325273868,0.173691111,0.049806188,0.375993314,0.218104851
1392,0.246117648,0.373364572,0.372633463,0.228837843,0.11904457,0.398845454,0.272326836,0.163374671,0.223934721,0.16633362,0.355322061,0.19299975,0.32941135,0.336070519,0.329732935,0.288875445
1393,0.341951087,0.154891832,0.045865282,0.336981682,0.199267366,0.050950413,0.046125009,0.063696958,0.300389304,0.284342669,0.081527472,0.338769367,0.112517918,0.317194233,0.195522363,0.292619473
1394,0.152555065,0.138856239,0.33654384,0.014120902,0.389894779,0.259271823,0.172993355,0.251221812,0.049096379,0.205620982,0.394038209,0.094107775,0.28891124,0.17398855,0.260983259,0.081954891
1395,0.188185993,0.392037086,0.07811486,0.254578011,0.2302391,0.226020635,0.246049316,0.200895189,0.0067723,0.360038725,0.330791531,0.069667072,0.165309271,0.308219592,0.392024926,0.380454819
1396,0.35974368,0.063349559,0.365790042,0.351377965,0.150779964,0.157809038,0.183963569,0.262470252,0.104334246,0.009179372,0.05649181,0.176046363,0.112801028,0.305806624,0.042676028,0.36698609
1397,0.358130872,0.363502727,0.295843999,0.042799989,0.175255029,0.052562149,0.395079677,0.133215369,0.234132217,0.311757222,0.368246434,0.30221909,0.269801512,0.186392713,0.242160054,0.037665524
1398,0.353569017,0.217510924,0.01605402,0.36796085,0.19572079,0.347435657,0.342755182,0.326300635,0.024561208,0.098826658,0.350219149,0.359596422,0.183227545,0.176016587,0.070056254,0.387364315
1399,0.08525539,0.076374714,0.264291588,0.097137721,0.375508644,0.004362798,0.002301305,0.201950721,0.195224984,0.065345609,0.197807825,0.164664442,0.35613181,0.003701568,0.390507922,0.249757106
1400,0.060737378,0.018704006,0.215242263,0.093956066,0.120466215,0.098052866,0.260068925,0.221411585,0.031189769,0.210610613,0.316475906,0.032477836,0.35589559,0.23132266,0.380249788,0.059256487
1401,0.397426,0.257709146,0.22699768,0.20611185,0.009461749,0.375855677,0.257597789,0.036650594,0.008380868,0.020313456,0.243758305,0.245606166,0.199866917,0.122706328,0.212697093,0.206520728
1402,0.007766224,0.112987692,0.021274137,0.360061901,0.290089265,0.398446068,0.120868505,0.351394339,0.241221707,0.181250163,0.089029245,0.295356866,0.3616563,0.094123359,0.070156134,0.278488766
1403,0.390789265,0.29998204,0.113832296,0.16798217,0.153727054,0.340838007,0.308548312,0.235590174,0.109983644,0.375195411,0.26132609,0.388190659,0.232046813,0.328477103,0.325242152,0.134931511
1404,0.385608289,0.008776587,0.307484364,0.386222834,0.135563281,0.259244235,0.2248893,0.304602924,0.346471169,0.241217828,0.326361835,0.12491423,0.091434823,0.172267076,0.27109464,0.07489878
1405,0.272140877,0.157637459,0.31823011,0.014734327,0.267193055,0.259928935,0.37637419,0.285347021,0.318520759,0.361836406,0.270020767,0.116061454,0.34790952,0.299031248,0.169775042,0.284211669
1406,0.347075551,0.390260853,0.380940602,0.130131131,0.168677485,0.043814642,0.099017715,0.352968483,0.144339971,0.248221063,0.266386247,0.31273171,0.073120012,0.121925254,0.179334537,0.145936424
1407,0.393162093,0.333976321,0.191874702,0.35170745,0.139061179,0.31433133,0.089470239,0.308928818,0.182581361,0.042999728,0.109304982,0.16090985,0.299717165,0.029193086,0.263818798,0.286405456
1408,0.261568548,0.304267855,0.071267446,0.234841342,0.376457979,0.244313708,0.244534539,0.294575857,0.133281693,0.280190361,0.366493533,0.004358189,0.348045216,0.087447333,0.182369309,0.34093912
1409,0.329564851,0.356770991,0.376166717,0.178862783,0.262545524,0.156191376,0.140286687,0.172638164,0.297230454,0.200576299,0.32562387,0.298087391,0.008191384,0.252095263,0.174628449,0.182651596
1410,0.327349222,0.219043194,0.354248729,0.285122237,0.221136004,0.30181519,0.01533962,0.010833462,0.033339731,0.17502613,0.094180058,0.393704518,0.216916056,0.264966298,0.111528054,0.128718763
1411,0.134184766,0.279494282,0.189482483,0.207073461,0.236801193,0.307524662,0.036147899,0.310749565,0.225294028,0.267638178,0.131020706,0.163754735,0.092466328,0.391719999,0.198801189,0.398430766
1412,0.195914391,0.087900506,0.202980959,0.015838229,0.361907921,0.3274201,0.290328208,0.243930686,0.231933693,0.398691286,0.111198974,0.311873746,0.232561908,0.390352218,0.331121273,0.399410045
1413,0.235329998,0.081817583,0.201474814,0.284444454,0.309744154,0.000203996,0.202010835,0.094093832,0.349964733,0.061162178,0.2665825,0.106424876,0.142616857,0.376223704,0.09617925,0.038001105
1414,0.027713961,0.201846044,0.256684593,0.130917457,0.276103897,0.024413487,0.342933858,0.326626884,0.394198509,0.374601992,0.142478866,0.159710154,0.298385939,0.053633109,0.125605884,0.047416375
1415,0.18195458,0.220801712,0.084464188,0.010652675,0.287742333,0.008002066,0.389361044,0.088642903,0.265560037,0.17390069,0.023869544,0.188873443,0.206704254,0.341873283,0.292939628,0.03172099
1416,0.083665073,0.124755074,0.046563075,0.182759628,0.393723676,0.205845116,0.296752867,0.273175119,0.339964574,0.086289396,0.301530505,0.352542096,0.068603929,0.138720888,0.388040706,0.312315138
1417,0.113036333,0.225576708,0.161730449,0.195986071,0.142066477,0.111732407,0.269905217,0.311416726,0.349582849,0.062131987,0.329142209,0.10192033,0.170934556,0.360577474,0.18180144,0.078825414
1418,0.063947462,0.189193507,0.30506897,0.398882058,0.314963451,0.350804784,0.299132944,0.35817404,0.030517417,0.37197264,0.158562461,0.368645689,0.030293135,0.286097183,0.294275499,0.398764356
1419,0.307542108,0.153029482,0.222899421,0.146620375,0.078407458,0.099400931,0.088804214,0.219526132,0.362464254,0.36509065,0.021905511,0.03195976,0.098047623,0.102023781,0.03795567,0.155385336
1420,0.235090157,0.23126488,0.217371873,0.13546877,0.282582274,0.330593576,0.138509707,0.034214144,0.1185321,0.054947462,0.186943491,0.062374061,0.185137903,0.088401157,0.295492442,0.011027296
1421,0.221898522,0.06779531,0.000396746,0.347680035,0.268611115,0.039577129,0.265628947,0.244658933,0.189342675,0.167703239,0.354827905,0.098059208,0.159324023,0.131646165,0.308480412,0.366586122
1422,0.339912679,0.319081572,0.394715978,0.27885782,0.300421516,0.393121016,0.002796314,0.253619351,0.295588613,0.367130822,0.353537722,0.336784272,0.378316509,0.214951675,0.002768038,0.004421759
1423,0.217855622,0.174108896,0.180498021,0.160161895,0.367090324,0.14366814,0.342490777,0.361145918,0.199800708,0.178775215,0.304408242,0.283188603,0.131414047,0.04101925,0.10594096,0.052411402
1424,0.11789291,0.104728626,0.25508457,0.381798411,0.274297493,0.370659763,0.313652903,0.291151049,0.165624776,0.129917801,0.338510949,0.362157293,0.180752997,0.003625239,0.317012424,0.114027536
1425,0.003955146,0.321995424,0.206965676,0.274084299,0.365875928,0.216469532,0.201277629,0.116264849,0.122077534,0.318616826,0.179611698,0.065410483,0.037811506,0.189168047,0.185982009,0.261383311
1426,0.188426991,0.057390282,0.203121154,0.362715762,0.063776565,0.275901856,0.237543706,0.299434291,0.060240109,0.376642135,0.248386571,0.338828455,0.098642705,0.295765156,0.312412282,0.158974109
1427,0.153581381,0.263118506,0.037363073,0.29424966,0.017154704,0.07623612,0.265657503,0.039329467,0.388736837,0.347358484,0.250520933,0.327622982,0.355032019,0.10379026,0.339764635,0.077917513
1428,0.165336906,0.223303852,0.285556385,0.012056527,0.116203765,0.243407639,0.142947472,0.310010022,0.260660864,0.093760581,0.058371592,0.251618797,0.180186931,0.067582816,0.130549682,0.121218699
1429,0.043252789,0.218763608,0.305459454,0.230186756,0.330516546,0.051027419,0.174244743,0.243766041,0.270400624,0.278314523,0.291586171,0.260571925,0.037691236,0.278122271,0.289913063,0.397391974
1430,0.277344975,0.274732158,0.205925316,0.347169163,0.398733905,0.311617948,0.245000151,0.031581931,0.290695653,0.283424627,0.310227259,0.049822155,0.261493,0.118289562,0.304108497,0.096149582
1431,0.273591471,0.117997179,0.003597717,0.253343165,0.045307633,0.263716589,0.370243779,0.387698374,0.094369235,0.323701291,0.141421311,0.360182829,0.314995827,0.029568687,0.162854798,0.13492713
1432,0.314072408,0.164114284,0.273835359,0.240974102,0.390255488,0.375113983,0.171079806,0.289431285,0.331784038,0.359554302,0.027253706,0.12083152,0.128092016,0.17377838,0.0677059,0.198482352
1433,0.265285731,0.198945568,0.266317238,0.026576653,0.350394933,0.375627677,0.24716297,0.352556399,0.052578407,0.318979568,0.047659277,0.163204093,0.129527414,0.23423673,0.120605814,0.254925452
1434,0.146954916,0.344316152,0.253553536,0.086119319,0.134451769,0.338968355,0.1545919,0.214319626,0.259576774,0.13912386,0.117591452,0.190101961,0.085952389,0.113684235,0.024831394,0.12158811
1435,0.128281637,0.384733267,0.23589153,0.31495297,0.018150901,0.042614677,0.325814784,0.24941982,0.076392812,0.161918162,0.215469,0.337443932,0.024164797,0.238688916,0.286814369,0.391156743
1436,0.322864031,0.110490925,0.283831678,0.305311154,0.2918942,0.328057627,0.36149199,0.039371948,0.041905543,0.318559996,0.100948991,0.023416569,0.160491672,0.327950765,0.05062601,0.268736789
1437,0.001446345,0.043894979,0.140340138,0.033440912,0.338360667,0.345628201,0.302228281,0.096991853,0.20929883,0.07367541,0.11251138,0.206402117,0.294005523,0.037861752,0.118678679,0.370648539
1438,0.171649327,0.37554787,0.396560217,0.21066393,0.115217604,0.316310723,0.063724294,0.100818744,0.313951964,0.17345837,0.080615175,0.260450298,0.293104745,0.050028496,0.110792104,0.088510702
1439,0.151941852,0.305377958,0.285483241,0.265009564,0.002514218,0.056857325,0.08931902,0.108782338,0.058570617,0.164126221,0.030072234,0.300008876,0.315088315,0.229706676,0.035881951,0.356033268
1440,0.386254331,0.080945424,0.281855928,0.336775452,0.215937409,0.12932924,0.191423486,0.2049075,0.160254818,0.371936997,0.297553244,0.096520657,0.234222875,0.27547566,0.056062569,0.143370297
1441,0.362219313,0.22686924,0.086799098,0.049113919,0.207290757,0.219074289,0.133765781,0.252166411,0.027473874,0.058055877,0.218509528,0.024726278,0.352363506,0.056858548,0.26956795,0.156481377
1442,0.159915099,0.305955811,0.199784854,0.290262185,0.202076492,0.237162137,0.304285851,0.242923497,0.246246044,0.315687837,0.379634726,0.150686462,0.230846863,0.034509263,0.143521552,0.16481969
1443,0.334094927,0.205356961,0.292426549,0.00760296,0.185797068,0.360527066,0.089725564,0.012608874,0.173363493,0.281772728,0.181785403,0.183991325,0.267922016,0.101755523,0.300755917,0.061245412
1444,0.158300242,0.262403243,0.331347603,0.316612428,0.28867424,0.143638553,0.048921727,0.086733687,0.345933526,0.342932548,0.380624341,0.030395461,0.214723634,0.259473218,0.284262951,0.257545294
1445,0.308004556,0.143788631,0.071773109,0.081833349,0.004791476,0.140128749,0.03669762,0.128595477,0.251284031,0.357791222,0.33584218,0.101069685,0.053633257,0.07722891,0.388394661,0.219789792
1446,0.073000889,0.336298462,0.158076498,0.359688861,0.104270851,0.157288704,0.201979105,0.357046134,0.347502973,0.229742028,0.088710204,0.161342789,0.390253226,0.24310929,0.312439102,0.179945878
1447,0.21280291,0.171581645,0.281168399,0.340588406,0.202945417,0.192346983,0.136114587,0.070838678,0.375699089,0.126431887,0.320276585,0.286138809,0.31636704,0.374707253,0.249348304,0.359180137
1448,0.067078929,0.25068503,0.308910245,0.108656452,0.296301521,0.311390732,0.332475182,0.125153165,0.272642636,0.121701313,0.295616155,0.185189466,0.23901775,0.166335993,0.064793171,0.071211812
1449,0.031027563,0.247229072,0.339455359,0.008334731,0.026495801,0.182986797,0.295088294,0.063083058,0.108660528,0.092802481,0.159620487,0.089999471,0.141039471,0.291417039,0.244403699,0.032472682
1450,0.255098266,0.190830869,0.37382623,0.115721727,0.290466568,0.292344329,0.088600312,0.36128945,0.19647328,0.271553347,0.058342224,0.103121567,0.234442847,0.127610907,0.199877167,0.14960208
1451,0.256221519,0.194858145,0.001843974,0.259872335,0.168848623,0.136679336,0.037658701,0.088147876,0.089508917,0.3741478,0.17300519,0.016826339,0.055526673,0.03161307,0.235547756,0.074648597
1452,0.199423056,0.148024825,0.321550551,0.128195855,0.183306193,0.288514219,0.173340483,0.317286214,0.264673742,0.164211646,0.20159277,0.386881382,0.264644599,0.36199809,0.071503401,0.193294462
1453,0.363464668,0.129044825,0.387065679,0.038830996,0.361068468,0.178084849,0.029497666,0.351808637,0.100776085,0.00890005,0.054322842,0.263645897,0.391124596,0.044584856,0.184779219,0.07225462
1454,0.298014614,0.04722356,0.095936699,0.078562387,0.221007912,0.349273637,0.20443608,0.023297381,0.225355572,0.3190084,0.052862479,0.029084486,0.075123111,0.298434529,0.236672168,0.216237862
1455,0.099791958,0.132894638,0.386354005,0.096250091,0.360658169,0.232212602,0.049318587,0.186924951,0.379419487,0.167426239,0.345354626,0.102571478,0.228368861,0.337540823,0.368275376,0.194329347
1456,0.255875241,0.001192052,0.101289323,0.111484841,0.037397205,0.111878005,0.128448813,0.387506416,0.267440952,0.170402032,0.395221784,0.061292928,0.190420478,0.258824883,0.022232254,0.286799543
1457,0.039946941,0.056112923,0.063875805,0.371555931,0.273294218,0.262171,0.222197399,0.117122399,0.248355882,0.164059888,0.05816646,0.275838916,0.051832867,0.076267432,0.327079725,0.264046838
1458,0.252396462,0.167281114,0.158512207,0.276105044,0.296002215,0.204085281,0.387707698,0.382279824,0.164971796,0.328248902,0.217307137,0.204702355,0.021985625,0.229589884,0.360231172,0.31205354
1459,0.314526858,0.063971615,0.143379779,0.093281967,0.126366113,0.231815737,0.145913525,0.224279127,0.175400499,0.114646223,0.038161374,0.356735383,0.004549346,0.000660995,0.330719096,0.398724376
1460,0.290841131,0.006109535,0.090676091,0.38872908,0.323441701,0.226719938,0.094744284,0.005748082,0.008344589,0.244792345,0.008732751,0.397452057,0.073353533,0.284282945,0.062023889,0.216037368
1461,0.032244515,0.30671137,0.233968438,0.034466677,0.339434476,0.218807446,0.368636924,0.366649349,0.368203116,0.03111408,0.048383105,0.395082324,0.195040329,0.095285621,0.307865795,0.105714088
1462,0.290886275,0.334914311,0.313705351,0.109619123,0.16064743,0.165300401,0.196509167,0.066949141,0.18098802,0.204313196,0.212683599,0.327960172,0.206933799,0.092313569,0.265251495,0.318925658
1463,0.127748667,0.258122372,0.058775198,0.136770522,0.363689572,0.364523265,0.230129831,0.280940584,0.341606166,0.383421274,0.195954576,0.224630295,0.166256627,0.028792775,0.169121389,0.316250936
1464,0.321954199,0.356950846,0.020586682,0.210861836,0.042969795,0.080296873,0.360086601,0.198716503,0.303417968,0.025753642,0.166730602,0.269696112,0.053362593,0.130327152,0.025819122,0.260535976
1465,0.388356504,0.330818196,0.389849247,0.338241918,0.342078322,0.230870878,0.207300925,0.162501707,0.327237958,0.072827045,0.022489966,0.379157529,0.001511274,0.390731729,0.291541348,0.131399568
1466,0.279127937,0.327150063,0.098144822,0.308358273,0.32174785,0.099741852,0.016770542,0.081648914,0.080258564,0.026096182,0.290402954,0.15198997,0.353754467,0.100868442,0.181292866,0.255606972
1467,0.35098598,0.209848441,0.149409851,0.346806031,0.12409857,0.03176948,0.178016843,0.314037323,0.012312333,0.234352898,0.237785619,0.371416705,0.114585927,0.111534645,0.176193461,0.142765961
1468,0.294538345,0.256700831,0.303568415,0.328016716,0.369192453,0.172374693,0.393878956,0.086264325,0.285746065,0.213603727,0.326760238,0.190708208,0.313575454,0.372067486,0.292917706,0.310437714
1469,0.026870173,0.081983065,0.389721496,0.277274802,0.224579607,0.146790549,0.0177556,0.147654363,0.199565149,0.084583804,0.069254717,0.203366621,0.234361694,0.095967168,0.23495579,0.360135986
1470,0.189269303,0.342956068,0.370908578,0.036957612,0.038324632,0.190417673,0.235240978,0.170353386,0.130580308,0.256397646,0.000832605,0.387229312,0.092831635,0.366839507,0.043605898,0.095234873
1471,0.09394948,0.398461162,0.001840218,0.255855284,0.347874632,0.268909462,0.145093527,0.383323745,0.357408302,0.173581968,0.229331397,0.387007675,0.393024145,0.17992931,0.338940011,0.120792091
1472,0.148725149,0.065928753,0.083673837,0.262749321,0.204312647,0.092452744,0.161163847,0.149273384,0.394944082,0.341426335,0.155186533,0.365566632,0.137054157,0.267160605,0.386659999,0.156111546
1473,0.271953986,0.118369524,0.106524926,0.229662667,0.391705839,0.181253539,0.375054788,0.365745408,0.101505045,0.160727763,0.257320991,0.207218354,0.038383412,0.397479212,0.3010616,0.175077615
1474,0.24726742,0.035029127,0.198120661,0.372332966,0.358640383,0.134952338,0.212547146,0.27895341,0.136003707,0.025951687,0.202176663,0.240654294,0.00233664,0.038230149,0.082916257,0.139220915
1475,0.216420489,0.117537168,0.110473526,0.347739738,0.058020256,0.198184053,0.381129887,0.2500053,0.286882192,0.172494797,0.007972867,0.258452147,0.252769713,0.044171055,0.184863885,0.366131578
1476,0.082033933,0.184439502,0.184441274,0.324304587,0.329830348,0.303707768,0.146181664,0.02881477,0.139793191,0.271916481,0.28109863,0.386000084,0.181456493,0.252974233,0.215676348,0.060247424
1477,0.184480989,0.217934062,0.380299842,0.146615622,0.392039641,0.21692003,0.096987697,0.076665755,0.056677967,0.181173148,0.008770572,0.178018113,0.395361877,0.268042718,0.303914448,0.047602156
1478,0.189240345,0.11448924,0.357639011,0.072516989,0.183493331,0.235219087,0.205616437,0.332097411,0.092581269,0.150956444,0.316833719,0.211228565,0.160846954,0.011777006,0.30135417,0.388872831
1479,0.248114804,0.342616488,0.206750297,0.092672386,0.005776842,0.261359307,0.197243539,0.312839259,0.277872967,0.395180947,0.204125033,0.170869916,0.114695876,0.190744517,0.349148591,0.01697589
1480,0.391160019,0.397322878,0.239128551,0.132617681,0.089219587,0.110596158,0.020042171,0.190044383,0.022929708,0.287389686,0.148771782,0.079745893,0.217941423,0.389503723,0.27805242,0.19669874
1481,0.31076572,0.294990589,0.356694184,0.081867579,0.343551031,0.120410435,0.376399571,0.11242606,0.370739417,0.385516286,0.058196543,0.389799953,0.034289187,0.087427115,0.177667512,0.397438946
1482,0.19542522,0.220163777,0.27776998,0.387317423,0.31334056,0.089661602,0.121196372,0.039051296,0.257780946,0.072296123,0.102961955,0.355245462,0.13070227,0.226658687,0.159026404,0.029612515
1483,0.145145532,0.163227281,0.358280441,0.129780261,0.151696448,0.313158707,0.30358266,0.319314111,0.381508296,0.318222999,0.163043281,0.328603407,0.203469853,0.111085613,0.121166827,0.089536955
1484,0.057997183,0.073796165,0.02527122,0.355380346,0.372403124,0.234708157,0.336195823,0.073428441,0.36066953,0.202544624,0.026865997,0.056525098,0.123590584,0.017423032,0.123717351,0.023972173
1485,0.094411042,0.106267902,0.397747591,0.09421867,0.09567458,0.274715587,0.343742991,0.154822165,0.350247208,0.136056808,0.078806352,0.13185553,0.24374255,0.146857264,0.269157522,0.094774352
1486,0.280397158,0.138975345,0.182347349,0.223098056,0.274490001,0.095485477,0.334378215,0.2887371,0.093639168,0.389989825,0.265918796,0.180970755,0.06301093,0.213288401,0.065910355,0.171796671
1487,0.163485009,0.287975858,0.076953272,0.328748542,0.130452931,0.177595451,0.30893639,0.25015696,0.123210141,0.15448117,0.122314726,0.237908067,0.133049813,0.290279078,0.231914863,0.058282645
1488,0.124107447,0.088578977,0.156125285,0.206393634,0.202705143,0.301809471,0.075668745,0.378589132,0.137138043,0.120099539,0.274071431,0.322206651,0.151388706,0.29873879,0.353494382,0.306721466
1489,0.013678594,0.330947565,0.309792383,0.267716095,0.304008968,0.391770158,0.172445155,0.026889294,0.184355988,0.018573462,0.117700163,0.234751917,0.123849157,0.274158098,0.328794531,0.168175672
1490,0.360055181,0.031935573,0.336045266,0.331429258,0.128797559,0.119486075,0.122037992,0.324557485,0.332661395,0.131888984,0.237036139,0.055573292,0.187511495,0.39951714,0.063535659,0.379025056
1491,0.329701889,0.38888586,0.071831504,0.085407396,0.006746873,0.289880725,0.257637877,0.071226175,0.316457986,0.119678202,0.053998228,0.169025066,0.036387939,0.105297463,0.148533343,0.34074567
1492,0.317019497,0.177101714,0.289830023,0.227459854,0.136336742,0.290349737,0.273399662,0.247637777,0.247182208,0.273192797,0.153818205,0.347630326,0.064923138,0.353554185,0.136912737,0.050012646
1493,0.240010961,0.150394668,0.326199891,0.172314187,0.26742501,0.123303196,0.08378095,0.155219612,0.242723134,0.262778696,0.231282666,0.395222287,0.276436075,0.372607851,0.047173278,0.024549172
1494,0.124397881,0.054635575,0.210347411,0.207592501,0.230018867,0.298091152,0.38853188,0.351303477,0.047346896,0.135405476,0.10232921,0.070726943,0.217889951,0.221305761,0.090897931,0.2847589
1495,0.29316572,0.008391998,0.158303081,0.356056256,0.208127443,0.139051121,0.101470461,0.097341808,0.039907214,0.326890568,0.034662962,0.116917906,0.018270295,0.312554628,0.015713473,0.123320442
1496,0.229318948,0.163824544,0.112908427,0.110075629,0.319116122,0.389591238,0.139216428,0.015658205,0.014626311,0.303685366,0.220947929,0.313437063,0.278998804,0.36300254,0.354329716,0.315330958
1497,0.190075664,0.123250563,0.202810715,0.200828643,0.24411022,0.074439027,0.262247952,0.18264037,0.248081933,0.095841929,0.173757958,0.084080486,0.350122063,0.195184418,0.089992566,0.016483478
1498,0.270295466,0.085857886,0.395832877,0.213480149,0.115590798,0.263070974,0.110087969,0.328109718,0.12329442,0.395299093,0.242057914,0.33776446,0.029126188,0.139319767,0.294994834,0.262023607
1499,0.077697249,0.142481172,0.105377363,0.245348068,0.137827292,0.123621697,0.082951192,0.163610848,0.078201036,0.385027835,0.061800725,0.365321886,0.171389239,0.151146397,0.09252792,0.254302534
1500,0.274211206,0.187028385,0.022282758,0.36740406,0.392131653,0.172417366,0.245464323,0.18011945,0.12875186,0.030927517,0.182427092,0.327353823,0.006812584,0.232843073,0.352308843,0.087019772
1501,0.073302346,0.30891065,0.102034572,0.076793707,0.1511957,0.157000805,0.349640425,0.247377389,0.162384583,0.213755186,0.381586093,0.045285871,0.083086209,0.385011483,0.382929939,0.070866169
1502,0.058043527,0.168434054,0.019887317,0.261961413,0.030998409,0.023211851,0.194074774,0.383114654,0.170718374,0.142592463,0.399182686,0.212787584,0.150096563,0.154344325,0.077983798,0.204889223
1503,0.175542011,0.108318119,0.064216035,0.124495547,0.203473331,0.023333309,0.061497611,0.379062907,0.21714214,0.025379721,0.277235104,0.024721148,0.295549691,0.299985089,0.26043159,0.292881818
1504,0.035186312,0.290712221,0.054675328,0.135802363,0.377098101,0.201150191,0.386970573,0.035568984,0.19102264,0.024960928,0.252084105,0.031482801,0.070147121,0.103532124,0.299497541,0.065584848
1505,0.338652821,0.052761576,0.01409778,0.158018168,0.391776657,0.044136891,0.040687378,0.300466604,0.124864678,0.286912647,0.080004236,0.184028798,0.106115951,0.180611286,0.307638837,0.304803976
1506,0.206308915,0.371348737,0.105513641,0.09612454,0.24552256,0.248518814,0.018616016,0.243111085,0.149774463,0.29897701,0.323242266,0.220861528,0.000682013,0.254546324,0.299552512,0.099593306
1507,0.1858584,0.386290649,0.119246221,0.0892613,0.084341916,0.223520334,0.379914841,0.243476052,0.121329248,0.255427911,0.249936919,0.238770054,0.063770483,0.25382672,0.172065781,0.007436823
1508,0.215905795,0.395706698,0.139895836,0.386223687,0.038482297,0.292980046,0.045731998,0.109428629,0.228336334,0.237111878,0.310084527,0.246124563,0.237445882,0.364941235,0.180864301,0.090106311
1509,0.064715434,0.159997839,0.285101102,0.017017394,0.051621355,0.042445384,0.234100061,0.09714586,0.066503771,0.237108288,0.304523966,0.132861967,0.231281842,0.039249765,0.374076412,0.134758474
1510,0.399002277,0.391435102,0.31152938,0.008026838,0.217389968,0.034734568,0.35805521,0.315854501,0.388936151,0.243353181,0.208869122,0.207589542,0.15457935,0.187476027,0.254165033,0.373179043
1511,0.238353735,0.342846377,0.345111965,0.20753307,0.138987857,0.255829549,0.178350937,0.032576347,0.15112364,0.397628855,0.019404748,0.278666765,0.336475482,0.259490361,0.227899292,0.283021767
1512,0.171737095,0.036544695,0.384948702,0.172920308,0.266155695,0.212524175,0.021869229,0.38109864,0.31701489,0.059639158,0.392659551,0.294760549,0.18892866,0.244548023,0.042694673,0.224164604
1513,0.029464429,0.217942103,0.221078276,0.349775514,0.290023,0.099820957,0.355370457,0.229297066,0.242551791,0.067592548,0.343109438,0.372386046,0.30999626,0.376300981,0.120919962,0.344447667
1514,0.195557257,0.065566881,0.26752024,0.273648108,0.114769806,0.010997333,0.079938904,0.159911019,0.067025164,0.077611979,0.156556266,0.384714646,0.305697406,0.12789936,0.380641628,0.258258717
1515,0.182179858,0.18732008,0.164297787,0.093196821,0.154652877,0.211158554,0.21121094,0.304694761,0.143519143,0.286719212,0.231236736,0.384738162,0.15411397,0.360486586,0.328257019,0.255065714
1516,0.261805787,0.033859974,0.380089842,0.042774425,0.225293323,0.13202832,0.171940791,0.244073204,0.363540551,0.183026849,0.395091822,0.237124826,0.064221577,0.076003718,0.286444414,0.020159118
1517,0.19213663,0.059287644,0.173287454,0.299966969,0.183525171,0.065380444,0.100770148,0.147015835,0.027824473,0.233735054,0.243013517,0.024860771,0.160924528,0.165600273,0.133527827,0.223095896
1518,0.138382996,0.166563712,0.319009419,0.064843742,0.247645878,0.202237761,0.122028655,0.291013863,0.220475344,0.190944611,0.267067726,0.320916123,0.389067516,0.251740147,0.349775994,0.000436616
1519,0.212094277,0.08585902,0.037676983,0.212788407,0.298730602,0.164909009,0.26804298,0.195887702,0.174834346,0.116102656,0.153037406,0.139918252,0.258474874,0.046407405,0.037054547,0.264005198
1520,0.218519228,0.172080039,0.060977154,0.164410845,0.315892705,0.355848494,0.281030628,0.02396487,0.268163911,0.096394236,0.126100497,0.078349283,0.310302316,0.259440849,0.244734022,0.267189044
1521,0.094708905,0.177857766,0.253301489,0.254637611,0.316740745,0.114841587,0.308134449,0.176073792,0.268069077,0.182287752,0.379444068,0.071720906,0.270002035,0.230614,0.069092416,0.026402534
1522,0.319657756,0.062980533,0.074602673,0.39137369,0.286904341,0.100194737,0.236379584,0.213644735,0.337789307,0.291728299,0.33268845,0.084602635,0.256087682,0.016096343,0.027576245,0.285410813
1523,0.009768041,0.231906004,0.336162039,0.151976723,0.017936175,0.28553898,0.371874581,0.286868557,0.231378897,0.092011532,0.00615025,0.277868843,0.09241047,0.343265071,0.186545648,0.212254233
1524,0.301574618,0.311772243,0.257060333,0.375372726,0.392919375,0.378754178,0.329671674,0.282250088,0.265330343,0.041500071,0.108593739,0.002275289,0.054963948,0.175691791,0.05861462,0.360665366
1525,0.322279674,0.028644765,0.099565486,0.327628754,0.321218451,0.37818022,0.399019105,0.390508025,0.164055194,0.100131378,0.303364076,0.119709157,0.322560144,0.213581892,0.31757091,0.110351952
1526,0.203210926,0.225609517,0.377243227,0.106639031,0.374675296,0.321943566,0.292357622,0.314748108,0.242170018,0.097632004,0.075797988,0.346536574,0.290055761,0.085281713,0.246037346,0.179018593
1527,0.063462068,0.212742844,0.112607637,0.03849765,0.186783319,0.236043421,0.018762564,0.1608371,0.103064768,0.012260236,0.05026502,0.055613664,0.073149699,0.321351029,0.175796747,0.058834397
1528,0.040118787,0.119176183,0.319206207,0.145783939,0.063958944,0.161646473,0.222124623,0.011833673,0.251056721,0.158040301,0.00389035,0.26955576,0.284955054,0.251535915,0.136772087,0.211841942
1529,0.154863082,0.280248692,0.233432074,0.032719646,0.257237423,0.274895366,0.148280872,0.350314312,0.337205742,0.07006661,0.361706523,0.176348949,0.289499861,0.325638803,0.202044968,0.159640776
1530,0.366180547,0.092341421,0.102788031,0.144648126,0.343786311,0.375515306,0.088027086,0.345548059,0.103281184,0.388256499,0.238963157,0.002834587,0.013651962,0.058993812,0.075029263,0.307047649
1531,0.089106351,0.387656648,0.254444823,0.277007004,0.087126608,0.357082526,0.267125829,0.34576225,0.382592439,0.050256391,0.038634892,0.321363131,0.346450424,0.233504568,0.146400219,0.261051854
1532,0.122265629,0.095354277,0.195258084,0.086461531,0.193481443,0.382642602,0.335913614,0.376652368,0.32253159,0.141900374,0.324818095,0.369166297,0.378814315,0.27327914,0.084546658,0.015891661
1533,0.058880091,0.386218767,0.18483873,0.341994406,0.186017661,0.264327033,0.009656311,0.099945977,0.174507712,0.252252419,0.068608475,0.305820586,0.145761882,0.326974108,0.039187636,0.271902635
1534,0.117331333,0.31815327,0.160868171,0.266139853,0.373722107,0.008250653,0.004446713,0.308111701,0.258557221,0.117191888,0.197758681,0.016774266,0.076978242,0.16979855,0.333617766,0.191866873
1535,0.234545002,0.349501517,0.123527565,0.280279728,0.344666903,0.08104628,0.142591266,0.39192407,0.393287426,0.089291972,0.026578336,0.108368645,0.159092783,0.17640224,0.247522523,0.359801104
1536,0.132139205,0.339993814,0.037391568,0.01674988,0.201618073,0.023864889,0.15699592,0.358711247,0.096593214,0.28239031,0.120946157,0.017968022,0.222676233,0.333941396,0.163787379,0.246917531
1537,0.360009439,0.315877805,0.07755056,0.293353584,0.20075721,0.298386723,0.19780622,0.051183266,0.227963779,0.196853597,0.207168693,0.351560981,0.357934819,0.181414843,0.182292817,0.206074784
1538,0.207835711,0.380154858,0.259760187,0.110982798,0.212614719,0.250889433,0.255908688,0.23410169,0.071094462,0.013437276,0.135137221,0.171008862,0.024721696,0.325986935,0.137630975,0.365453098
1539,0.061764043,0.022773983,0.192926442,0.075651735,0.37495971,0.004121359,0.16504787,0.370699109,0.153767283,0.037243712,0.121157977,0.199204158,0.074060675,0.186624682,0.334537278,0.349047188
1540,0.019704294,0.064361343,0.110116054,0.23794634,0.144397904,0.337616365,0.286668747,0.040182409,0.249823001,0.04520505,0.102014268,0.071148253,0.06922478,0.24655821,0.225441969,0.070411261
1541,0.396069122,0.168734693,0.038827731,0.048227607,0.233557485,0.391627761,0.228780441,0.379616591,0.17765314,0.174336441,0.200002944,0.278970183,0.147046387,0.345554413,0.011712554,0.175905678
1542,0.20439674,0.242812895,0.110428765,0.170991988,0.1938151,0.274763991,0.309417674,0.295130931,0.136633221,0.399780209,0.339466125,0.104009349,0.078042322,0.1256085,0.180937941,0.340319751
1543,0.311344906,0.340498449,0.108782846,0.237384489,0.113299625,0.043609264,0.273679097,0.05719902,0.267079105,0.259185722,0.324099378,0.055821842,0.313392059,0.39971061,0.340416979,0.300724831
1544,0.264866142,0.168712594,0.292200067,0.289671214,0.252599313,0.318511351,0.179505555,0.048501085,0.223627091,0.106017411,0.153773239,0.006965962,0.153116235,0.323520442,0.217088947,0.003920211
1545,0.187937528,0.116580659,0.191020262,0.161877089,0.372791688,0.01647092,0.273435205,0.340410639,0.383695434,0.071054491,0.212521921,0.017435831,0.19967341,0.050183236,0.33515867,0.045548001
1546,0.205315344,0.208438428,0.388660199,0.261992278,0.115136117,0.096319724,0.051299282,0.30260589,0.276302662,0.243950851,0.016336177,0.305131547,0.256755031,0.385555547,0.234880852,0.121580763
1547,0.152608221,0.070336282,0.289165673,0.283088664,0.080260006,0.063395729,0.030801973,0.364790297,0.093227933,0.137665411,0.112201803,0.165449841,0.28561952,0.348238253,0.0730395,0.274564937
1548,0.141024857,0.392210867,0.119567664,0.002877182,0.20625599,0.060292434,0.017797771,0.279307693,0.292903713,0.184279605,0.270754207,0.215295779,0.251920443,0.238681589,0.266329106,0.079852259
1549,0.107482648,0.17598526,0.178451204,0.309764685,0.146957464,0.065002062,0.100586388,0.085893401,0.292664008,0.188135846,0.283452279,0.166487872,0.355894241,0.393408123,0.267937003,0.345525023
1550,0.203173307,0.373848336,0.332634594,0.396711429,0.249237494,0.311682696,0.217147256,0.103648042,0.141902068,0.357602166,0.022379179,0.236591954,0.148993613,0.154677015,0.353828483,0.34152895
1551,0.23953695,0.109167539,0.190182538,0.163317358,0.141447212,0.041114231,0.217245555,0.120732519,0.264323177,0.127681574,0.172465397,0.02094415,0.397015228,0.203044153,0.009695038,0.216492264
1552,0.3481416,0.309020854,0.280362674,0.055785862,0.263094832,0.306519351,0.228967626,0.357099602,0.110795913,0.09685788,0.347827898,0.250159297,0.000578888,0.141252563,0.343142394,0.010927805
1553,0.001299171,0.112503716,0.365600015,0.360591033,0.207504778,0.221294748,0.132803205,0.097494665,0.326088742,0.042517944,0.194941748,0.253758904,0.041472116,0.207842838,0.231008515,0.296998424
1554,0.09393442,0.117331001,0.227808459,0.393250564,0.086997273,0.394361531,0.285737013,0.330432828,0.035856507,0.120168075,0.023094512,0.148618798,0.392515864,0.042109225,0.224949113,0.002428249
1555,0.285073126,0.078877077,0.051833815,0.134807125,0.308417719,0.042645235,0.091935598,0.003385769,0.387365945,0.23685824,0.287959855,0.260553268,0.057745824,0.237975976,0.052566238,0.160494582
1556,0.227585254,0.223552446,0.04762937,0.013774388,0.319293726,0.290368975,0.032727562,0.050966208,0.357033511,0.307651561,0.398464118,0.10159498,0.195121196,0.09458383,0.249120055,0.046165696
1557,0.050897269,0.028755157,0.277434433,0.197629031,0.247092487,0.351720419,0.296131394,0.184689167,0.393742395,0.18250244,0.044980269,0.397061899,0.009128292,0.219953424,0.123638195,0.20142086
1558,0.223485181,0.096038359,0.222743502,0.302424445,0.106603935,0.153370453,0.107297077,0.328223892,0.289992904,0.348478575,0.068019957,0.029431855,0.047753402,0.064407333,0.213233064,0.388364828
1559,0.142894167,0.383403308,0.015280318,0.370748881,0.072461043,0.364989994,0.022490972,0.379287779,0.080319306,0.121085624,0.196376938,0.152288352,0.267011188,0.389923107,0.242570596,0.288594164
1560,0.0352021,0.251124972,0.181539911,0.354312943,0.15528444,0.271781658,0.091261491,0.103749013,0.150448972,0.121625415,0.101551536,0.019867482,0.334698533,0.025720612,0.354946206,0.050186156
1561,0.026104695,0.225201906,0.200976717,0.196493828,0.229801731,0.114822642,0.265179709,0.200960888,0.133897387,0.330600267,0.291088439,0.157444137,0.339047114,0.3681033,0.214746507,0.08598098
1562,0.366316863,0.075791848,0.019369291,0.130994804,0.290786538,0.369309635,0.254914259,0.380735419,0.036948336,0.024301492,0.24167678,0.386446529,0.201088524,0.02060609,0.088487462,0.097917163
1563,0.135142852,0.017441353,0.36195708,0.206225578,0.268372317,0.026869135,0.021646187,0.234587109,0.354918404,0.2113928,0.351127669,0.324396509,0.030341514,0.08078299,0.263084268,0.177400553
1564,0.116279925,0.167453542,0.178079859,0.3642209,0.041383313,0.111892299,0.215025927,0.279314771,0.252254916,0.376657095,0.31824357,0.222830737,0.085873077,0.180349693,0.277352898,0.33518487
1565,0.38389449,0.242181106,0.210767747,0.007076769,0.028839628,0.062441999,0.021903972,0.160345296,0.134751418,0.254941663,0.214266043,0.238388304,0.188790881,0.111094859,0.381130126,0.034563664
1566,0.3755564,0.124495219,0.205064578,0.043536929,0.028372427,0.171818179,0.296678951,0.107745911,0.224939156,0.111460136,0.155445224,0.362578527,0.34233585,0.206407017,0.095242251,0.077273565
1567,0.381634941,0.081086639,0.323267324,0.147588084,0.394263939,0.147262296,0.14060665,0.254985452,0.384606723,0.390483842,0.282882459,0.301842546,0.22536087,0.302310296,0.343911862,0.194438121
1568,0.247944905,0.214926678,0.224988245,0.356019164,0.142246732,0.08327361,0.182512044,0.083234076,0.19936017,0.361403242,0.246973408,0.342173141,0.066476368,0.360349437,0.240714866,0.012703915
1569,0.253247582,0.380558783,0.0316668,0.232982452,0.366191441,0.003878067,0.252365171,0.189960917,0.138795727,0.251014596,0.021080838,0.301225219,0.001791791,0.122774298,0.201583455,0.1508089
1570,0.122990374,0.332334058,0.37393303,0.349485074,0.208972525,0.35366567,0.368344626,0.163695359,0.113378344,0.039306082,0.191636768,0.378518768,0.224363011,0.267024841,0.045153527,0.057407866
1571,0.185789305,0.38050592,0.144313857,0.350993617,0.048115437,0.246806883,0.240245191,0.3439499,0.001326682,0.075972667,0.08787505,0.379986435,0.061477463,0.01478494,0.213784598,0.211423385
1572,0.337618786,0.37954386,0.215418177,0.371997673,0.290063661,0.105823651,0.371368284,0.26697727,0.165638373,0.272096834,0.160525131,0.045673507,0.287591499,0.329635045,0.29152248,0.091645867
1573,0.382654005,0.010101825,0.133074119,0.104036974,0.019250491,0.162291877,0.249245936,0.353021145,0.395875886,0.323235835,0.187472207,0.28948177,0.337449515,0.186122879,0.314021774,0.193060967
1574,0.154598396,0.210436335,0.270341895,0.290752823,0.142694508,0.228528101,0.36394835,0.39052516,0.090899236,0.077132466,0.270674253,0.165873554,0.009688935,0.138744748,0.322697897,0.318970772
1575,0.19787406,0.189031174,0.231802977,0.087758684,0.21041745,0.004418544,0.190223822,0.134420419,0.269947842,0.255341434,0.152334352,0.002909193,0.100909452,0.25333914,0.028949337,0.043056969
1576,0.25881401,0.30230696,0.128619883,0.195869226,0.378284546,0.378217425,0.12300111,0.32399515,0.237577621,0.390193797,0.191045428,0.309882747,0.307254852,0.198973147,0.318252046,0.104416133
1577,0.048901215,0.170065498,0.377452263,0.200297843,0.254103655,0.249664982,0.053029147,0.156118753,0.282775589,0.388796039,0.067207095,0.164176756,0.03803752,0.096950584,0.150703737,0.216257299
1578,0.092226753,0.091025064,0.311131992,0.385056665,0.129445187,0.275196807,0.103232185,0.371180902,0.269160944,0.321070742,0.019741617,0.239402387,0.211044933,0.117198763,0.104971994,0.232009921
1579,0.282594254,0.013269103,0.226960633,0.068183812,0.056145093,0.249247795,0.124348047,0.176352093,0.143999524,0.259334528,0.188047906,0.385383465,0.140953104,0.296113736,0.102917027,0.203501237
1580,0.221027901,0.131643712,0.188712212,0.111711455,0.002400313,0.086259321,0.280025669,0.30838521,0.112081147,0.1632172,0.014946264,0.09482516,0.311687713,0.242394508,0.082308209,0.102976798
1581,0.326720809,0.083633681,0.13366309,0.265743477,0.224444954,0.184348082,0.359896436,0.087884185,0.296567956,0.063625536,0.246293533,0.348249425,0.183160714,0.289717803,0.328157341,0.05441057
1582,0.282330758,0.36793641,0.230548244,0.074448898,0.050777013,0.103894132,0.041405308,0.205357629,0.027881873,0.08936185,0.175964178,0.1895659,0.226159394,0.282245985,0.018891456,0.032248381
1583,0.024343661,0.169260126,0.016739178,0.298432507,0.089200072,0.375684997,0.194561502,0.178530301,0.312215477,0.285261594,0.242923616,0.374058683,0.168903704,0.32341267,0.152037178,0.33533827
1584,0.103789852,0.115706829,0.271147814,0.085085318,0.091661675,0.122104972,0.271571508,0.355755237,0.26982706,0.331125698,0.217424236,0.027569289,0.040186485,0.221756791,0.131120387,0.088227229
1585,0.186502771,0.266598696,0.153996779,0.321016903,0.295409299,0.293965953,0.394075876,0.118091991,0.257890235,0.342191336,0.231809774,0.31580087,0.165780874,0.236196538,0.022266557,0.394307042
1586,0.320007393,0.347523629,0.277717711,0.074420013,0.012411377,0.345862643,0.158532261,0.10554595,0.224669184,0.168359409,0.260666398,0.193517293,0.278893256,0.341369308,0.078222804,0.131773152
1587,0.174726235,0.384823379,0.146133445,0.15243994,0.261389009,0.167679884,0.380489498,0.357787504,0.205363511,0.257910094,0.023212225,0.278292211,0.282880349,0.143679718,0.087873153,0.366031361
1588,0.17068196,0.261482442,0.013331518,0.165626867,0.326903524,0.1550304,0.241264464,0.08394232,0.16661026,0.371055087,0.2265807,0.360772584,0.36080772,0.37765912,0.358156664,0.001312452
1589,0.373605957,0.054983776,0.0159705,0.022155414,0.139566478,0.248321634,0.160924479,0.010221714,0.190593054,0.176852297,0.302739706,0.111845159,0.08701247,0.102375583,0.121495929,0.239665949
1590,0.188610194,0.134757826,0.149725663,0.148369464,0.388962678,0.093198795,0.327224624,0.283284335,0.002228002,0.397270487,0.302575748,0.272979835,0.162129883,0.222081236,0.101308358,0.014193362
1591,0.334408663,0.358593797,0.064988255,0.314822438,0.296461069,0.071350001,0.168731521,0.169103168,0.303985703,0.335064362,0.037910049,0.225187694,0.304699399,0.314476238,0.05919741,0.210202057
1592,0.343023483,0.127407431,0.17004676,0.321743405,0.035727808,0.343797316,0.124462687,0.000580127,0.093663658,0.035800256,0.036953963,0.277134294,0.085590534,0.373896945,0.206577819,0.184039303
1593,0.173713407,0.277035056,0.180905105,0.051440142,0.352068872,0.17135814,0.02960183,0.211746395,0.258938743,0.110232986,0.320136163,0.267910338,0.260136468,0.168329981,0.384766121,0.109675667
1594,0.2310822,0.123622063,0.297921901,0.019116594,0.018357547,0.324344388,0.173707264,0.136472022,0.243010745,0.280759738,0.080480539,0.074172497,0.383260299,0.235865723,0.156046591,0.320576678
1595,0.210063584,0.096665124,0.082694122,0.158743706,0.343958344,0.024579166,0.0874104,0.357260728,0.048693828,0.251850287,0.085404547,0.242346739,0.153241667,0.040670759,0.232990027,0.273217099
1596,0.272109048,0.254813764,0.200089912,0.207789047,0.254256044,0.276103745,0.261950696,0.234778226,0.062335594,0.084246615,0.104089608,0.367864663,0.303758037,0.221146728,0.100822771,0.044356609
1597,0.35950369,0.357066406,0.044278238,0.318886666,0.178658028,0.129586773,0.295641814,0.245731816,0.312012043,0.029731544,0.127434808,0.12772674,0.131901237,0.200991949,0.113205521,0.177753444
1598,0.147111037,0.294118419,0.241400318,0.261451773,0.084233558,0.130200866,0.008466179,0.043349883,0.106021693,0.026185489,0.24105296,0.399252046,0.040326086,0.328492085,0.047526499,0.267965608
1599,0.257263041,0.361086774,0.045578245,0.126177786,0.036311904,0.16295333,0.364637269,0.31260926,0.28916004,0.213211002,0.353394297,0.179776719,0.059874267,0.335034089,0.111855331,0.021453416
1600,0.050415212,0.243623566,0.242832786,0.104073268,0.290872059,0.309456062,0.36820105,0.233974999,0.311769346,0.301239872,0.103123619,0.124090371,0.191392958,0.007615587,0.118959109,0.189553149
1601,0.043227718,0.050510355,0.185294694,0.292386013,0.333499572,0.218525559,0.189899595,0.153712227,0.077179597,0.058624801,0.316758581,0.186002653,0.316128098,0.281633214,0.077558366,0.204122906
1602,0.177606652,0.169549402,0.21702842,0.39283276,0.325160239,0.361484973,0.011855833,0.056134547,0.033905464,0.105292402,0.176756997,0.256821299,0.200332507,0.361273566,0.375942384,0.06540838
1603,0.341165168,0.192688882,0.181331789,0.313975739,0.037256204,0.352997251,0.268345342,0.350104643,0.397791031,0.207201781,0.037304879,0.066609545,0.129447297,0.041421177,0.32613673,0.11874714
1604,0.390354475,0.281036573,0.069372148,0.190417059,0.186753689,0.197004663,0.214276468,0.012469233,0.27452045,0.19487671,0.31638616,0.326139829,0.092214049,0.019369179,0.281293542,0.391105115
1605,0.178663195,0.103845124,0.062668758,0.114978239,0.131167821,0.169549897,0.262162849,0.109265222,0.020390705,0.149311445,0.342251846,0.199340604,0.385913503,0.201448612,0.110359527,0.077325599
1606,0.277809799,0.214552514,0.241599572,0.302050716,0.290361386,0.01734532,0.321028762,0.213081323,0.156683412,0.215007771,0.244980579,0.059802524,0.166966158,0.134234484,0.140163578,0.036533975
1607,0.063937395,0.064732827,0.149289897,0.357796618,0.082410949,0.166477003,0.124643766,0.314953325,0.020050573,0.078617358,0.084256617,0.39718512,0.228310007,0.055583306,0.108879656,0.067128838
1608,0.049841828,0.318872811,0.198301051,0.252484055,0.132500499,0.221478034,0.103027613,0.12321451,0.260895178,0.06014005,0.246888744,0.340893927,0.04816929,0.358984512,0.031778272,0.139563691
1609,0.244203726,0.223765904,0.038556429,0.319565267,0.389261317,0.072491316,0.358052388,0.222723777,0.374373508,0.070434383,0.316808557,0.02391263,0.353278579,0.269663769,0.148101914,0.076186729
1610,0.326613239,0.241296529,0.144166341,0.17753433,0.330617062,0.135570877,0.035853071,0.364512869,0.154937496,0.139355004,0.081759848,0.358969028,0.087002133,0.254669147,0.352306005,0.013965446
1611,0.331516682,0.164239769,0.26318983,0.148961825,0.278206503,0.101717966,0.008772217,0.379115006,0.006547106,0.329639716,0.067655037,0.156888091,0.328996951,0.08237286,0.346283042,0.199103576
1612,0.146461385,0.264975099,0.136555889,0.138915344,0.293410556,0.12393289,0.080309059,0.323058451,0.322148413,0.199034281,0.210662246,0.27843065,0.203709717,0.166815984,0.397957677,0.059056171
1613,0.237091192,0.35434521,0.274886016,0.35236932,0.134533888,0.108797191,0.340508955,0.15764583,0.283872929,0.059099431,0.30233525,0.21959306,0.107444656,0.197801586,0.27877745,0.004754564
1614,0.254986824,0.216636311,0.088114467,0.30119243,0.121384394,0.110744373,0.18848734,0.270459871,0.37153839,0.056542897,0.158587248,0.026795837,0.303420299,0.179093156,0.282771654,0.12887777
1615,0.337726897,0.213931231,0.377443129,0.031525856,0.20571073,0.306582098,0.240061059,0.009277656,0.388935471,0.119305477,0.099711147,0.19426395,0.216863243,0.306515255,0.157309463,0.175984151
1616,0.213983966,0.15775484,0.365819232,0.340500787,0.181989478,7.79E-05,0.360373798,0.049734629,0.097804966,0.060944514,0.071926228,0.321151015,0.231800577,0.382438065,0.092581405,0.194253963
1617,0.390971348,0.330577406,0.291446272,0.075590081,0.30776216,0.139026049,0.212214759,0.243664485,0.243745485,0.290609389,0.264680837,0.027348352,0.18293881,0.265608643,0.118397193,0.125222675
1618,0.049827019,0.167445994,0.394732174,0.114127745,0.212574757,0.297294901,0.005398908,0.360175824,0.154620074,0.347646395,0.015579064,0.058265421,0.129011782,0.138184709,0.339117689,0.004480446
1619,0.256444711,0.052524974,0.32928626,0.311429306,0.199968411,0.08507489,0.253798156,0.062503327,0.076009517,0.250675961,0.396491378,0.356424335,0.237242943,0.215414708,0.399353952,0.218958859
1620,0.168046609,0.363822214,0.093673718,0.039010396,0.253636014,0.038339854,0.149259415,0.169430954,0.219015227,0.396663818,0.088392689,0.150302551,0.05289605,0.24304541,0.291069273,0.192830729
1621,0.098332507,0.248355308,0.215663089,0.068474289,0.16227276,0.174078837,0.393047102,0.339714333,0.293748315,0.35551081,0.294193762,0.361360742,0.021821246,0.182426484,0.298759334,0.233318319
1622,0.070066466,0.136196835,0.12710975,0.104538765,0.137254221,0.205941315,0.34194761,0.296813065,0.334099882,0.353441498,0.166460182,0.138410514,0.023049353,0.372196649,0.026329207,0.296454206
1623,0.151243322,0.37951231,0.167840808,0.326643341,0.113061933,0.119635487,0.238207764,0.399193053,0.207028967,0.374523455,0.314499931,0.318345726,0.174383996,0.1546169,0.076768723,0.385576507
1624,0.383757445,0.298827094,0.11850098,0.098071816,0.395444097,0.026617126,0.337425717,0.1421832,0.167547888,0.332791059,0.036241206,0.141667871,0.380809711,0.279626365,0.301975666,0.30300212
1625,0.024228033,0.081283037,0.196505302,0.147260093,0.164364917,0.312578951,0.005871694,0.264196771,4.41E-05,0.02522341,0.163314448,0.336379408,0.057998306,0.221848564,0.271402091,0.091813154
1626,0.204932102,0.364562913,0.20489141,0.062929225,0.251125719,0.236880072,0.010781904,0.036237762,0.062712542,0.054515631,0.103786308,0.181642129,0.148686519,0.356259957,0.244843764,0.35045774
1627,0.21081573,0.035948188,0.18531498,0.328813019,0.077641507,0.036485712,0.131773895,0.155559132,0.122503071,0.054096314,0.100335944,0.272912962,0.154371407,0.253019778,0.214521512,0.219621176
1628,0.099419823,0.208617213,0.009437886,0.172697497,0.229049129,0.072798249,0.102623402,0.087812408,0.028223182,0.139142928,0.391586307,0.141552163,0.184214649,0.2612349,0.2593991,0.379957992
1629,0.343025656,0.317580275,0.38065089,0.092306154,0.246821678,0.354878707,0.249655263,0.39096819,0.040141086,0.175732201,0.390945163,0.151827211,0.29582255,0.01216116,0.277934846,0.373850693
1630,0.153082514,0.008519935,0.011163922,0.356809322,0.289006443,0.042674554,0.021836111,0.321930145,0.323944253,0.048208736,0.120608162,0.312010426,0.210164828,0.382633944,0.192425058,0.270783175
1631,0.203913346,0.377186198,0.159463637,0.091918582,0.130653544,0.341110082,0.199175425,0.141700921,0.217704009,0.053291883,0.002143722,0.112233873,0.242002288,0.284672308,0.330644387,0.370665424
1632,0.164844939,0.29620672,0.029869172,0.023012,0.049919197,0.179427639,0.084512575,0.114769977,0.259152069,0.143408872,0.222948623,0.164961503,0.067587702,0.029607996,0.094492598,0.023080188
1633,0.247444784,0.318287041,0.135896307,0.154844422,0.326476425,0.089045165,0.047664106,0.200447247,0.258476068,0.23986177,0.285549218,0.022700473,0.171280645,0.09542821,0.303648504,0.349092194
1634,0.112534296,0.038087232,0.101371185,0.041603396,0.128968866,0.215279431,0.389472382,0.159748102,0.08801597,0.066720696,0.069215906,0.077039073,0.304906809,0.024411085,0.398961083,0.209074556
1635,0.217708758,0.143025551,0.276102144,0.188582536,0.131624514,0.106055361,0.370260483,0.116395806,0.174557304,0.140136561,0.034471531,0.074373758,0.07580079,0.277459806,0.162634164,0.312787025
1636,0.28358037,0.076819907,0.225166768,0.297163538,0.253217169,0.240006603,0.295844355,0.022712296,0.292568779,0.109062105,0.228748902,0.096921998,0.335527029,0.192223742,0.257176485,0.317632817
1637,0.358126102,0.292824839,0.05950743,0.341812948,0.247431166,0.243779903,0.368536224,0.099532622,0.095835047,0.205277422,0.300345227,0.178896283,0.253556556,0.18100989,0.244154872,0.328904921
1638,0.072190678,0.278151414,0.314970296,0.178844563,0.129293431,0.00541773,0.318842009,0.131175464,0.142923788,0.134402465,0.199495732,0.280999829,0.308745252,0.157028288,0.265240814,0.2882737
1639,0.118766933,0.038648588,0.357866288,0.270846389,0.259244164,0.023561006,0.327149223,0.226421662,0.339153767,0.389824473,0.382840128,0.342435739,0.00437895,0.354290883,0.030024926,0.340477588
1640,0.112069627,0.244027335,0.015227292,0.308472678,0.044682449,0.164275269,0.326978401,0.278139599,0.002417079,0.161212934,0.016771007,0.269399944,0.387579397,0.262104505,0.089748972,0.142093213
1641,0.390660222,0.089620965,0.224611629,0.160181523,0.307326119,0.346955709,0.13633491,0.264158545,0.219619079,0.111377796,0.108776321,0.215452659,0.061601149,0.324323959,0.027601936,0.037829794
1642,0.136890524,0.047236703,0.190280009,0.159870356,0.288723918,0.381201662,0.301423434,0.071779465,0.374208514,0.156853373,0.189675744,0.168630495,0.112218809,0.358017715,0.132895546,0.231438588
1643,0.096013434,0.31895015,0.309679464,0.118524855,0.272621629,0.281549413,0.225004566,0.240239353,0.229781855,0.032745762,0.268106138,0.187910004,0.175382912,0.343999688,0.009290685,0.100525967
1644,0.0485614,0.014136418,0.110270799,0.395390509,0.108091669,0.265482328,0.047319556,0.240739052,0.393792593,0.116735009,0.339230247,0.399028552,0.235421635,0.12376044,0.269412504,0.337939283
1645,0.068540097,0.181006306,0.127675084,0.113343599,0.344328504,0.168661603,0.135630537,0.241404217,0.087760632,0.091957396,0.208115492,0.163709091,0.117992954,0.021580453,0.208309695,0.326643682
1646,0.340550882,0.094175992,0.239856482,0.342352524,0.163490371,0.372854727,0.361191412,0.083253559,0.103585933,0.072176799,0.078421741,0.363144835,0.372455164,0.020758896,0.237441342,0.225692625
1647,0.156219059,0.252679037,0.37894713,0.068101953,0.048164364,0.013356228,0.145533323,0.135051391,0.172327875,0.201324012,0.303129598,0.156845356,0.132245244,0.330751528,0.339918668,0.093106386
1648,0.125868729,0.330046548,0.031763298,0.130338712,0.179340043,0.074828646,0.071965679,0.169944823,0.30180869,0.336093192,0.391694037,0.02959362,0.08667288,0.302651937,0.216239482,0.13107191
1649,0.082235864,0.112191021,0.17171558,0.070860488,0.385690382,0.043035378,0.394230974,0.336757314,0.169260647,0.295926534,0.268606097,0.085314767,0.135628034,0.205249025,0.255137672,0.217157993
1650,0.189194984,0.177260909,0.1993058,0.173740608,0.216532031,0.35519412,0.253131725,0.28904835,0.238993253,0.257207073,0.231339931,0.010746609,0.399839353,0.013443696,0.158059203,0.042046271
1651,0.03877138,0.317410781,0.170370312,0.320455483,0.109114588,0.102585117,0.100492553,0.246458251,0.325999756,0.180904404,0.151699556,0.389431822,0.046701614,0.194653073,0.163395101,0.039250639
1652,0.107280145,0.011376485,0.350781716,0.243139812,0.326007399,0.208621781,0.239803932,0.280341791,0.363204651,0.036700755,0.132379358,0.283610476,0.383340225,0.392322971,0.255241204,0.077439391
1653,0.047683565,0.378417458,0.173571076,0.077926413,0.373557006,0.041809709,0.291828439,0.250105211,0.035093866,0.135499518,0.059972276,0.241799437,0.190845213,0.00171005,0.390284227,0.13983386
1654,0.103281757,0.088977182,0.063526358,0.39965483,0.118043787,0.162205399,0.348542366,0.256755001,0.147477765,0.359331374,0.299889681,0.091160203,0.257495598,0.368959399,0.198584351,0.293444961
1655,0.388441498,0.276165656,0.040975476,0.09782382,0.238038575,0.110222326,0.383016682,0.162140814,0.182892162,0.280640837,0.209699893,0.152858387,0.03065515,0.238578236,0.347032012,0.274304977
1656,0.152598004,0.051090426,0.326535275,0.376699345,0.155309196,0.291456876,0.164305376,0.200906776,0.334590552,0.033369737,0.21213414,0.08584811,0.135922378,0.25777153,0.010891365,0.23753004
1657,0.113376896,0.267793744,0.056632541,0.294324642,0.258255888,0.388496733,0.364494145,0.113321145,0.010926629,0.262147424,0.241154956,0.010971508,0.049071012,0.233880682,0.364730906,0.362600111
1658,0.060594022,0.153829579,0.017281146,0.187708739,0.301233384,0.315989085,0.199595787,0.03834787,0.15254559,0.372840784,0.091845023,0.12790178,0.29873087,0.293432316,0.364880915,0.155247476
1659,0.20583949,0.186956984,0.371100868,0.307732236,0.332576712,0.053239308,0.316738677,0.173191506,0.009335473,0.024035341,0.271163176,0.148804976,0.347246229,0.293709254,0.008672005,0.274755325
1660,0.076940989,0.169033027,0.249894081,0.349087137,0.182439155,0.323396182,0.313186265,0.165815405,0.200392065,0.280194004,0.012459374,0.356324566,0.307926464,0.099766353,0.392471981,0.071756141
1661,0.365634669,0.129789383,0.305258684,0.182550637,0.294586955,0.062313219,0.107802583,0.03994313,0.346057593,0.118517195,0.277790492,0.328088479,0.360567295,0.042518846,0.357205973,0.078901111
1662,0.294760805,0.291539608,0.003401257,0.088249563,0.196763406,0.168013883,0.367429392,0.143896348,0.374793486,0.183771727,0.385741159,0.294941924,0.331733837,0.041950755,0.234456573,0.057080144
1663,0.119048401,0.249426162,0.290490282,0.015673513,0.212377492,0.226125595,0.031531199,0.200275214,0.285536912,0.021290914,0.304107111,0.230570602,0.333290883,0.087225029,0.333309474,0.03782439
1664,0.161531879,0.079793917,0.350408333,0.281967927,0.010144711,0.003809342,0.116499702,0.057313246,0.252121791,0.265518774,0.376780361,0.38081597,0.263558682,0.002270045,0.143599167,0.205256605
1665,0.199671903,0.241336252,0.384220593,0.354077077,0.043563213,0.106392157,0.333243767,0.329722764,0.11014829,0.292235212,0.268814951,0.189409586,0.080581981,0.355457272,0.271140474,0.06759717
1666,0.281920938,0.296573488,0.354752114,0.089135702,0.395501642,0.061357369,0.240275557,0.262870602,0.167581158,0.190015084,0.356364039,0.258109692,0.198800383,0.051339825,0.00293505,0.049987447
1667,0.382473827,0.305634713,0.386846531,0.014283484,0.272088162,0.017717411,0.312822588,0.152380069,0.038306144,0.227218657,0.112048079,0.263829577,0.263269904,0.28200299,0.396986032,0.154679084
1668,0.18612619,0.32184468,0.231348009,0.014902884,0.337231408,0.020599473,0.068328055,0.040831987,0.031170853,0.01027395,0.022011086,0.176975676,0.101140908,0.050614753,0.263482217,0.090444764
1669,0.007579662,0.167367914,0.124173197,0.127441773,0.178108011,0.267565571,0.246591648,0.374904644,0.207086667,0.189027964,0.085365774,0.302152516,0.05631031,0.196453156,0.168528879,0.263320351
1670,0.367048588,0.378638237,0.067119707,0.104726887,0.324654128,0.207311905,0.181213827,0.284250181,0.240769981,0.388285622,0.233589861,0.186389531,0.217126945,0.323415927,0.245070023,0.258819237
1671,0.388575552,0.247358194,0.152114099,0.276530411,0.263783759,0.005539054,0.186931719,0.297161441,0.199616583,0.311848454,0.180353479,0.393328639,0.117156636,0.036849043,0.17200472,0.21668361
1672,0.139637493,0.096912464,0.268823477,0.15085004,0.252547412,0.311628579,0.304401051,0.150123724,0.227159292,0.17986329,0.348322101,0.351503392,0.137496633,0.036694979,0.067032993,0.146800697
1673,0.225699982,0.262714804,0.132548419,0.266999648,0.375095993,0.260805651,0.063426092,0.231867565,0.216758207,0.348280044,0.140121222,0.169178244,0.239463622,0.209770125,0.287606637,0.016155596
1674,0.225406408,0.048668757,0.126083597,0.264650745,0.06296568,0.123536734,0.281202593,0.260322097,0.036415868,0.230907397,0.058901785,0.100908551,0.183684511,0.043738729,0.397458787,0.066147824
1675,0.312525051,0.331935538,0.397785588,0.171461287,0.349637808,0.383015776,0.069157658,0.191774436,0.024004328,0.248289605,0.232562463,0.081650514,0.319161104,0.014907489,0.32249093,0.010658116
1676,0.262731525,0.031507806,0.100490208,0.28876534,0.11216192,0.204469539,0.366099308,0.019853742,0.324431917,0.026108799,0.050717938,0.047727642,0.397640913,0.072074528,0.358704739,0.396372865
1677,0.153513908,0.252419417,0.311636502,0.157058033,0.064725656,0.173505098,0.308755058,0.312305105,0.092215517,0.069986256,0.368224281,0.017599612,0.29389539,0.018568554,0.33516002,0.362165925
1678,0.11896765,0.029574257,0.192273815,0.119385215,0.166854457,0.265994181,0.083930414,0.142780628,0.313024996,0.25750478,0.130510196,0.26572064,0.306125169,0.236994232,0.095798733,9.81E-05
1679,0.321139643,0.329053422,0.279041801,0.030632373,0.234088915,0.328408269,0.155867328,0.079200294,0.235050919,0.330522651,0.019547983,0.238780487,0.257269518,0.240946816,0.260013474,0.252550123
1680,0.052161554,0.093974711,0.247597602,0.007077264,0.253897807,0.26615465,0.095669904,0.239253132,0.213636024,0.104276619,0.185189605,0.363849812,0.170641112,0.251937671,0.014140328,0.031120045
1681,0.032523229,0.311296305,0.140102758,0.091044675,0.298929827,0.067984025,0.09859701,0.172372577,0.132575228,0.234156884,0.135136248,0.157180654,0.345154643,0.353812576,0.331084476,0.345932373
1682,0.227891468,0.258493286,0.222869267,0.314235234,0.220400194,0.044430786,0.323832048,0.304234068,0.328120238,0.076171785,0.108646821,0.118300679,0.203232214,0.053550834,0.154152701,0.072863264
1683,0.105905085,0.282555054,0.341924463,0.009162347,0.226358785,0.014423905,0.034099698,0.282033614,0.294243243,0.325592269,0.189696605,0.343922993,0.066735317,0.099886565,0.053800859,0.319014904
1684,0.091470047,0.062204497,0.249244275,0.030832811,0.017960111,0.042687059,9.64E-05,0.278796062,0.224894129,0.083950044,0.093201979,0.324387439,0.200728046,0.279411343,0.181102181,0.09508721
1685,0.38816112,0.226259025,0.052392762,0.162436017,0.131734965,0.085634987,0.373375996,0.352367998,0.079658847,0.140859156,0.304926157,0.083402419,0.236625945,0.279917577,0.26158893,0.282563456
1686,0.282679836,0.385922368,0.138599556,0.35143617,0.008722825,0.115281185,0.019462313,0.260481584,0.040316148,0.338282745,0.258636674,0.01152616,0.285910946,0.344813979,0.264448403,0.012209686
1687,0.343167819,0.292985565,0.151380525,0.131452103,0.191928073,0.3468407,0.100823741,0.040385524,0.345854549,0.01051594,0.364398809,0.122298078,0.203289081,0.05291821,0.360901988,0.299934489
1688,0.369662235,0.27329162,0.073877511,0.123306801,0.19473943,0.242903282,0.370583775,0.153580586,0.281228809,0.38440354,0.060949625,0.345083836,0.168282428,0.29296871,0.117415335,0.133593687
1689,0.01085329,0.388561661,0.32538103,0.037567183,0.399803518,0.242009839,0.341491455,0.026664305,0.155780471,0.267860449,0.042573487,0.195561135,0.17707115,0.08641609,0.120107934,0.386847342
1690,0.115459394,0.085370454,0.214483668,0.268383214,0.290037244,0.301698874,0.014732997,0.15750416,0.309583232,0.361940841,0.240880049,0.020922741,0.158658322,0.029690846,0.299415145,0.025402188
1691,0.074292427,0.16678337,0.185059347,0.16259268,0.185358659,0.285295661,0.147707529,0.219100184,0.121347703,0.141450998,0.245519584,0.196197861,0.289214518,0.224215435,0.321429634,0.177363285
1692,0.196413448,0.26798854,0.088497578,0.154371815,0.249936498,0.011550508,0.174788573,0.239539975,0.386950213,0.350806625,0.112296781,0.202884042,0.022565749,0.096301766,0.309942347,0.049325605
1693,0.10307621,0.377617001,0.32954232,0.312731085,0.345822996,0.299842275,0.048234486,0.206624531,0.177697568,0.124460631,0.333616164,0.185655681,0.024119041,0.109986233,0.091448423,0.354991554
1694,0.25897524,0.224150506,0.202659697,0.260045211,0.301950219,0.221753882,0.375314166,0.390733668,0.398136927,0.267756444,0.373048187,0.161791878,0.343836956,0.363669719,0.361656189,0.332338513
1695,0.162639665,0.063562993,0.133582543,0.306915428,0.093154205,0.191308826,0.226159807,0.241543425,0.374290219,0.264597208,0.314519526,0.232751339,0.333432128,0.105465445,0.083951069,0.37052802
1696,0.277392351,0.268610231,0.186918095,0.150678904,0.222276478,0.04822654,0.181885024,0.182147082,0.215334605,0.253874246,0.382927346,0.260867651,0.353490061,0.222521545,0.250771153,0.027934781
1697,0.053305489,0.231868174,0.158285148,0.319524208,0.21727115,0.352916416,0.388932671,0.059054074,0.157931101,0.26599241,0.122195502,0.106812935,0.325495424,0.392151388,0.309521332,0.209470649
1698,0.177004493,0.215859088,0.185135881,0.201155223,0.08138122,0.36149678,0.301814001,0.272390969,0.379969988,0.113757733,0.032463764,0.330455464,0.399366785,0.231372975,0.023523755,0.312187216
1699,0.02949962,0.216005595,0.11101299,0.366010712,0.180532485,0.359385339,0.119632434,0.154945034,0.378847675,0.08052578,0.231400461,0.155404131,0.309666754,0.051718548,0.174885988,0.279573051
1700,0.162806494,0.023412696,0.282044905,0.201279331,0.004523475,0.245062358,0.367952409,0.044410379,0.236268494,0.291467553,0.028309468,0.009046183,0.185678347,0.316474675,0.064287764,0.334654909
1701,0.262630902,0.132869315,0.206330319,0.386229992,0.086574788,0.199814159,0.249794622,0.055205842,0.017408835,0.005383981,0.129877143,0.029578918,0.321507981,0.398927811,0.024521529,0.17309051
1702,0.010292849,0.053596356,0.129169024,0.157479285,0.375913179,0.158334724,0.198511064,0.098233347,5.01E-05,0.359733783,0.032685903,0.385699536,0.052337642,0.241951392,0.399764235,0.055385838
1703,0.169577234,0.312169468,0.01287606,0.2759131,0.032149335,0.094608057,0.064030465,0.362934573,0.072182687,0.016173638,0.235050271,0.13847237,0.162282488,0.047625098,0.299293797,0.24062146
1704,0.145686818,0.068629978,0.237380696,0.311438912,0.124958914,0.010344153,0.085737594,0.272959128,0.395638551,0.005350496,0.122461425,0.024808348,0.126539715,0.162365737,0.368344837,0.03222432
1705,0.310853621,0.158213758,0.32450514,0.205360874,0.015712816,0.378482354,0.033093625,0.239073401,0.351067105,0.031907919,0.221557355,0.32971595,0.394529883,0.28973096,0.11133375,0.279828132
1706,0.282306708,0.279986405,0.341704175,0.034952025,0.043367938,0.25624685,0.381552438,0.186335456,0.384225081,0.375234104,0.361163895,0.36394039,0.359327517,0.327955753,0.277991583,0.009763271
1707,0.052901437,0.053692822,0.009416114,0.046680707,0.367898573,0.265521715,0.124829207,0.317344005,0.195347795,0.056850815,0.353800832,0.135464778,0.279543692,0.116237664,0.2000285,0.326501085
1708,0.062710939,0.390900558,0.028086369,0.213603564,0.366410208,0.378277554,0.092843585,0.057593992,0.2897612,0.016789427,0.194095588,0.318542091,0.22410189,0.075205306,0.19481772,0.368509887
1709,0.246885191,0.288596251,0.134505552,0.07539351,0.102256892,0.213271038,0.112088061,0.216785915,0.283116771,0.29375835,0.065873976,0.30017234,0.269075256,0.004802053,0.02354887,0.258499801
1710,0.15348156,0.0584416,0.017758624,0.063759336,0.383005586,0.291026257,0.211082168,0.3766162,0.247644175,0.290258075,0.113060727,0.235592737,0.057390898,0.161793258,0.01329613,0.086651235
1711,0.029947452,0.155111528,0.337214066,0.151173643,0.33265585,0.262599325,0.203811779,0.094756677,0.368862437,0.021680324,0.275565207,0.248495957,0.176416609,0.096128382,0.172278375,0.34910909
1712,0.334706444,0.3765525,0.123117283,0.154841663,0.007490461,0.377179998,0.131756037,0.161665529,0.363121845,0.210639372,0.226469817,0.070493135,0.199464008,0.36728344,0.223487235,0.102046546
1713,0.012472346,0.134520709,0.229036366,0.017045315,0.243917031,0.209365531,0.313374188,0.011555269,0.312338938,0.208350818,0.148211733,0.386153191,0.064047819,0.216530048,0.128392589,0.210994552
1714,0.220910181,0.035779299,0.264454059,0.253792598,0.30778691,0.036263397,0.118903419,0.26004424,0.05469233,0.271039284,0.023610684,0.133972621,0.338684449,0.309716516,0.257904286,0.348183367
1715,0.283707818,0.207750042,0.391887,0.277942432,0.240546871,0.163548224,0.360964999,0.118283638,0.003687838,0.078696209,0.043806997,0.12759751,0.330351471,0.260611874,0.067592236,0.315528688
1716,0.201687946,0.20508585,0.144844872,0.345846546,0.127330922,0.037655904,0.121091598,0.286141419,0.263032755,0.075206861,0.04471372,0.264346303,0.270550734,0.146459855,0.337120553,0.391282082
1717,0.082258089,0.230827486,0.002138532,0.285221758,0.165712845,0.077307691,0.300888769,0.324259519,0.0444666,0.016398305,0.133631377,0.250396186,0.317367811,0.218424999,0.232299511,0.319943289
1718,0.21153735,0.244461796,0.206486936,0.352183293,0.094206647,0.105597434,0.051184585,0.327786701,0.164710916,0.139157576,0.392539487,0.370721347,0.388795073,0.056919599,0.356500725,0.13148384
1719,0.005062708,0.156519334,0.203678541,0.043288169,0.215071047,0.327785434,0.15106038,0.141057923,0.135524168,0.369237778,0.01950324,0.178030457,0.105839782,0.35752281,0.038420905,0.164577107
1720,0.162726461,0.355357767,0.086197378,0.257958164,0.053762451,0.381590286,0.237205984,0.250502692,0.173509361,0.136913085,0.085070572,0.241595102,0.381824698,0.143916382,0.353262755,0.059510525
1721,0.374450408,0.140194514,0.151890885,0.185136903,0.287297708,0.287861373,0.191835434,0.20926116,0.012004195,0.121718681,0.13840683,0.223490907,0.223319907,0.283959919,0.286810918,0.09408429
1722,0.30807486,0.007841427,0.286464754,0.040824441,0.291859283,0.210847236,0.1749018,0.276266556,0.014548333,0.08938813,0.246576057,0.338886163,0.152443055,0.103504589,0.207494574,0.248926101
1723,0.168041213,0.350684273,0.209375484,0.014329435,0.089221582,0.180258812,0.279090208,0.087900898,0.390502976,0.127423303,0.212992083,0.007586554,0.353956289,0.315533861,0.078183202,0.373294676
1724,0.126335906,0.276874515,0.327590527,0.296365784,0.367033114,0.345709904,0.397844606,0.073044565,0.12190472,0.254490347,0.293218874,0.213842022,0.029571346,0.336638091,0.384349742,0.162206738
1725,0.089924993,0.007725502,0.094919614,0.27996751,0.364635755,0.037405227,0.221303675,0.278212499,0.110552328,0.227958816,0.28609937,0.335087697,0.18099994,0.299142888,0.120713189,0.085218699
1726,0.074925498,0.143549093,0.014351873,0.113196735,0.26088913,0.259167619,0.029421523,0.114966247,0.227823066,0.127420855,0.16719521,0.285124303,0.003706732,0.110557418,0.056948898,0.051043673
1727,0.383616087,0.150624133,0.210835434,0.293528755,0.01897899,0.096409055,0.332859115,0.344796245,0.149180368,0.14994464,0.302758751,0.118028091,0.046837632,0.10301418,0.154937893,0.020881884
1728,0.191472102,0.296003005,0.205498058,0.028758136,0.176059853,0.283561843,0.023238662,0.023938876,0.148240561,0.077985586,0.373912317,0.232537441,0.11493016,0.281910692,0.149971621,0.052846258
1729,0.094892892,0.257098914,0.020750442,0.109075616,0.083324591,0.080454044,0.273104965,0.330326767,0.286346643,0.258291126,0.366580709,0.023356952,0.066993234,0.165762742,0.148980657,0.167220641
1730,0.082581962,0.059801326,0.203677299,0.37122101,0.156787785,0.017341286,0.282466937,0.116441962,0.098038003,0.1297032,0.28952621,0.327527755,0.235222427,0.128991501,0.124191293,0.04972334
1731,0.373320419,0.25525576,0.010789848,0.264946838,0.17886137,0.389023185,0.32762753,0.068526302,0.288044448,0.194226402,0.074818065,0.279495963,0.218955031,0.012149552,0.25863518,0.253994836
1732,0.057634064,0.139595091,0.234359588,0.055513206,0.341089351,0.010994419,0.041134966,0.046442768,0.21124285,0.248045605,0.161496319,0.115466731,0.32372695,0.027314393,0.112116744,0.015646232
1733,0.005556054,0.141351955,0.077929465,0.107346342,0.328378863,0.065192038,0.312093347,0.270020249,0.13057821,0.218622458,0.177774244,0.051358126,0.362874129,0.227847187,0.352096018,0.329530605
1734,0.03191037,0.082908266,0.058104446,0.332311813,0.344978651,0.211188604,0.041671229,0.054246647,0.325419525,0.371676055,0.079790274,0.004455031,0.132381162,0.012199756,0.331189966,0.196604903
1735,0.256744312,0.16459395,0.138203019,0.088880165,0.308213019,0.278219034,0.144291594,0.128446454,0.000497151,0.025420852,0.24930221,0.205842924,0.173921282,0.331000896,0.201559282,0.153797433
1736,0.064502539,0.328275203,0.2304993,0.036983986,0.259559359,0.170028298,0.324554489,0.367565839,0.240186325,0.292645128,0.022636339,0.224102182,0.302135991,0.19870486,0.237420036,0.359579274
1737,0.079239829,0.039298603,0.276257445,0.329139562,0.340196075,0.256657799,0.333285367,0.280265682,0.034950766,0.304817403,0.071743876,0.094643737,0.157860251,0.125826827,0.128660695,0.06770381
1738,0.117548419,0.007865036,0.189164379,0.307436384,0.344898948,0.328171424,0.166583088,0.292170592,0.11515631,0.022224989,0.27038861,0.259518466,0.320651758,0.246442483,0.06275665,0.341264957
1739,0.250901115,0.32304388,0.309642848,0.119145795,0.02982119,0.070601764,0.037144934,0.097364973,0.183812909,0.362724242,0.348807502,0.287439926,0.009644944,0.136555681,0.272939371,0.051611559
1740,0.32043514,0.365829472,0.141641779,0.282337225,0.059281653,0.27632658,0.008582165,0.060308603,0.283952579,0.284740089,0.256465082,0.19094561,0.269963236,0.309520319,0.386592664,0.355456413
1741,0.317813681,0.277903007,0.229662218,0.048243529,0.066222737,0.328111824,0.321325165,0.24578357,0.175536053,0.01041306,0.130870777,0.168255863,0.194326514,0.371729839,0.04348376,0.207546768
1742,0.147168919,0.396039248,0.344745607,0.175514342,0.399878244,0.205625299,0.066847119,0.222349877,0.090482306,0.254525136,0.37497607,0.314479431,0.109265476,0.11874345,0.027715281,0.114347134
1743,0.03704992,0.199779488,0.283338832,0.300472465,0.023811693,0.135982359,0.115268707,0.041720129,0.144988524,0.119728044,0.253799692,0.353321065,0.181936688,0.298666069,0.058404147,0.357986551
1744,0.061037895,0.076840472,0.042585521,0.123871801,0.220964179,0.395197645,0.317347214,0.152174321,0.230338423,0.249323212,0.329090888,0.294580714,0.227716451,0.267673211,0.298367044,0.053257624
1745,0.080182185,0.275433716,0.340170225,0.163704913,0.391956129,0.086428693,0.166679713,0.151409217,0.372118376,0.114151407,0.188316311,0.074893536,0.208506495,0.342961668,0.121615785,0.324316829
1746,0.364524633,0.029183156,0.302569815,0.102137374,0.070131065,0.240448957,0.282241046,0.157904394,0.015669483,0.36348181,0.292298767,0.108666723,0.198745542,0.011117116,0.135713113,0.209014094
1747,0.206889446,0.083273951,0.310698946,0.119544863,0.232164009,0.10860889,0.170067149,0.08300585,0.253203117,0.170233744,0.006446922,0.011265998,0.188453727,0.073290347,0.234016819,0.163276713
1748,0.261767934,0.38095807,0.211494454,0.314951441,0.301216399,0.368716442,0.085607147,0.330930788,0.362208151,0.157105192,0.125526478,0.380814364,0.251053129,0.152270594,0.316731088,0.121789561
1749,0.070563034,0.217587854,0.226484818,0.330298593,0.182810942,0.325834616,0.124529072,0.230147281,0.083389112,0.15417838,0.343015879,0.086395277,0.324095785,0.113148663,0.013795888,0.043973828
1750,0.298351818,0.104828371,0.261658237,0.279679561,0.138047386,0.189967595,0.161506836,0.378939599,0.127979545,0.073329217,0.146237137,0.267806283,0.278945076,0.369622926,0.352701794,0.115328208
1751,0.1820653,0.298907595,0.366614912,0.134866005,0.177776574,0.359791308,0.143393549,0.192205194,0.361801656,0.320897287,0.09737237,0.129918026,0.141183491,0.365095389,0.399573495,0.309601721
1752,0.193730521,0.004069527,0.278995223,0.155744466,0.253194588,0.242677585,0.192332823,0.377754959,0.009258538,0.284852994,0.163935947,0.28551618,0.270087859,0.004095201,0.114135398,0.075636608
1753,0.066794541,0.291390674,0.09582054,0.189895046,0.098795598,0.232093529,0.288229507,0.132429895,0.241208339,0.32994191,0.037689714,0.28426824,0.129257978,0.049059983,0.218261683,0.090504928
1754,0.328544717,0.017158364,0.039461159,0.20839845,0.235576714,0.291954666,0.103704291,0.336704163,0.381256936,0.199615721,0.304212546,0.209939342,0.027786812,0.130444605,0.034994676,0.395551648
1755,0.091610365,0.254360168,0.113738041,0.261298486,0.084160676,0.314108026,0.044324641,0.35806016,0.336168677,0.271522937,0.026965851,0.083427611,0.343744638,0.048789774,0.062372839,0.21760133
1756,0.109670976,0.08883028,0.230325373,0.149030671,0.056223959,0.213941507,0.154804961,0.29380671,0.041102177,0.248245298,0.174597331,0.16242475,0.092915075,0.012170411,0.339075678,0.130564034
1757,0.272436416,0.37903496,0.225996119,0.158858761,0.107309427,0.373617517,0.272830727,0.266112557,0.17046333,0.338019485,0.285468875,0.113273309,0.239831464,0.172077582,0.002636065,0.323049373
1758,0.04913214,0.203981802,0.134490477,0.136835616,0.190945953,0.398809242,0.163351872,0.072931692,0.245442535,0.094515083,0.042219655,0.020069669,0.00915251,0.172465859,0.170690312,0.07421816
1759,0.313607622,0.051708251,0.366126877,0.235030391,0.01104655,0.38518905,0.123176504,0.179989984,0.113707477,0.291368519,0.194272088,0.052949184,0.041681581,0.290150165,0.094832562,0.05511735
1760,0.199771039,0.321106115,0.111513098,0.110572645,0.333552504,0.059133518,0.246691037,0.382005393,0.33652126,0.024726094,0.127964351,0.056949786,0.379696255,0.394376626,0.093997208,0.267879618
1761,0.336652693,0.093472114,0.075072254,0.004484409,0.164784983,0.359774985,0.36119186,0.051097251,0.081740992,0.163218932,0.312249818,0.244740593,0.205539897,0.236772754,0.038479878,0.191065457
1762,0.396825316,0.035378459,0.207698671,0.118259705,0.215965319,0.229527504,0.230989159,0.340883514,0.155898966,0.206541665,0.00437136,0.315820241,0.103795083,0.32662201,0.106255467,0.004315399
1763,0.061932527,0.394273161,0.127920498,0.043529561,0.047503521,0.124137086,0.015058016,0.204595435,0.085496366,0.207724257,0.056305687,0.171942892,0.239166743,0.024799975,0.159499724,0.121009528
1764,0.096143927,0.24181385,0.235416794,0.252279923,0.063553068,0.114283698,0.083871511,0.216201442,0.184426276,0.132117495,0.314405924,0.037589498,0.389958676,0.046617631,0.309228325,0.147292076
1765,0.346104892,0.02966798,0.149888684,0.134177363,0.397262815,0.394219598,0.075921583,0.251978784,0.214207768,0.061749396,0.067111882,0.395700691,0.181091997,0.050320517,0.085916015,0.107339227
1766,0.204366905,0.134219252,0.182004714,0.06659982,0.130691476,0.028126637,0.355884109,0.079500991,0.302760054,0.139820715,0.189758928,0.116504416,0.278576508,0.337818568,0.114508074,0.096887057
1767,0.272576106,0.078061224,0.255935906,0.037771232,0.248054864,0.205362694,0.045562286,0.259641454,0.178622863,0.08684602,0.141353662,0.196840842,0.036621691,0.383043793,0.266224862,0.041013993
1768,0.329144874,0.129021972,0.238719815,0.110857137,0.293362378,0.28920359,0.220817383,0.096370237,0.101481523,0.153145119,0.058004867,0.135062285,0.27374184,0.332338112,0.133032916,0.093436103
1769,0.333057031,0.356281611,0.164008609,0.010761662,0.277984648,0.313613294,0.007209701,0.238012341,0.235347503,0.151483163,0.29990693,0.171271615,0.270710381,0.206846922,0.099385842,0.242600345
1770,0.294763398,0.389562269,0.152043579,0.025789018,0.395188488,0.249522664,0.378580183,0.041530834,0.136813536,0.05357468,0.334204062,0.352137097,0.20052468,0.074642487,0.050847588,0.235265644
1771,0.20255053,0.277915641,0.122082905,0.160947198,0.00854443,0.244057218,0.169257409,0.367905854,0.256714519,0.159477797,0.105435672,0.362113977,0.00650603,0.130764987,0.377402234,0.261613203
1772,0.213087629,0.081413887,0.33334991,0.081679625,0.099301413,0.076740457,0.063259784,0.381324998,0.240812638,0.255134853,0.381730186,0.092230022,0.002367015,0.23955346,0.203137941,0.191060151
1773,0.024752084,0.181773947,0.115023826,0.109825871,0.088952632,0.133011344,0.14125323,0.123510311,0.391501086,0.373092434,0.22980404,0.392421935,0.396479204,0.142375884,0.178075018,0.383624711
1774,0.24345048,0.085171633,0.275752267,0.082298473,0.135743097,0.091024065,0.097992086,0.001862233,0.352283533,0.118396198,0.034549752,0.034794962,0.222407311,0.39716822,0.058008987,0.039848712
1775,0.175321552,0.225332502,0.117752144,0.121008837,0.169790601,0.125658246,0.366132633,0.016781829,0.093828064,0.323421118,0.33358325,0.044622032,0.38950538,0.27734194,0.109037222,0.182415146
1776,0.118855448,0.0600089,0.116471226,0.232036775,0.330387878,0.14541163,0.139160616,0.18720028,0.25782224,0.300646505,0.130719802,0.234540987,0.155744337,0.28655994,0.065869968,0.102769946
1777,0.170424168,0.355765916,0.229330316,0.386158448,0.041311074,0.184070165,0.167631412,0.240082471,0.324785843,0.33657921,0.268077843,0.256614546,0.379611817,0.153474961,0.333113326,0.368601491
1778,0.196615698,0.291641031,0.150807943,0.063551606,0.234601553,0.07858866,0.183039652,0.349151725,0.034407275,0.012171414,0.242591139,0.132424531,0.167175083,0.162284235,0.034648092,0.001426573
1779,0.359369297,0.087119424,0.170431597,0.388770319,0.330705033,0.043172342,0.203407613,0.292031611,0.279357114,0.304336741,0.182981862,0.070369172,0.185948978,0.2591549,0.243436835,0.028208822
1780,0.025980974,0.386103132,0.060722182,0.117784986,0.307053793,0.16387083,0.072585941,0.186892953,0.227579988,0.181106644,0.36757843,0.113879718,0.264532864,0.044917889,0.156914183,0.296397301
1781,0.089926776,0.235908418,0.061374812,0.041080677,0.2092931,0.270004398,0.045346826,0.367110501,0.090308905,0.047990123,0.081079563,0.067828983,0.03626986,0.319135694,0.19821511,0.155407776
1782,0.380251171,0.148403355,0.06678909,0.109617157,0.095586613,0.199496512,0.11660205,0.206424469,0.26771737,0.310919514,0.284063113,0.082236287,0.046359888,0.216980064,0.079564716,0.033973489
1783,0.210837737,0.130717674,0.302459605,0.125676652,0.391486855,0.303409277,0.023077289,0.203549096,0.2250482,0.278121084,0.199118719,0.193377439,0.147175445,0.108584554,0.378480085,0.127038668
1784,0.02536853,0.066913896,0.342910654,0.234653384,0.31151222,0.323512618,0.329294576,0.220245483,0.070848238,0.059293101,0.229593768,0.146605741,0.223219296,0.199391138,0.240879232,0.012844716
1785,0.013134672,0.288638068,0.077250898,0.260879385,0.218630364,0.392717789,0.334162352,0.165253809,0.246565128,0.046915783,0.154554417,0.293555096,0.249068634,0.19378853,0.070611642,0.32125837
1786,0.109266642,0.328191633,0.244643625,0.149092571,0.016242089,0.092967538,0.35562837,0.327189738,0.229941325,0.186528986,0.258857072,0.186499251,0.257721936,0.12296164,0.335398887,0.280767157
1787,0.131990251,0.332266446,0.194937012,0.069855546,0.031084985,0.279842299,0.346048322,0.322976795,0.262260412,0.056550022,0.03761763,0.138011849,0.341964356,0.384694508,0.096544342,0.304838268
1788,0.229547687,0.012722947,0.21716654,0.322376161,0.110449113,0.35894465,0.094504163,0.030589253,0.063975724,0.334801147,0.166922368,0.318778225,0.212493224,0.19222365,0.322765261,0.169395045
1789,0.320813092,0.040264866,0.254524326,0.281034823,0.359638958,0.089729567,0.241687952,0.173302625,0.153108662,0.042685422,0.053693332,0.334795385,0.299901373,0.152936452,0.331394633,0.032306474
1790,0.249909567,0.347270421,0.335545692,0.149113104,0.298093541,0.170987258,0.336055266,0.21230478,0.30594282,0.031428633,0.236010389,0.220113671,0.243990689,0.278256643,0.367243588,0.314272833
1791,0.087855197,0.330358508,0.048831871,0.248879434,0.353101523,0.040448822,0.339877061,0.319448294,0.201510174,0.123559041,0.162175291,0.387463254,0.080679022,0.231841715,0.033296299,0.087157226
1792,0.305326555,0.121039616,0.394306428,0.200326817,0.20661573,0.014525896,0.3826107,0.069693376,0.21533624,0.158269844,0.16623388,0.257320066,0.264835471,0.061715446,0.199834661,0.31619098
1793,0.177314593,0.066321788,0.125286777,0.084951826,0.050326987,0.151032451,0.216374497,0.02910061,0.241529349,0.397209776,0.385649973,0.331669393,0.106536445,0.008963039,0.333416681,0.022288093
1794,0.082251233,0.217781286,0.071351216,0.333515333,0.310863879,0.302307802,0.326451046,0.087880712,0.29155695,0.142112601,0.266737904,0.048808691,0.282234632,0.388843091,0.017440146,0.03753156
1795,0.049454707,0.172225562,0.116312074,0.322768061,0.189514896,0.193814937,0.286815241,0.144787593,0.141282899,0.302770555,0.312016698,0.005759509,0.05751619,0.085239272,0.140640188,0.116579233
1796,0.267408019,0.331254094,0.076834793,0.225192024,0.1471265,0.20231115,0.248303137,0.357439927,0.076917067,0.034802635,0.250884768,0.15765234,0.065161077,0.046834867,0.223563915,0.120188238
1797,0.398970552,0.162360328,0.084914644,0.251539618,0.097701956,0.197634417,0.193030473,0.181423052,0.318434279,0.086645201,0.361722922,0.316536201,0.133248946,0.072241003,0.11181401,0.133054499
1798,0.222773268,0.018547268,0.365743652,0.039469943,0.111709358,0.043714975,0.102669131,0.335069527,0.246070325,0.09092929,0.348703412,0.320284824,0.301459713,0.339053079,0.247859873,0.200574944
1799,0.14957401,0.089505608,0.222964663,0.355796938,0.237592716,0.367842745,0.142766948,0.278055189,0.259466189,0.268173538,0.258016805,0.08866187,0.057436359,0.391451302,0.018118052,0.187094595
1800,0.170032127,0.144007583,0.312793541,0.298140115,0.362089969,0.15819501,0.225671811,0.356922819,0.397539225,0.387717745,0.287137549,0.057291023,0.009274405,0.330087343,0.33637681,0.298544363
1801,0.111969394,0.255927144,0.126499377,0.180259298,0.152974034,0.365456035,0.093662932,0.231044362,0.144392612,0.265228445,0.225825256,0.369591073,0.040644861,0.088256336,0.306539186,0.147514736
1802,0.066313514,0.201328504,0.260856825,0.017930686,0.116648756,0.323769015,0.208097827,0.014151686,0.112780402,0.255656262,0.079743788,0.330956562,0.270630363,0.188551624,0.366249512,0.156720308
1803,0.094029364,0.264561197,0.229318075,0.13409916,0.137465825,0.159284123,0.116455427,0.284096563,0.260543362,0.176311061,0.15914187,0.146020508,0.113387329,0.034278665,0.107281874,0.128480539
1804,0.219073603,0.309515404,0.158280858,0.377902762,0.330939985,0.393920739,0.350481216,0.24669038,0.239391715,0.051810451,0.2889597,0.240082743,0.202772841,0.277314749,0.177619137,0.209543865
1805,0.159340922,0.286948357,0.350644388,0.336337976,0.314410109,0.005515082,0.364752186,0.109950288,0.355189577,0.078787241,0.175858301,0.299759518,0.256111578,0.166368775,0.271449543,0.219579804
1806,0.110294523,0.258531778,0.081698835,0.277595314,0.001244351,0.219509006,0.160427051,0.12124151,0.206283187,0.258124653,0.386124906,0.333225796,0.286859953,0.191586765,0.156857648,0.013011862
1807,0.143638761,0.339350855,0.153609833,0.184634,0.10873377,0.109653104,0.024748704,0.24552157,0.179227761,0.242384323,0.21875476,0.319537835,0.300404765,0.308581541,0.199695603,0.141552541
1808,0.373374636,0.021707909,0.061048523,0.167839637,0.245583061,0.00328015,0.287729128,0.223490617,0.193881103,0.169398016,0.207794813,0.064714294,0.043484696,0.115854992,0.283801917,0.235315154
1809,0.192049207,0.228608386,0.223703205,0.12281677,0.038982379,0.358712947,0.239964505,0.2790992,0.18559889,0.302592232,0.233798906,0.021520449,0.356038814,0.122214459,0.055156311,0.035216403
1810,0.288176126,0.281587347,0.28006485,0.366301109,0.139577209,0.224453223,0.247798233,0.391792731,0.124938457,0.38253248,0.059493733,0.305600582,0.25315436,0.326758415,0.011474229,0.031252417
1811,0.027878312,0.237183782,0.241174427,0.362441956,0.187041406,0.027219622,0.083811761,0.003229238,0.31068581,0.326239775,0.399176167,0.16487778,0.00771935,0.093891953,0.235107547,0.384777187
1812,0.041431421,0.048629208,0.280703594,0.266882822,0.100202542,0.325257916,0.051511502,0.370296738,0.080412772,0.032540949,0.135808835,0.075136515,0.21077649,0.274738615,0.196368631,0.264242933
1813,0.145968206,0.011169039,0.38962565,0.327765402,0.02936753,0.179670558,0.254007628,0.076237708,0.231195445,0.213459447,0.083306075,0.056484124,0.303584916,0.129034578,0.097616214,0.295151341
1814,0.294427477,0.110560663,0.349027385,0.275300066,0.138305687,0.17099586,0.290683874,0.084633533,0.187504317,0.261423337,0.215799419,0.243331338,0.218485,0.079690978,0.164082138,0.212794198
1815,0.312025097,0.261561695,0.170636378,0.389759933,0.043118209,0.082721947,0.136525044,0.091428831,0.250176799,0.015820292,0.070974714,0.117338895,0.27333831,0.350345953,0.319396708,0.072832373
1816,0.226162303,0.012009058,0.12421471,0.322393518,0.182666285,0.059976529,0.175421353,0.07921317,0.157276583,0.195133389,0.139823245,0.37478758,0.225012119,0.33715707,0.304291419,0.264466524
1817,0.198755499,0.000869514,0.24538704,0.142382981,0.047104867,0.177850505,0.294221329,0.384671118,0.149641956,0.217089319,0.340497753,0.133599768,0.056902898,0.112752732,0.359649132,0.063757243
1818,0.131688424,0.185856124,0.338845289,0.375085313,0.170324124,0.372781619,0.064583638,0.062740917,0.379700328,0.203872053,0.074363134,0.195196148,0.313284462,0.330768146,0.345587703,0.227828361
1819,0.346778406,0.204012084,0.242823961,0.303487921,0.170174117,0.029432595,0.140066543,0.249577687,0.076932948,0.059354145,0.117232218,0.012844585,0.297369159,0.103486241,0.049695359,0.279651766
1820,0.337171205,0.007950238,0.093439908,0.37809293,0.154101654,0.375436825,0.109685015,0.087227054,0.085643365,0.034091464,0.358572915,0.391934009,0.381803523,0.340811256,0.338755163,0.264434187
1821,0.330485485,0.083336946,0.155165052,0.256334517,0.349908533,0.264187785,0.335608783,0.189579806,0.286921495,0.391992323,0.061395423,0.370768277,0.208945579,0.257287212,0.351147603,0.163861669
1822,0.16747703,0.210872735,0.007640834,0.198666472,0.116434906,0.371181673,0.03509412,0.183728185,0.378987268,0.3604141,0.280539377,0.235744421,0.112292375,0.146782845,0.036053946,0.314443319
1823,0.129547907,0.26711276,0.143037911,0.185732177,0.222000989,0.320740963,0.084462551,0.159506155,0.052032629,0.030304202,0.241869742,0.075636418,0.023919737,0.358839172,0.213725768,0.053851283
1824,0.021370451,0.047944021,0.188534896,0.267386102,0.25651203,0.057769235,0.253395581,0.16194625,0.185897514,0.320572162,0.132999749,0.058799619,0.349381253,0.08485223,0.117611948,0.282636024
1825,0.273420127,0.320160009,0.073546657,0.140911957,0.050353296,0.216415659,0.117028237,0.275574256,0.000137747,0.023873199,0.17302412,0.383273662,0.356340555,0.397603611,0.16673209,0.018627395
1826,0.122382457,0.270308341,0.054065524,0.119988872,0.022466466,0.189986815,0.083568271,0.036499211,0.164486324,0.140490162,0.215007095,0.299615462,0.045027495,0.316450236,0.010515992,0.177240761
1827,0.234972115,0.382799469,0.229569211,0.063499677,0.207016722,0.158313579,0.191742227,0.078838806,0.200330817,0.060015906,0.297617232,0.237562504,0.031411077,0.355845787,0.246551842,0.126442822
1828,0.01825696,0.252890678,0.149376105,0.363047242,0.013951133,0.015640974,0.379719715,0.385949578,0.011096891,0.286413294,0.088597941,0.280557107,0.347493119,0.040332592,0.095506567,0.009631067
1829,0.017531938,0.011847143,0.320272943,0.119317071,0.197284576,0.315137705,0.197977465,0.171678425,0.004629283,0.227215801,0.049897231,0.305859296,0.10309509,0.269674964,0.258489411,0.246670241
1830,0.106780803,0.106835911,0.345219217,0.005122933,0.072609053,0.244068367,0.326818502,0.143338203,0.261377383,0.222862568,0.025816042,0.248700079,0.325561389,0.396979328,0.011856029,0.264023269
1831,0.165819821,0.003915155,0.245744377,0.048970919,0.15142674,0.104546837,0.144465361,0.197078233,0.143683813,0.221092748,0.095459876,0.254144707,0.341505202,0.089626819,0.203150886,0.259475914
1832,0.225850452,0.146259778,0.256879883,0.011298482,0.147962493,0.213044886,0.008245264,0.203059532,0.261701784,0.303683079,0.045349633,0.39622595,0.242467081,0.145277517,0.099637142,0.229158745
1833,0.352684659,0.208226158,0.264588822,0.143078576,0.155260915,0.114470042,0.282254918,0.143675021,0.076286562,0.147760228,0.341530883,0.295300817,0.133856338,0.362723586,0.029933054,0.019901517
1834,0.050988142,0.046581902,0.035133726,0.264537045,0.240336952,0.259042204,0.275346422,0.302751901,0.082870771,0.248921405,0.232019464,0.37746401,0.09294709,0.023489174,0.261398028,0.296069136
1835,0.113278402,0.228339372,0.023814426,0.384017936,0.043969989,0.027028214,0.017644064,0.170908763,0.038863897,0.297859296,0.359549664,0.104087573,0.251509248,0.016935379,0.154625789,0.117176845
1836,0.091447639,0.257889396,0.052091179,0.344284209,0.265934363,0.284294071,0.374137723,0.376949149,0.22066093,0.198151927,0.134152643,0.286228644,0.215283555,0.373150032,0.095450379,0.124101075
1837,0.126436179,0.322399382,0.039616133,0.182259648,0.171032295,0.029255848,0.164318799,0.205351193,0.026041877,0.203944851,0.383695162,0.391565729,0.212671911,0.206038773,0.114203267,0.398846189
1838,0.109691668,0.18116052,0.001173623,0.139692916,0.02857612,0.297529908,0.224405781,0.228868751,0.114604514,0.325958516,0.00130837,0.133440472,0.263798996,0.363169015,0.093846383,0.216440021
1839,0.215196568,0.349669748,0.020206756,0.169790224,0.07298627,0.00861304,0.058812376,0.390588269,0.085939404,0.374012309,0.082101737,0.372518091,0.261848374,0.045287431,0.232766062,0.127405615
1840,0.153261262,0.176068383,0.169082809,0.265643556,0.307347227,0.131671076,0.369745585,0.375386526,0.016276175,0.005963516,0.170026532,0.2362581,0.111161899,0.1037655,0.271333532,0.240681714
1841,0.06685875,0.353800385,0.271990428,0.1450305,0.273449876,0.045061235,0.18730245,0.067593764,0.016572498,0.135330508,0.060294193,0.253407183,0.269627158,0.059476922,0.009845202,0.317124225
1842,0.000822808,0.137565236,0.197833319,0.327456875,0.335423457,0.289975776,0.098879049,0.288074774,0.098615679,0.085843277,0.218851182,0.271541778,0.021220706,0.02400904,0.313668275,0.3437989
1843,0.241776367,0.171531204,0.338126592,0.291526813,0.231837679,0.127902849,0.079198025,0.167469216,0.11472903,0.135703435,0.206252422,0.067637583,0.322470672,0.058211785,0.192397456,0.298388535
1844,0.194008283,0.144408825,0.189956522,0.33946828,0.396172679,0.252457316,0.317377617,0.005795474,0.352145764,0.381619904,0.230067737,0.301521945,0.205097897,0.114481496,0.340899189,0.238734685
1845,0.231753234,0.263652882,0.342401266,0.29276245,0.084449678,0.186729418,0.392119333,0.221824286,0.375298141,0.325347795,0.266409377,0.139746081,0.121727739,0.257368426,0.173024496,0.319501449
1846,0.304182696,0.124852195,0.281091513,0.197820076,0.12931684,0.165186637,0.358140747,0.143807077,0.114959709,0.140722888,0.085847374,0.217853995,0.058974575,0.326977515,0.090232099,0.239222011
1847,0.0500102,0.391381259,0.181830184,0.328868536,0.307459134,0.285477219,0.330945948,0.040185443,0.271398879,0.106330894,0.314348666,0.382747504,0.360595812,0.045980889,0.147820968,0.145729103
1848,0.048918507,0.039250421,0.153956054,0.39682862,0.22757706,0.248712651,0.188407564,0.264932221,0.382664832,0.235479181,0.026015384,0.197156228,0.397100509,0.154961088,0.237552495,0.042654705
1849,0.056472199,0.349872581,0.120137851,0.122180509,0.154885198,0.386591469,0.033756198,0.327505641,0.136623151,0.33978721,0.39670226,0.139466964,0.051742546,0.057750199,0.303496356,0.057968621
1850,0.104168627,0.081759337,0.142271426,0.02974663,0.342696993,0.344058525,0.165173159,0.244835028,0.256780628,0.299703246,0.208276035,0.204134418,0.252521511,0.281219358,0.138676151,0.132148189
1851,0.107887362,0.219538622,0.144062276,0.216125307,0.162393906,0.334693673,0.029252096,0.228884237,0.2302495,0.153486924,0.168408358,0.320052544,0.112269484,0.348561517,0.358537322,0.260247722
1852,0.309143085,0.245179011,0.210103645,0.386671102,0.113061986,0.061660379,0.114994145,0.245850243,0.074073375,0.363525617,0.16440976,0.339985151,0.099694618,0.125267342,0.023689359,0.103107077
1853,0.196125528,0.378454767,0.15556119,0.255897552,0.171084047,0.01871674,0.20141305,0.026365459,0.35347997,0.301214785,0.151460589,0.256087466,0.044811262,0.281021995,0.329092964,0.328698259
1854,0.113711019,0.105498478,0.208559075,0.387108865,0.368209191,0.143855393,0.311931802,0.368527106,0.104370586,0.33211826,0.107158251,0.13731285,0.079528276,0.20283192,0.337324358,0.211220855
1855,0.049376004,0.100710373,0.225144747,0.233274982,0.230762361,0.030801397,0.301478357,0.36377128,0.204207579,0.287531715,0.365606197,0.257049102,0.26973029,0.288561765,0.104200981,0.23307115
1856,0.336870046,0.118465092,0.3588682,0.24815278,0.169269941,0.249273185,0.160743962,0.335214241,0.192927432,0.360485344,0.203923232,0.264147356,0.399097768,0.058786336,0.294691659,0.055548891
1857,0.335546546,0.238581352,0.375263824,0.346382641,0.029948815,0.054921017,0.240468371,0.207325856,0.067426052,0.051743691,0.225596313,0.019568619,0.349494121,0.322833168,0.314147989,0.006398859
1858,0.019056377,0.219935648,0.397770276,0.13692648,0.137749927,0.053711187,0.269734321,0.258670676,0.040528967,0.186964915,0.266829964,0.197406455,0.269745433,0.326508159,0.274326173,0.246445694
1859,0.341436103,0.360235427,0.155554575,0.069299955,0.327144162,0.085501243,0.371580268,0.009151178,0.368508473,0.235673197,0.309896847,0.159397035,0.396686517,0.091020571,0.105737465,0.020572978
1860,0.376189345,0.182411721,0.269940966,0.274976291,0.349800837,0.2659701,0.224808473,0.28412741,0.30038832,0.074371178,0.043866816,0.02993954,0.149621398,0.199200096,0.246259959,0.383213808
1861,0.132315128,0.304349621,0.212543048,0.088035973,0.246122172,0.386870471,0.04972332,0.202911906,0.020643342,0.12848652,0.248241071,0.336422774,0.292131369,0.185142711,0.363689103,0.121085866
1862,0.301593364,0.189603609,0.359454302,0.318973129,0.360587865,0.08569914,0.267260173,0.295385363,0.296965706,0.20160018,0.004500209,0.104572314,0.12932035,0.340814647,0.336354327,0.041872042
1863,0.379934353,0.072982995,0.165743781,0.086062786,0.344132988,0.299760813,0.141411523,0.27275145,0.073746754,0.152918837,0.150843035,0.095174673,0.35052482,0.271538294,0.111975724,0.096848304
1864,0.007181388,0.138632902,0.210708513,0.111084377,0.280183311,0.164699812,0.126527135,0.375623064,0.105120351,0.159303048,0.152916315,0.096479338,0.086990696,0.120952008,0.345694468,0.306833155
1865,0.272399806,0.182841197,0.203101594,0.106855538,0.029726366,0.132416223,0.198233502,0.022925219,0.035293321,0.105210093,0.146832149,0.157326724,0.047154427,0.090328542,0.104658901,0.02705395
1866,0.13043988,0.028888629,0.281383137,0.154419107,0.130700956,0.050608869,0.090601462,0.093082084,0.394081686,0.334139752,0.006104917,0.246734636,0.102364039,0.041750772,0.282239905,0.05264222
1867,0.177496312,0.252866066,0.221797902,0.391051639,0.314297045,0.30967735,0.142238158,0.003358197,0.293764372,0.399892834,0.162351643,0.3942074,0.056683244,0.118604941,0.068290773,0.190070389
1868,0.318792561,0.136264677,0.362491575,0.217932165,0.186169765,0.314814337,0.040577399,0.309500988,0.0971808,0.112325019,0.239781509,0.36077377,0.23136278,0.25957974,0.310637836,0.103729904
1869,0.330893469,0.16718406,0.070262277,0.140047232,0.098452445,0.091485442,0.113025279,0.072372326,0.267080703,0.231996703,0.259376757,0.13748989,0.307893361,0.051843496,0.228454684,0.110181189
1870,0.21104396,0.12945487,0.316204706,0.356508736,0.297032489,0.070233485,0.109946759,0.367743226,0.174888051,0.376472164,0.156980676,0.380709864,0.370295595,0.264210756,0.003530819,0.160133873
1871,0.364494052,0.354044116,0.07495512,0.159672998,0.334203971,0.231151141,0.338919693,0.330626954,0.362992803,0.046888235,0.058086057,0.033123612,0.374107536,0.190064954,0.025730113,0.128611961
1872,0.140565056,0.323823929,0.294190757,0.27575482,0.008745421,0.364278319,0.086222107,0.251624562,0.024727617,0.032610437,0.003830918,0.226371058,0.251751868,0.020184921,0.116193954,0.340581766
1873,0.040523347,0.086618866,0.169756483,0.336909641,0.101939622,0.398854806,0.142104725,0.154579463,0.048842482,0.27207916,0.097386073,0.251547038,0.089263091,0.155148907,0.342668837,0.295562365
1874,0.06183636,0.243083267,0.251456261,0.036227389,0.186322262,0.104267358,0.186852057,0.310828397,0.063303824,0.049321682,0.107726598,0.38091018,0.299129684,0.007782345,0.160401937,0.102959192
1875,0.255257827,0.183716981,0.38579941,0.08759138,0.235142566,0.280084006,0.330225796,0.162788412,0.274768763,0.121280589,0.174190437,0.358250852,0.379963044,0.287526939,0.149740756,0.328023116
1876,0.010346833,0.041098364,0.264549495,0.11649943,0.380554487,0.174424245,0.171745928,0.271231804,0.307027425,0.190223495,0.085600361,0.309323457,0.12814051,0.070044308,0.252656076,0.036181467
1877,0.38854107,0.252958906,0.394358208,0.135557369,0.388482064,0.058224899,0.016277909,0.013193624,0.185948148,0.033201679,0.204867154,0.131000201,0.134251597,0.254243599,0.065239202,0.306621348
1878,0.232812368,0.365977852,0.145936262,0.393085997,0.230331059,0.389360782,0.010824262,0.291190529,0.32664861,0.021269315,0.231587866,0.320776917,0.22441549,0.025525436,0.277378896,0.024238766
1879,0.326987558,0.017213673,0.054958952,0.110043036,0.253345917,0.39054364,0.047129141,0.057083068,0.147548159,0.334487655,0.186892381,0.12864424,0.224481533,0.104209279,0.160463963,0.13304206
1880,0.321656409,0.369702291,0.303828877,0.17563343,0.201733991,0.050029478,0.298745884,0.238590272,0.360975998,0.080244457,0.303890449,0.273868665,0.106338214,0.266951456,0.369749352,0.367374395
1881,0.28785063,0.019229245,0.348905735,0.263111443,0.124173701,0.074900145,0.046481545,0.02009476,0.301641299,0.0943372,0.009701174,0.158908261,0.193042832,0.067692092,0.017619334,0.075650193
1882,0.271641105,0.032897471,0.222014812,0.058564795,0.078275669,0.157231153,0.040330134,0.069281401,0.139580965,0.131867602,0.299708594,0.029912922,0.344180294,0.326492868,0.306396656,0.123748945
1883,0.329152714,0.073120832,0.049763682,0.017982533,0.375724145,0.123204359,0.367047152,0.109045425,0.363026384,0.361571621,0.369470418,0.198461376,0.346378515,0.380306358,0.129846777,0.167549762
1884,0.287696075,0.120143929,0.301523724,0.029556858,0.209399354,0.048925394,0.117329391,0.103450157,0.335572829,0.077406902,0.323379168,0.317584138,0.199553222,0.093537302,0.090758536,0.185969859
1885,0.003523603,0.212540302,0.38111181,0.061882753,0.229338249,0.384711475,0.344208856,0.340152047,0.328739972,0.123609442,0.356246733,0.37653614,0.198316969,0.141828419,0.165691606,0.133682577
1886,0.084967377,0.247379388,0.225038754,0.185034028,0.038338155,0.318757186,0.069973425,0.045824817,0.249228558,0.159457744,0.02392339,0.142227342,0.308712141,0.246099682,0.145114409,0.076721917
1887,0.252718248,0.35502212,0.258509087,0.325161542,0.208611135,0.287188443,0.35849071,0.309271591,0.363941581,0.172455841,0.361688102,0.248626894,0.348019506,0.015750612,0.263140953,0.339190032
1888,0.069680813,0.264714773,0.329981886,0.115179748,0.162098531,0.227807087,0.207667076,0.015675757,0.039468839,0.040186632,0.104907162,0.098345645,0.296888954,0.229097754,0.305590434,0.027958423
1889,0.194085695,0.129510232,0.339975724,0.283115663,0.347703388,0.018570849,0.288329396,0.216003341,0.330000012,0.202864236,0.216083631,0.020706952,0.267409146,0.10925595,0.007877569,0.026574865
1890,0.382914244,0.138430916,0.347230251,0.383870894,0.377306876,0.352690096,0.357937565,0.115603218,0.060587956,0.255705025,0.195242237,0.039498687,0.271016526,0.225144003,0.34522696,0.243673518
1891,0.229578472,0.176300689,0.185114828,0.381752491,0.055378404,0.178487527,0.262330894,0.173204258,0.113286251,0.114942948,0.093462419,0.13756128,0.34866991,0.20208982,0.096095491,0.153810687
1892,0.042332165,0.361614296,0.163279133,0.392156482,0.139015509,0.334542419,0.102554125,0.030461157,0.012693345,0.242467371,0.124629469,0.177407952,0.327458814,0.099243234,0.123460991,0.338134474
1893,0.197104909,0.331066067,0.149790401,0.159347992,0.066855345,0.366538341,0.358713478,0.393686806,0.160978851,0.327445977,0.165981493,0.181719516,0.331999757,0.070946708,0.088124374,0.125891296
1894,0.315271613,0.14906062,0.143267283,0.399526538,0.153522457,0.099108215,0.249285471,0.320751981,0.027843133,0.247556892,0.014294182,0.21053294,0.102796626,0.122656679,0.186838386,0.370842984
1895,0.284266923,0.374738239,0.263988402,0.002843099,0.106234079,0.362309031,0.257378208,0.392658895,0.062385608,0.118699133,0.144947064,0.130623127,0.100796612,0.177386286,0.256919249,0.124502769
1896,0.031879969,0.283413011,0.183606622,0.222592922,0.182160263,0.356143001,0.223497999,0.369310736,0.204230137,0.117035265,0.142177035,0.208851717,0.211995775,0.274935081,0.089797949,0.26353716
1897,0.311435203,0.270636796,0.192731244,0.39667226,0.161925264,0.042636246,0.328601686,0.084880488,0.285314229,0.071590513,0.006750956,0.063919442,0.150795479,0.042647299,0.079071634,0.305850511
1898,0.307953443,0.326995291,0.336462095,0.168174358,0.347019864,0.21037475,0.188238847,0.287414532,0.085527365,0.315798951,0.171786331,0.050918166,0.047724765,0.065962698,0.356229094,0.396375129
1899,0.14278952,0.116857541,0.087508389,0.329526591,0.083682993,0.369636052,0.266940152,0.358851117,0.221603942,0.276271945,0.24778324,0.332478183,0.334344324,0.2359172,0.25300306,0.368750368
1900,0.371946594,0.265699914,0.003101711,0.041764486,0.343177013,0.033885647,0.085407672,0.092218672,0.240093908,0.230653119,0.115767009,0.083044546,0.305812812,0.374182462,0.021122272,0.053272185
1901,0.256865595,0.321776581,0.316475468,0.287873261,0.354971182,0.086939552,0.042916379,0.246145188,0.328910357,0.232817431,0.385198995,0.318225785,0.28031672,0.024102916,0.043096895,0.313935053
1902,0.07929517,0.01153407,0.364304274,0.356322149,0.087393531,0.312082503,0.019191864,0.114023202,0.249466763,0.305271598,0.004159676,0.130483445,0.085738224,0.399512162,0.268392893,0.162268581
1903,0.030261041,0.239468103,0.256680588,0.326562371,0.115430741,0.392571232,0.175786296,0.118377502,0.139379734,0.207834421,0.374680626,0.294063519,0.23084386,0.065124155,0.059741324,0.200878766
1904,0.291483482,0.300404869,0.090365754,0.040039805,0.153784396,0.367269017,0.218146901,0.128039907,0.129455067,0.052834818,0.189289494,0.316545071,0.387423477,0.200638,0.066885966,0.27318016
1905,0.302716537,0.0286799,0.340055652,0.331728956,0.189016422,0.224169007,0.285363225,0.27069925,0.006614391,0.048974122,0.065036222,0.302270356,0.176033425,0.218201051,0.309074975,0.136392908
1906,0.299556091,0.17691971,0.150872075,0.133214906,0.385977926,0.308789364,0.008078376,0.382966195,0.310175852,0.059669886,0.03053525,0.123277637,0.249672612,0.246618676,0.11034005,0.178269991
1907,0.084756062,0.020231474,0.206788187,0.138796454,0.217152973,0.378602929,0.057348125,0.000784807,0.030751285,0.185083318,0.282772812,0.232305441,0.197957843,0.141585252,0.123989669,0.15051447
1908,0.244653982,0.067101582,0.308544833,0.230101296,0.107662551,0.200461185,0.385111475,0.008196612,0.079809056,0.179352096,0.255375889,0.084891307,0.372561579,0.257028805,0.35097278,0.131727172
1909,0.331581574,0.151287687,0.101100709,0.364662136,0.03688739,0.377155518,0.183406082,0.397050189,0.215837861,0.302995269,0.002828407,0.198666728,0.294981389,0.313130808,0.063219433,0.16758838
1910,0.167628783,0.041456323,0.177218203,0.322837183,0.120072295,0.173029809,0.384383474,0.01268323,0.236608707,0.297374437,0.304352974,0.28637521,0.290580577,0.023605066,0.213654648,0.313187629
1911,0.03762602,0.004819969,0.325824733,0.284917755,0.164882567,0.376158573,0.306639238,0.387144377,0.371726104,0.192517441,0.301883591,0.267676556,0.324578084,0.315075361,0.061292788,0.093494213
1912,0.106292631,0.327399424,0.324296682,0.198134139,0.232332904,0.330768861,0.12503744,0.020071511,0.193038575,0.365486858,0.316187304,0.146646921,0.025908544,0.254767802,0.333796318,0.265979427
1913,0.170029866,0.049341445,0.364309698,0.11038333,0.089714815,0.326390666,0.392487975,0.264064103,0.249924196,0.127772348,0.00816538,0.076719146,0.233772175,0.060526585,0.353534323,0.075257875
1914,0.208841781,0.204805298,0.241578252,0.130973628,0.34941368,0.177720614,0.280061431,0.254364344,0.046862433,0.249055741,0.220281071,0.359441625,0.352350655,0.060381915,0.032674058,0.117836888
1915,0.394645143,0.008629511,0.269156896,0.243405494,0.258631312,0.087314356,0.090686938,0.172256833,0.038343123,0.029845284,0.035343781,0.229191669,0.159096743,0.117446712,0.126327752,0.082913322
1916,0.164602134,0.081223228,0.279218417,0.049573005,0.379296834,0.035927576,0.377384286,0.333317989,0.272284848,0.364920662,0.055687517,0.07052591,0.100861037,0.097924611,0.124339308,0.230252359
1917,0.011269045,0.152909038,0.098554051,0.242651939,0.394067732,0.207061845,0.170274096,0.147297418,0.313979688,0.028792373,0.383908206,0.167167154,0.12548029,0.389627247,0.374351545,0.256773656
1918,0.00740295,0.29941399,0.13422296,0.155312092,0.063496852,0.209383234,0.297821038,0.109204447,0.375493163,0.077894742,0.026504936,0.257745549,0.339727493,0.381253144,0.306868404,0.079860005
1919,0.391064474,0.36777435,0.065266969,0.223514331,0.22220697,0.177013911,0.393712532,0.023848895,0.250883563,0.082121449,0.210932482,0.311896309,0.098690721,0.157343819,0.38030723,0.304592295
1920,0.229089274,0.088798955,0.170122175,0.309624528,0.328217231,0.097842479,0.264824084,0.038001197,0.009284923,0.219469569,0.089751942,0.031564812,0.291931325,0.199189835,0.318510804,0.265577696
1921,0.291921976,0.122944233,0.10531033,0.240349957,0.080032856,0.326164846,0.209168068,0.090795973,0.250067293,0.378014294,0.032837891,0.043738083,0.337535659,0.04383751,0.015750148,0.139172232
1922,0.186682354,0.227777775,0.202920093,0.365273825,0.30746724,0.393524102,0.190582169,0.033731844,0.382212257,0.001645265,0.310438406,0.012512812,0.304485676,0.375175576,0.155704119,0.09638594
1923,0.090511661,0.196687058,0.068354814,0.269169452,0.147340943,0.129243797,0.184514231,0.217035001,0.056772105,0.283105346,0.35317884,0.111194766,0.072156361,0.304202169,0.07341669,0.016502064
1924,0.247697288,0.095900567,0.068724164,0.392641097,0.116745993,0.361377316,0.071287506,0.327590853,0.200807549,0.031437908,0.293442117,0.356829349,0.065206796,0.290236097,0.178021008,0.301548181
1925,0.285571179,0.010640092,0.071488414,0.188410897,0.373437669,0.136829383,0.251549388,0.004833498,0.284450769,0.241227305,0.286157899,0.361864245,0.058599573,0.104635838,0.398312357,0.062513583
1926,0.288250803,0.290030364,0.273197498,0.090976236,0.086053625,0.266536427,0.074500074,0.264625333,0.197011313,0.154651547,0.12009294,0.379030773,0.203237463,0.224500785,0.379702434,0.261550927
1927,0.383141171,0.042546696,0.338655853,0.134165851,0.32419501,0.34225465,0.108595154,0.163532247,0.290405742,0.039622252,0.302213414,0.04418917,0.365782293,0.110535717,0.230239739,0.0468614
1928,0.107797262,0.161582017,0.194819551,2.70E-05,0.355462305,0.003069924,0.309473825,0.188231565,0.20955201,0.083306192,0.24294734,0.214892764,0.065694563,0.095247601,0.026761452,0.026513429
1929,0.005510314,0.08818973,0.271864491,0.126486155,0.137093708,0.052762157,0.230188267,0.136857457,0.270526721,0.296583788,0.23387715,0.110427815,0.20344312,0.100772322,0.361165134,0.3065543
1930,0.197202362,0.386182857,0.218702179,0.131414191,0.03818692,0.217498258,0.344166645,0.346687491,0.241826827,0.157375345,0.260118523,0.304856142,0.164649914,0.190501668,0.272246523,0.350661042
1931,0.316404151,0.008956548,0.049748938,0.341111272,0.333529131,0.155522713,0.233711169,0.362337993,0.364623472,0.313237138,0.083835575,0.292113123,0.040439373,0.357575384,0.059659521,0.264939456
1932,0.24409731,0.310759862,0.220631001,0.02382663,0.282338502,0.153261824,0.128114,0.39666942,0.236159906,0.284287629,0.210530455,0.307989058,0.300829094,0.262858446,0.399097225,0.183917414
1933,0.282476939,0.319111185,0.150413884,0.182870011,0.387666907,0.012916407,0.134118262,0.194485185,0.000585997,0.35965084,0.11449776,0.103081933,0.328130478,0.111193291,0.263049038,0.328601258
1934,0.316990739,0.312780295,0.035455028,0.031938787,0.122708014,0.014379152,0.200171895,0.157912827,0.222810365,0.119515415,0.194301601,0.133897906,0.078083237,0.259746672,0.269374361,0.331692677
1935,0.349900713,0.281784762,0.274999235,0.022670266,0.043911697,0.325025084,0.093180505,0.142226024,0.058118941,0.078060787,0.310166894,0.104743848,0.179613987,0.060668549,0.271171963,0.291307894
1936,0.144676927,0.313898658,0.095962661,0.276761545,0.291985833,0.387462951,0.092928666,0.037484192,0.105214169,0.049144879,0.067877723,0.133645805,0.165596299,0.36148969,0.078246309,0.38870359
1937,0.324061284,0.352588556,0.371777596,0.301296479,0.315511933,0.175127319,0.204180094,0.372994171,0.151302365,0.016778829,0.305101754,0.229263005,0.325950385,0.030220507,0.248492796,0.099082355
1938,0.361307438,0.043963976,0.337227709,0.035421701,0.010038942,0.094023772,0.133217816,0.250611509,0.052689839,0.174931973,0.081705441,0.342121329,0.017986603,0.142375091,0.252549632,0.365235271
1939,0.347197369,0.3580768,0.025141317,0.336369305,0.311965031,0.36097266,0.124630507,0.364706043,0.161056434,0.253639874,0.169671596,0.171059372,0.218654808,0.142370684,0.317094798,0.253455494
1940,0.275902305,0.09241392,0.387830115,0.264070439,0.078878346,0.300196097,0.069485641,0.025353959,0.211021358,0.221409582,0.07558623,0.139351578,0.378307718,0.114001293,0.062227224,0.397024783
1941,0.120922215,0.272101469,0.092624073,0.220048479,0.154512795,0.384631704,0.17312235,0.233669674,0.377906506,0.39569372,0.040663346,0.333728285,0.152846598,0.237931482,0.150019232,0.160446482
1942,0.063543014,0.229106583,0.218686378,0.075742315,0.216692172,0.389240753,0.285763438,0.192393024,0.366433594,0.230125743,0.054019199,0.219003859,0.072389246,0.307001935,0.386869686,0.144327434
1943,0.173967152,0.168598587,0.11411999,0.317671986,0.247091333,0.025620623,0.335522534,0.074835292,0.391660465,0.150665256,0.246579859,0.031129448,0.13786531,0.320941583,0.190883397,0.361841393
1944,0.230055376,0.371428878,0.393043963,0.181557824,0.226062629,0.333968257,0.088613202,0.34465183,0.236768056,0.290200054,0.031941609,0.306475073,0.124314762,0.322092911,0.203661015,0.109845734
1945,0.381103879,0.306024959,0.39427443,0.145787959,0.259687853,0.244635471,0.275022696,0.015326626,0.11668773,0.36373503,0.169528022,0.384257472,0.085401269,0.398969589,0.279032364,0.31055737
1946,0.158744469,0.362803249,0.21818516,0.272375352,0.037923309,0.25267228,0.351631595,0.071313291,0.295090374,0.010160304,0.370481207,0.393166846,0.141672027,0.04282954,0.263430547,0.011933806
1947,0.192994513,0.10871167,0.189335622,0.007310206,0.020644873,0.006390332,0.247652748,0.224037167,0.093263199,0.258657252,0.353682903,0.11092884,0.332797523,0.265003654,0.013528177,0.150059958
1948,0.203102886,0.292679676,0.114852223,0.393092042,0.273815896,0.149125471,0.038810016,0.072547104,0.195043104,0.197878142,0.307087506,0.29047065,0.080509215,0.237982648,0.00824872,0.15941896
1949,0.305642096,0.159803437,0.334238496,0.390462116,0.242885041,0.058001631,0.151870883,0.003793342,0.24109037,0.3286274,0.251976032,0.314434492,0.319961571,0.34040503,0.106665513,0.348507409
1950,0.261637599,0.115890223,0.394917886,0.380072957,0.229776393,0.337283351,0.104597795,0.166414799,0.073588704,0.208041057,0.198400572,0.08512529,0.269120677,0.047116118,0.02467658,0.153961987
1951,0.163929911,0.127896243,0.103178655,0.135510538,0.06535023,0.161380988,0.361841349,0.089770752,0.273780442,0.056713804,0.14156265,0.128469912,0.374811758,0.171192822,0.276186378,0.240985124
1952,0.05641203,0.37581618,0.138347717,0.017903342,0.120177483,0.13425349,0.037098131,0.247990963,0.138705682,0.251653843,0.002696225,0.39281936,0.068206543,0.263732395,0.286313721,0.06864334
1953,0.044684913,0.061030877,0.098727302,0.067292847,0.269599771,0.168333281,0.215116638,0.018934716,0.344499585,0.068228621,0.144060933,0.028760656,0.054717254,0.266319764,0.277034801,0.270786194
1954,0.220854715,0.381008666,0.202870864,0.179764812,0.099018226,0.039539812,0.219261972,0.125956075,0.209610153,0.082447631,0.335269069,0.399878884,0.128961404,0.336931043,0.349194455,0.398429516
1955,0.137088052,0.302416557,0.091523601,0.249918401,0.281937028,0.296448277,0.082868867,0.339490228,0.168388744,0.086547807,0.217012435,0.345342852,0.386835164,0.299283129,0.002249155,0.053880304
1956,0.030509595,0.040485497,0.153213982,0.135397326,0.045473993,0.352894141,0.246171031,0.318585324,0.148619756,0.164094407,0.127048484,0.175370645,0.244150905,0.197193603,0.335166802,0.360055667
1957,0.187873541,0.095899192,0.378076968,0.294015457,0.256050834,0.298165493,0.030392713,0.027050531,0.061248261,0.058980387,0.16826819,0.062961633,0.341810258,0.231238772,0.147304759,0.027849015
1958,0.236411118,0.046613128,0.2972881,0.321103239,0.217590503,0.059841144,0.314745089,0.123131116,0.089061257,0.188222656,0.369058497,0.118949317,0.3622314,0.021461323,0.033409482,0.27942441
1959,0.076237065,0.126648273,0.054549192,0.132899308,0.112183998,0.294535056,0.280809355,0.381970871,0.289768674,0.277927101,0.277681556,0.353186982,0.118494693,0.120036844,0.296485524,0.091482055
1960,0.364808002,0.21391269,0.120049971,0.310439972,0.124928252,0.385311327,0.393195684,0.266718497,0.045453556,0.10528354,0.206166785,0.34057898,0.073954599,0.041761384,0.029790993,0.202787025
1961,0.353880388,0.016943697,0.084928614,0.277302806,0.330345374,0.322959812,0.314027223,0.05191992,0.158895033,0.393897865,0.395555029,0.240970957,0.283706882,0.380513519,0.179971144,0.054746743
1962,0.26757955,0.384040922,0.278882438,0.321328451,0.169099522,0.038585262,0.067552835,0.393061932,0.197273727,0.004808236,0.382146912,0.199111965,0.334507359,0.219383257,0.040680913,0.246227833
1963,0.398960111,0.013895113,0.336717679,0.094192318,0.157546489,0.149083805,0.359518878,0.201794476,0.178869715,0.327210044,0.019562854,0.034582526,0.008675543,0.275193162,0.210246455,0.35040885
1964,0.199413161,0.088727829,0.322058949,0.117729542,0.374275913,0.100169555,0.067088261,0.197329597,0.020206047,0.014564691,0.198405818,0.086042752,0.003741055,0.118422765,0.190946942,0.157715481
1965,0.054187786,0.231869931,0.284133196,0.270215665,0.157504769,0.05503846,0.199794709,0.356172702,0.18748914,0.07827242,0.037221321,0.377570655,0.297203764,0.125186789,0.118140962,0.358087395
1966,0.071027294,0.214014916,0.28540171,0.158556141,0.015960937,0.091103525,0.360723255,0.209247587,0.326176499,0.222274217,0.377440838,0.36365363,0.193155217,0.12730961,0.240667515,0.269955073
1967,0.199342037,0.328913288,0.073331409,0.133764732,0.274550543,0.098673546,0.175937898,0.385493419,0.250350389,0.379622894,0.288976561,0.289866708,0.236742869,0.056883438,0.207885716,0.10106648
1968,0.399469022,0.106784776,0.092274337,0.249553262,0.204379525,0.008541165,0.051813272,0.324417177,0.193476782,0.058406086,0.186097025,0.101259633,0.089436584,0.383090111,0.144809811,0.018572442
1969,0.388130669,0.31793583,0.101765323,0.163556734,0.34491583,0.142965408,0.226961617,0.213942748,0.160517819,0.255800761,0.189316295,0.008492197,0.325753243,0.045262313,0.185635972,0.231960316
1970,0.282202422,0.164318614,0.294219395,0.052540034,0.261378219,0.330535571,0.355777589,0.231826598,0.125158079,0.065342605,0.138223501,0.215989749,0.07853209,0.381005962,0.358854172,0.013182878
1971,0.224784719,0.315723516,0.098156784,0.209558493,0.162396753,0.078618506,0.245894954,0.39747687,0.146114904,0.220951603,0.131141873,0.350779447,0.34584108,0.071509355,0.35997955,0.060603484
1972,0.038175984,0.261173846,0.154361642,0.212296237,0.261028313,0.021134895,0.117181268,0.184362525,0.106634964,0.019588554,0.034670629,0.320699148,0.364554704,0.060893321,0.099704783,0.260899762
1973,0.38170871,0.119835884,0.34208545,0.202409858,0.382623456,0.054503465,0.389468959,0.176391451,0.381175356,0.183476087,0.212032854,0.321910004,0.2890514,0.247841328,0.166792009,0.316975347
1974,0.379291333,0.003924359,0.235138039,0.346392372,0.261245015,0.320331703,0.358024442,0.300380406,0.286806961,0.385898357,0.345473863,0.326151148,0.034561344,0.095611953,0.22270241,0.283824042
1975,0.121285957,0.037331245,0.124439675,0.308411672,0.350960412,0.365161459,0.151546672,0.14901543,0.162682988,0.150323788,0.266478643,0.143329305,0.008137575,0.17560984,0.089660826,0.011522855
1976,0.188337181,0.082381824,0.181096726,0.111099995,0.241483548,0.396350955,0.218892768,0.258758367,0.367710303,0.149600167,0.06661938,0.113118913,0.161117976,0.258007073,0.001835212,0.341353286
1977,0.030437589,0.36026206,0.379773808,0.396041118,0.323804074,0.05674221,0.282466817,0.081328516,0.358851134,0.12664237,0.130718391,0.367061318,0.005292428,0.077586461,0.168772907,0.280288627
1978,0.259026466,0.26776475,0.352008811,0.048412165,0.208864678,0.290191076,0.254447377,0.179325648,0.006845834,0.024180906,0.047576531,0.137291101,0.047061381,0.170432925,0.071456796,0.311666479
1979,0.348595047,0.155859003,0.204532706,0.381398497,0.214203102,0.398029286,0.056852397,0.344890568,0.198881201,0.009085644,0.388889177,0.38601916,0.153308336,0.381656828,0.056403857,0.272044056
1980,0.076771595,0.098658895,0.311734975,0.150943234,0.002851001,0.16569537,0.091227728,0.273331965,0.077779479,0.336901411,0.106837205,0.157211303,0.119214744,0.257569339,0.040465416,0.191239749
1981,0.133781926,0.353655185,0.029364837,0.331878026,0.067072191,0.035431064,0.080929143,0.041061193,0.208393579,0.395285981,0.013730941,0.18445134,0.154428132,0.135842566,0.132745444,0.358005103
1982,0.00759046,0.309966555,0.101173272,0.153318204,0.168059965,0.121892702,0.037423545,0.04573234,0.11925245,0.328723621,0.053851061,0.297055933,0.115547892,0.353385974,0.17133139,0.068689325
1983,0.39433778,0.070653808,0.227047928,0.227714591,0.14912538,0.380595437,0.337549825,0.331927824,0.389660774,0.182843735,0.03887431,0.30618237,0.152325032,0.076138061,0.193298937,0.370287576
1984,0.068542808,0.339479526,0.167281977,0.054720792,0.339352922,0.387848136,0.116508286,0.121414484,0.156218393,0.325652146,0.004166879,0.089582621,0.282359924,0.16225578,0.132118249,0.348913156
1985,0.366933568,0.379194488,0.109020213,0.365005044,0.294786222,0.061685899,0.244108011,0.010533928,0.283351262,0.293427009,0.315735403,0.069010022,0.251299976,0.071542674,0.378660033,0.270004277
1986,0.038130339,0.074812892,0.265384039,0.190668198,0.294519066,0.11231552,0.263167015,0.070784067,0.217484105,0.383119837,0.251288893,0.019997447,0.395504855,0.062746532,0.287227641,0.213012016
1987,0.117744275,0.070924194,0.071080946,0.343359872,0.349165006,0.186058209,0.041448585,0.353666042,0.194806594,0.175504969,0.16294281,0.14600567,0.210402161,0.241816491,0.186572881,0.358659265
1988,0.127064491,0.231324743,0.119981568,0.30134001,0.04084844,0.075479599,0.320480564,0.073279038,0.250298538,0.388097381,0.209156246,0.074958579,0.128276418,0.329383231,0.140664365,0.289404544
1989,0.310940025,0.200473139,0.313285354,0.126761202,0.206463859,0.274623306,0.067229259,0.109448787,0.260814641,0.262144048,0.197321059,0.318234143,0.192821961,0.352528906,0.294361372,0.125877945
1990,0.158101603,0.267074674,0.357781048,0.071483493,0.205865415,0.047513769,0.111782062,0.274392544,0.031093854,0.264943433,0.360324448,0.387748116,0.08665288,0.299559183,0.370548179,0.036547724
1991,0.165609443,0.367763907,0.081114999,0.373504274,0.210876828,0.039957233,0.179950927,0.130504478,0.112881664,0.21659023,0.193437076,0.192786864,0.035256692,0.320927272,0.192575726,0.328362331
1992,0.329837857,0.12685413,0.001738522,0.364498271,0.304277877,0.042900783,0.280690814,0.008009307,0.011103628,0.210329296,0.038414972,0.385734609,0.357532491,0.259924812,0.025483588,0.129934103
1993,0.148689199,0.192351934,0.06756115,0.231004657,0.174308259,0.378918785,0.374478092,0.226189582,0.257739734,0.055118587,0.089329296,0.360286162,0.279666369,0.075772079,0.228084122,0.3739045
1994,0.138068442,0.07432815,0.376810111,0.184506144,0.166896799,0.10702688,0.356634118,0.338246707,0.16119616,0.012245312,0.178660572,0.072343207,0.057093628,0.157237445,0.039630775,0.382985803
1995,0.019015673,0.160547851,0.065081081,0.275524529,0.03152458,0.21872223,0.309240598,0.380023934,0.279411025,0.039796703,0.03540822,0.292639219,0.086131762,0.178895723,0.390648441,0.327962719
1996,0.338637343,0.344307962,0.247818136,0.29757357,0.143584366,0.399378491,0.111848868,0.236002961,0.112824671,0.04482842,0.227034326,0.141339468,0.233287707,0.223471391,0.216902692,0.049320449
1997,0.17607231,0.324801576,0.126057398,0.177532602,0.197532636,0.345092525,0.262239908,0.040081014,0.346068394,0.33282639,0.301458392,0.186423207,0.303018153,0.191496825,0.294649414,0.352044066
1998,0.356216634,0.18183143,0.343737072,0.040582952,0.040727767,0.219306779,0.260737847,0.06119751,0.188872018,0.037745067,0.240839794,0.342037615,0.29505559,0.151316621,0.397517519,0.265173991
1999,0.326099374,0.267878955,0.395766516,0.328543907,0.207769287,0.146751825,0.272861932,0.236088724,0.251740236,0.137204707,0.171491368,0.22323863,0.335713361,0.305163567,0.047462348,0.0982217
